TenantId,Selector,Property,CleanProperty,Value,CssUrl,IsS500
47eaa5df-c2ed-4af0-80eb-fda4cd6ed64c,.ext-button-item,margin-left,margin-left,,,No
396a5f5f-4bee-4dd0-aea6-809ef5dc4ac7,.ext-footer-content.ext-footer-item,margin-left,margin-left,,,No
396a5f5f-4bee-4dd0-aea6-809ef5dc4ac7,.ext-footer-content.ext-footer-item,margin-right,margin-right,,,No
eddefb6c-0150-49d6-9239-6a79cde6cac3,.ext-sign-in-box,margin-left,margin-left,,,No
eddefb6c-0150-49d6-9239-6a79cde6cac3,.ext-promoted-fed-cred-box,margin-left,margin-left,,,No
eddefb6c-0150-49d6-9239-6a79cde6cac3,.ext-promoted-fed-cred-box,margin-top,margin-top,,,No
2f59b096-90b4-4537-8a44-2922502b40f7,.ext-text-box::placeholder,opacity,opacity,,,No
2f59b096-90b4-4537-8a44-2922502b40f7,.ext-label,margin-bottom,margin-bottom,,,No
2f59b096-90b4-4537-8a44-2922502b40f7,.ext-error-message,margin-top,margin-top,,,No
2f59b096-90b4-4537-8a44-2922502b40f7,.ext-header,margin-bottom,margin-bottom,,,No
2f59b096-90b4-4537-8a44-2922502b40f7,.ext-footer,margin-top,margin-top,,,No
cba0d0bd-27ee-4530-8654-65b8381e174c,.ext-banner-logo,margin-left,margin-left,,,No
cba0d0bd-27ee-4530-8654-65b8381e174c,.ext-banner-logo,margin-right,margin-right,,,No
e3c16110-342a-4635-9f44-942057bba93d,.ext-banner-logo,margin-left,margin-left,,,No
e3c16110-342a-4635-9f44-942057bba93d,.ext-banner-logo,margin-right,margin-right,,,No
f8ab8ee4-051e-4ba8-b0fc-352568a52c6b,.ext-button.ext-secondary,margin-right,margin-right,,,No
0f7c1253-284e-48be-807b-e9053658dfab,.ext-banner-logo,margin-left,margin-left,,,No
0f7c1253-284e-48be-807b-e9053658dfab,.ext-banner-logo,margin-right,margin-right,,,No
0f7c1253-284e-48be-807b-e9053658dfab,.ext-banner-logo,margin-bottom,margin-bottom,,,No
2bde6fb0-1d32-4ab0-a190-84c00c951f09,.ext-sign-in-box,opacity,opacity,,,No
cf1f09f4-cd3d-44a3-aec2-a1bbfbf1672d,#lightboxTemplateContainer > div.outer > div.template-section.main-section > div > div > div > div > div:nth-child(2) > div > div > div > div > div > div.table-cell.tile-img.medium,position,position,,,No
285eb44a-b85f-4264-a40f-a22ade6d638b,.ext-footer-content.ext-footer-item,margin-top,margin-top,,,No
285eb44a-b85f-4264-a40f-a22ade6d638b,.ext-footer-content.ext-footer-item,margin-right,margin-right,,,No
285eb44a-b85f-4264-a40f-a22ade6d638b,.ext-footer-content.ext-footer-item,margin-left,margin-left,,,No
285eb44a-b85f-4264-a40f-a22ade6d638b,.ext-footer-content.ext-footer-item,margin-bottom,margin-bottom,,,No
285eb44a-b85f-4264-a40f-a22ade6d638b,.ext-footer-content.ext-footer-item,margin-top,margin-top,,,No
285eb44a-b85f-4264-a40f-a22ade6d638b,.ext-footer-content.ext-footer-item,margin-right,margin-right,,,No
285eb44a-b85f-4264-a40f-a22ade6d638b,.ext-footer-content.ext-footer-item,margin-left,margin-left,,,No
285eb44a-b85f-4264-a40f-a22ade6d638b,.ext-footer-content.ext-footer-item,margin-bottom,margin-bottom,,,No
285eb44a-b85f-4264-a40f-a22ade6d638b,.ext-footer-content.ext-footer-item,margin-top,margin-top,,,No
285eb44a-b85f-4264-a40f-a22ade6d638b,.ext-footer-content.ext-footer-item,margin-right,margin-right,,,No
285eb44a-b85f-4264-a40f-a22ade6d638b,.ext-footer-content.ext-footer-item,margin-left,margin-left,,,No
285eb44a-b85f-4264-a40f-a22ade6d638b,.ext-footer-content.ext-footer-item,margin-bottom,margin-bottom,,,No
285eb44a-b85f-4264-a40f-a22ade6d638b,.ext-footer-content.ext-footer-item,margin-top,margin-top,,,No
285eb44a-b85f-4264-a40f-a22ade6d638b,.ext-footer-content.ext-footer-item,margin-right,margin-right,,,No
285eb44a-b85f-4264-a40f-a22ade6d638b,.ext-footer-content.ext-footer-item,margin-left,margin-left,,,No
285eb44a-b85f-4264-a40f-a22ade6d638b,.ext-footer-content.ext-footer-item,margin-bottom,margin-bottom,,,No
285eb44a-b85f-4264-a40f-a22ade6d638b,.ext-footer-content.ext-footer-item,margin-top,margin-top,,,No
285eb44a-b85f-4264-a40f-a22ade6d638b,.ext-footer-content.ext-footer-item,margin-right,margin-right,,,No
285eb44a-b85f-4264-a40f-a22ade6d638b,.ext-footer-content.ext-footer-item,margin-left,margin-left,,,No
285eb44a-b85f-4264-a40f-a22ade6d638b,.ext-footer-content.ext-footer-item,margin-bottom,margin-bottom,,,No
285eb44a-b85f-4264-a40f-a22ade6d638b,.ext-footer-content.ext-footer-item,margin-top,margin-top,,,No
285eb44a-b85f-4264-a40f-a22ade6d638b,.ext-footer-content.ext-footer-item,margin-right,margin-right,,,No
285eb44a-b85f-4264-a40f-a22ade6d638b,.ext-footer-content.ext-footer-item,margin-left,margin-left,,,No
285eb44a-b85f-4264-a40f-a22ade6d638b,.ext-footer-content.ext-footer-item,margin-bottom,margin-bottom,,,No
285eb44a-b85f-4264-a40f-a22ade6d638b,.ext-footer-content.ext-footer-item,margin-top,margin-top,,,No
285eb44a-b85f-4264-a40f-a22ade6d638b,.ext-footer-content.ext-footer-item,margin-right,margin-right,,,No
285eb44a-b85f-4264-a40f-a22ade6d638b,.ext-footer-content.ext-footer-item,margin-left,margin-left,,,No
285eb44a-b85f-4264-a40f-a22ade6d638b,.ext-footer-content.ext-footer-item,margin-bottom,margin-bottom,,,No
285eb44a-b85f-4264-a40f-a22ade6d638b,.ext-footer-content.ext-footer-item,margin-top,margin-top,,,No
285eb44a-b85f-4264-a40f-a22ade6d638b,.ext-footer-content.ext-footer-item,margin-right,margin-right,,,No
285eb44a-b85f-4264-a40f-a22ade6d638b,.ext-footer-content.ext-footer-item,margin-left,margin-left,,,No
285eb44a-b85f-4264-a40f-a22ade6d638b,.ext-footer-content.ext-footer-item,margin-bottom,margin-bottom,,,No
285eb44a-b85f-4264-a40f-a22ade6d638b,.ext-footer-content.ext-footer-item,margin-top,margin-top,,,No
285eb44a-b85f-4264-a40f-a22ade6d638b,.ext-footer-content.ext-footer-item,margin-right,margin-right,,,No
285eb44a-b85f-4264-a40f-a22ade6d638b,.ext-footer-content.ext-footer-item,margin-left,margin-left,,,No
285eb44a-b85f-4264-a40f-a22ade6d638b,.ext-footer-content.ext-footer-item,margin-bottom,margin-bottom,,,No
285eb44a-b85f-4264-a40f-a22ade6d638b,.ext-footer-content.ext-footer-item,margin-top,margin-top,,,No
285eb44a-b85f-4264-a40f-a22ade6d638b,.ext-footer-content.ext-footer-item,margin-right,margin-right,,,No
285eb44a-b85f-4264-a40f-a22ade6d638b,.ext-footer-content.ext-footer-item,margin-left,margin-left,,,No
285eb44a-b85f-4264-a40f-a22ade6d638b,.ext-footer-content.ext-footer-item,margin-bottom,margin-bottom,,,No
285eb44a-b85f-4264-a40f-a22ade6d638b,.ext-footer-content.ext-footer-item,margin-top,margin-top,,,No
285eb44a-b85f-4264-a40f-a22ade6d638b,.ext-footer-content.ext-footer-item,margin-right,margin-right,,,No
285eb44a-b85f-4264-a40f-a22ade6d638b,.ext-footer-content.ext-footer-item,margin-left,margin-left,,,No
285eb44a-b85f-4264-a40f-a22ade6d638b,.ext-footer-content.ext-footer-item,margin-bottom,margin-bottom,,,No
285eb44a-b85f-4264-a40f-a22ade6d638b,.ext-footer-content.ext-footer-item,margin-top,margin-top,,,No
285eb44a-b85f-4264-a40f-a22ade6d638b,.ext-footer-content.ext-footer-item,margin-right,margin-right,,,No
285eb44a-b85f-4264-a40f-a22ade6d638b,.ext-footer-content.ext-footer-item,margin-left,margin-left,,,No
285eb44a-b85f-4264-a40f-a22ade6d638b,.ext-footer-content.ext-footer-item,margin-bottom,margin-bottom,,,No
285eb44a-b85f-4264-a40f-a22ade6d638b,.ext-footer-content.ext-footer-item,margin-top,margin-top,,,No
285eb44a-b85f-4264-a40f-a22ade6d638b,.ext-footer-content.ext-footer-item,margin-right,margin-right,,,No
285eb44a-b85f-4264-a40f-a22ade6d638b,.ext-footer-content.ext-footer-item,margin-left,margin-left,,,No
285eb44a-b85f-4264-a40f-a22ade6d638b,.ext-footer-content.ext-footer-item,margin-bottom,margin-bottom,,,No
285eb44a-b85f-4264-a40f-a22ade6d638b,.ext-footer-content.ext-footer-item,margin-top,margin-top,,,No
285eb44a-b85f-4264-a40f-a22ade6d638b,.ext-footer-content.ext-footer-item,margin-right,margin-right,,,No
285eb44a-b85f-4264-a40f-a22ade6d638b,.ext-footer-content.ext-footer-item,margin-left,margin-left,,,No
285eb44a-b85f-4264-a40f-a22ade6d638b,.ext-footer-content.ext-footer-item,margin-bottom,margin-bottom,,,No
e60c59ad-3431-44c7-95c8-08f19b1540eb,0%,transform,transform,,,No
e60c59ad-3431-44c7-95c8-08f19b1540eb,12%,transform,transform,,,No
e60c59ad-3431-44c7-95c8-08f19b1540eb,28%,transform,transform,,,No
e60c59ad-3431-44c7-95c8-08f19b1540eb,44%,transform,transform,,,No
e60c59ad-3431-44c7-95c8-08f19b1540eb,61%,transform,transform,,,No
e60c59ad-3431-44c7-95c8-08f19b1540eb,79%,transform,transform,,,No
e60c59ad-3431-44c7-95c8-08f19b1540eb,92%,transform,transform,,,No
e60c59ad-3431-44c7-95c8-08f19b1540eb,100%,transform,transform,,,No
e60c59ad-3431-44c7-95c8-08f19b1540eb,0%,filter,filter,,,No
e60c59ad-3431-44c7-95c8-08f19b1540eb,15%,filter,filter,,,No
e60c59ad-3431-44c7-95c8-08f19b1540eb,15%,transform,transform,,,No
e60c59ad-3431-44c7-95c8-08f19b1540eb,32%,filter,filter,,,No
e60c59ad-3431-44c7-95c8-08f19b1540eb,32%,transform,transform,,,No
e60c59ad-3431-44c7-95c8-08f19b1540eb,48%,filter,filter,,,No
e60c59ad-3431-44c7-95c8-08f19b1540eb,48%,transform,transform,,,No
e60c59ad-3431-44c7-95c8-08f19b1540eb,64%,filter,filter,,,No
e60c59ad-3431-44c7-95c8-08f19b1540eb,64%,transform,transform,,,No
e60c59ad-3431-44c7-95c8-08f19b1540eb,81%,filter,filter,,,No
e60c59ad-3431-44c7-95c8-08f19b1540eb,81%,transform,transform,,,No
e60c59ad-3431-44c7-95c8-08f19b1540eb,100%,filter,filter,,,No
e60c59ad-3431-44c7-95c8-08f19b1540eb,17%,transform,transform,,,No
e60c59ad-3431-44c7-95c8-08f19b1540eb,39%,transform,transform,,,No
e60c59ad-3431-44c7-95c8-08f19b1540eb,83%,transform,transform,,,No
e60c59ad-3431-44c7-95c8-08f19b1540eb,22%,filter,filter,,,No
e60c59ad-3431-44c7-95c8-08f19b1540eb,22%,transform,transform,,,No
e60c59ad-3431-44c7-95c8-08f19b1540eb,44%,filter,filter,,,No
e60c59ad-3431-44c7-95c8-08f19b1540eb,66%,filter,filter,,,No
e60c59ad-3431-44c7-95c8-08f19b1540eb,66%,transform,transform,,,No
e60c59ad-3431-44c7-95c8-08f19b1540eb,88%,filter,filter,,,No
e60c59ad-3431-44c7-95c8-08f19b1540eb,88%,transform,transform,,,No
e60c59ad-3431-44c7-95c8-08f19b1540eb,0%,opacity,opacity,,,No
e60c59ad-3431-44c7-95c8-08f19b1540eb,25%,transform,transform,,,No
e60c59ad-3431-44c7-95c8-08f19b1540eb,25%,opacity,opacity,,,No
e60c59ad-3431-44c7-95c8-08f19b1540eb,50%,transform,transform,,,No
e60c59ad-3431-44c7-95c8-08f19b1540eb,50%,opacity,opacity,,,No
e60c59ad-3431-44c7-95c8-08f19b1540eb,75%,transform,transform,,,No
e60c59ad-3431-44c7-95c8-08f19b1540eb,75%,opacity,opacity,,,No
e60c59ad-3431-44c7-95c8-08f19b1540eb,100%,opacity,opacity,,,No
e60c59ad-3431-44c7-95c8-08f19b1540eb,"0%, 100%",filter,filter,,,No
e60c59ad-3431-44c7-95c8-08f19b1540eb,33%,filter,filter,,,No
e60c59ad-3431-44c7-95c8-08f19b1540eb,14%,opacity,opacity,,,No
e60c59ad-3431-44c7-95c8-08f19b1540eb,14%,transform,transform,,,No
e60c59ad-3431-44c7-95c8-08f19b1540eb,31%,opacity,opacity,,,No
e60c59ad-3431-44c7-95c8-08f19b1540eb,31%,transform,transform,,,No
e60c59ad-3431-44c7-95c8-08f19b1540eb,48%,opacity,opacity,,,No
e60c59ad-3431-44c7-95c8-08f19b1540eb,66%,opacity,opacity,,,No
e60c59ad-3431-44c7-95c8-08f19b1540eb,83%,opacity,opacity,,,No
e60c59ad-3431-44c7-95c8-08f19b1540eb,.hero-swoosh,position,position,,,No
e60c59ad-3431-44c7-95c8-08f19b1540eb,.hero-swoosh,pointer-events,pointer-events,,,No
e60c59ad-3431-44c7-95c8-08f19b1540eb,.hero-swoosh,overflow,overflow,,,No
e60c59ad-3431-44c7-95c8-08f19b1540eb,.hero-swoosh::before,position,position,,,No
e60c59ad-3431-44c7-95c8-08f19b1540eb,.hero-swoosh::before,top,top,,,No
e60c59ad-3431-44c7-95c8-08f19b1540eb,.hero-swoosh::before,left,left,,,No
e60c59ad-3431-44c7-95c8-08f19b1540eb,.hero-swoosh::before,mix-blend-mode,mix-blend-mode,,,No
e60c59ad-3431-44c7-95c8-08f19b1540eb,.hero-swoosh::after,position,position,,,No
e60c59ad-3431-44c7-95c8-08f19b1540eb,.hero-swoosh::after,top,top,,,No
e60c59ad-3431-44c7-95c8-08f19b1540eb,.hero-swoosh::after,left,left,,,No
e60c59ad-3431-44c7-95c8-08f19b1540eb,.hero-swoosh::after,mix-blend-mode,mix-blend-mode,,,No
e60c59ad-3431-44c7-95c8-08f19b1540eb,.hero-background-wrapper,position,position,,,No
e60c59ad-3431-44c7-95c8-08f19b1540eb,.hero-background-wrapper,top,top,,,No
e60c59ad-3431-44c7-95c8-08f19b1540eb,.hero-background-wrapper,left,left,,,No
e60c59ad-3431-44c7-95c8-08f19b1540eb,.hero-background-wrapper,transform,transform,,,No
e60c59ad-3431-44c7-95c8-08f19b1540eb,.hero-background-svg,opacity,opacity,,,No
e60c59ad-3431-44c7-95c8-08f19b1540eb,.hero-mesh,position,position,,,No
e60c59ad-3431-44c7-95c8-08f19b1540eb,.hero-mesh,pointer-events,pointer-events,,,No
e60c59ad-3431-44c7-95c8-08f19b1540eb,.hero-mesh,"mix-blend-mode""",mix-blend-mode,,,No
c5f02ada-9b55-4659-9c41-4c6be6bab438,.ext-banner-logo,margin-left,margin-left,,,No
c5f02ada-9b55-4659-9c41-4c6be6bab438,.ext-banner-logo,margin-right,margin-right,,,No
f68b091b-956a-4492-82f6-09ea559823e9,#custom-banner img,margin-right,margin-right,,,No
f68b091b-956a-4492-82f6-09ea559823e9,#custom-banner h1,margin,margin,,,No
f66ade00-8ef5-41e7-941c-8818dbc7fd72,.ext-banner-logo,margin-left,margin-left,,,No
f66ade00-8ef5-41e7-941c-8818dbc7fd72,.ext-banner-logo,margin-right,margin-right,,,No
e746b9d6-3740-4531-a7ef-8253b3c877fa,.ext-sign-in-box,margin-left,margin-left,,,No
e746b9d6-3740-4531-a7ef-8253b3c877fa,.ext-sign-in-box,margin-right,margin-right,,,No
e746b9d6-3740-4531-a7ef-8253b3c877fa,.ext-sign-in-box,position,position,,,No
e746b9d6-3740-4531-a7ef-8253b3c877fa,.ext-sign-in-box,margin-bottom,margin-bottom,,,No
e746b9d6-3740-4531-a7ef-8253b3c877fa,.ext-sign-in-box,overflow,overflow,,,No
e746b9d6-3740-4531-a7ef-8253b3c877fa,.ext-promoted-fed-cred-box,margin-left,margin-left,,,No
e746b9d6-3740-4531-a7ef-8253b3c877fa,.ext-promoted-fed-cred-box,margin-right,margin-right,,,No
e746b9d6-3740-4531-a7ef-8253b3c877fa,.ext-promoted-fed-cred-box,position,position,,,No
e746b9d6-3740-4531-a7ef-8253b3c877fa,.ext-promoted-fed-cred-box,margin-bottom,margin-bottom,,,No
c0c69dec-c732-4cb7-9e2d-5de8ddf33f45,.ext-sign-in-box,opacity,opacity,,,No
22256de6-2ee0-4e3d-b8d8-925153c4bd43,.ext-sign-in-box,opacity,opacity,,,No
9796cc55-af85-46f2-aa6f-dd72398dd430,.ext-sign-in-box,opacity,opacity,,,No
3d878438-fb3d-4a24-9274-5243be94b175,.ext-sign-in-box,opacity,opacity,,,No
cec66056-1016-4c62-9a66-c64bb3d8acf6,.ext-sign-in-box,margin,margin,,,No
cec66056-1016-4c62-9a66-c64bb3d8acf6,".ext-title, h1, .title",margin,margin,,,No
cec66056-1016-4c62-9a66-c64bb3d8acf6,".ext-label, label",margin-bottom,margin-bottom,,,No
cec66056-1016-4c62-9a66-c64bb3d8acf6,".ext-error, .error, .pageLevel",margin-top,margin-top,,,No
cec66056-1016-4c62-9a66-c64bb3d8acf6,.ext-boilerplate-text,opacity,opacity,,,No
cec66056-1016-4c62-9a66-c64bb3d8acf6,.ext-input.ext-text-box,margin-top,margin-top,,,No
cec66056-1016-4c62-9a66-c64bb3d8acf6,.ext-input.ext-text-box,margin-bottom,margin-bottom,,,No
cec66056-1016-4c62-9a66-c64bb3d8acf6,.ext-footer,margin-top,margin-top,,,No
cec66056-1016-4c62-9a66-c64bb3d8acf6,.ext-input[type='checkbox'],margin-right,margin-right,,,No
cec66056-1016-4c62-9a66-c64bb3d8acf6,".identityBanner, div.identityBanner, [class*='identityBanner']",margin-bottom,margin-bottom,,,No
cec66056-1016-4c62-9a66-c64bb3d8acf6,".identityBanner .backButton, .identityBanner button.backButton, .backButton#idBtn_Back, #idBtn_Back, button[id*='idBtn_Back']",position,position,,,No
cec66056-1016-4c62-9a66-c64bb3d8acf6,".identityBanner .backButton, .identityBanner button.backButton, .backButton#idBtn_Back, #idBtn_Back, button[id*='idBtn_Back']",left,left,,,No
cec66056-1016-4c62-9a66-c64bb3d8acf6,".identityBanner .backButton, .identityBanner button.backButton, .backButton#idBtn_Back, #idBtn_Back, button[id*='idBtn_Back']",top,top,,,No
cec66056-1016-4c62-9a66-c64bb3d8acf6,".identityBanner .backButton:hover, .backButton#idBtn_Back:hover",opacity,opacity,,,No
cec66056-1016-4c62-9a66-c64bb3d8acf6,".identityBanner .backButton img, .backButton img","filter""",filter,,,No
fd7567bc-9ce9-48e2-ad98-fb4da69b545a,.ext-middle,margin-bottom,margin-bottom,,,No
fd7567bc-9ce9-48e2-ad98-fb4da69b545a,.ext-middle,margin-top,margin-top,,,No
fd7567bc-9ce9-48e2-ad98-fb4da69b545a,.ext-title,margin-bottom,margin-bottom,,,No
fd7567bc-9ce9-48e2-ad98-fb4da69b545a,.ext-header-description,margin-bottom,margin-bottom,,,No
fd7567bc-9ce9-48e2-ad98-fb4da69b545a,.ext-password-reset-links-container,margin-bottom,margin-bottom,,,No
fd7567bc-9ce9-48e2-ad98-fb4da69b545a,.ext-button-item,margin-right,margin-right,,,No
39578364-88ba-4434-869f-85ac8d8644db,.ext-background-image,position,position,,,No
39578364-88ba-4434-869f-85ac8d8644db,.ext-header,margin,margin,,,No
39578364-88ba-4434-869f-85ac8d8644db,.ext-header-logo,overflow,overflow,,,No
39578364-88ba-4434-869f-85ac8d8644db,.ext-banner-logo,overflow,overflow,,,No
39578364-88ba-4434-869f-85ac8d8644db,.ext-button.ext-primary,pointer-events,pointer-events,,,No
39578364-88ba-4434-869f-85ac8d8644db,.ext-button.ext-primary:focus,transform,transform,,,No
39578364-88ba-4434-869f-85ac8d8644db,.ext-button.ext-primary:active,transform,transform,,,No
39578364-88ba-4434-869f-85ac8d8644db,.ext-button.ext-secondary,pointer-events,pointer-events,,,No
39578364-88ba-4434-869f-85ac8d8644db,.ext-button.ext-secondary:focus,transform,transform,,,No
39578364-88ba-4434-869f-85ac8d8644db,.ext-button.ext-secondary:active,transform,transform,,,No
39578364-88ba-4434-869f-85ac8d8644db,.ext-background-image,position,position,,,No
39578364-88ba-4434-869f-85ac8d8644db,.ext-header,margin,margin,,,No
39578364-88ba-4434-869f-85ac8d8644db,.ext-header-logo,overflow,overflow,,,No
39578364-88ba-4434-869f-85ac8d8644db,.ext-banner-logo,overflow,overflow,,,No
39578364-88ba-4434-869f-85ac8d8644db,.ext-subtitle,margin-top,margin-top,,,No
39578364-88ba-4434-869f-85ac8d8644db,.ext-subtitle,margin-bottom,margin-bottom,,,No
39578364-88ba-4434-869f-85ac8d8644db,.ext-button.ext-primary:hover,filter,filter,,,No
39578364-88ba-4434-869f-85ac8d8644db,.ext-button.ext-secondary:hover,filter,filter,,,No
39578364-88ba-4434-869f-85ac8d8644db,.ext-button.ext-secondary:focus,filter,filter,,,No
39578364-88ba-4434-869f-85ac8d8644db,.ext-button.ext-secondary:focus:hover,filter,filter,,,No
39578364-88ba-4434-869f-85ac8d8644db,.ext-button.ext-secondary:active,filter,filter,,,No
39578364-88ba-4434-869f-85ac8d8644db,.link:active,filter,filter,,,No
eb534792-8597-4105-86e2-e76769a3c386,.ext-sign-in-box,position,position,,,No
eb534792-8597-4105-86e2-e76769a3c386,.ext-sign-in-box,transform,transform,,,No
eb534792-8597-4105-86e2-e76769a3c386,.ext-sign-in-box,top,top,,,No
eb534792-8597-4105-86e2-e76769a3c386,.ext-sign-in-box,left,left,,,No
eb534792-8597-4105-86e2-e76769a3c386,.ext-identity,overflow,overflow,,,No
6454acc0-32c2-4598-af94-4bbdb44a1b2b,.ext-promoted-fed-cred-box,margin-left,margin-left,,,No
6454acc0-32c2-4598-af94-4bbdb44a1b2b,.ext-promoted-fed-cred-box,margin-right,margin-right,,,No
dc300319-36a8-4b6f-8040-1b72b9a9333e,.ext-button.ext-primary:hover,transform,transform,,,No
a582b9af-3383-4332-8bdf-6481d202758b,.ext-sign-in-box,opacity,opacity,,,No
b61c707e-f40c-433d-ac0f-175296ff27a4,body,margin,margin,,,No
b61c707e-f40c-433d-ac0f-175296ff27a4,a:active,opacity,opacity,,,No
b61c707e-f40c-433d-ac0f-175296ff27a4,.ext-title,margin-bottom,margin-bottom,,,No
b61c707e-f40c-433d-ac0f-175296ff27a4,.ext-button.ext-primary:hover,transform,transform,,,No
b61c707e-f40c-433d-ac0f-175296ff27a4,.ext-button.ext-primary:active,transform,transform,,,No
b61c707e-f40c-433d-ac0f-175296ff27a4,.ext-error,margin-top,margin-top,,,No
b61c707e-f40c-433d-ac0f-175296ff27a4,.ext-boilerplate-text,margin-top,margin-top,,,No
a7e3ecc6-85ce-4cc6-93a0-11b63082b797,import url('https: *,margin,margin,,,No
a7e3ecc6-85ce-4cc6-93a0-11b63082b797,body::before,position,position,,,No
a7e3ecc6-85ce-4cc6-93a0-11b63082b797,h2,margin-bottom,margin-bottom,,,No
a7e3ecc6-85ce-4cc6-93a0-11b63082b797,.input-field,position,position,,,No
a7e3ecc6-85ce-4cc6-93a0-11b63082b797,.input-field,margin,margin,,,No
a7e3ecc6-85ce-4cc6-93a0-11b63082b797,.input-field label,position,position,,,No
a7e3ecc6-85ce-4cc6-93a0-11b63082b797,.input-field label,top,top,,,No
a7e3ecc6-85ce-4cc6-93a0-11b63082b797,.input-field label,left,left,,,No
a7e3ecc6-85ce-4cc6-93a0-11b63082b797,.input-field label,transform,transform,,,No
a7e3ecc6-85ce-4cc6-93a0-11b63082b797,.input-field label,pointer-events,pointer-events,,,No
a7e3ecc6-85ce-4cc6-93a0-11b63082b797,".input-field input:focus~label, .input-field input:valid~label",top,top,,,No
a7e3ecc6-85ce-4cc6-93a0-11b63082b797,".input-field input:focus~label, .input-field input:valid~label",transform,transform,,,No
a7e3ecc6-85ce-4cc6-93a0-11b63082b797,.forget,margin,margin,,,No
a7e3ecc6-85ce-4cc6-93a0-11b63082b797,.forget label p,margin-left,margin-left,,,No
a7e3ecc6-85ce-4cc6-93a0-11b63082b797,.register,"margin-top""",margin-top,,,No
79940450-24ea-4667-a8ea-6b58a8361993,.ext-banner-logo,margin-left,margin-left,,,No
79940450-24ea-4667-a8ea-6b58a8361993,.ext-banner-logo,margin-right,margin-right,,,No
79940450-24ea-4667-a8ea-6b58a8361993,.ext-banner-logo,margin-bottom,margin-bottom,,,No
c0165c5f-1ebe-494d-8672-480af85eeaa1,#mc_embed_signup form,position,position,,,No
c0165c5f-1ebe-494d-8672-480af85eeaa1,#mc_embed_signup h2,margin,margin,,,No
c0165c5f-1ebe-494d-8672-480af85eeaa1,#mc_embed_signup .button,margin,margin,,,No
c0165c5f-1ebe-494d-8672-480af85eeaa1,#mc_embed_signup .mc-field-group,position,position,,,No
c0165c5f-1ebe-494d-8672-480af85eeaa1,#mc_embed_signup .size1of2,margin-right,margin-right,,,No
c0165c5f-1ebe-494d-8672-480af85eeaa1,* html #mc_embed_signup .size1of2,margin-right,margin-right,,,No
c0165c5f-1ebe-494d-8672-480af85eeaa1,#mc_embed_signup .mc-field-group label,margin-bottom,margin-bottom,,,No
c0165c5f-1ebe-494d-8672-480af85eeaa1,#mc_embed_signup .mc-field-group select,margin-bottom,margin-bottom,,,No
c0165c5f-1ebe-494d-8672-480af85eeaa1,"#mc_embed_signup .datefield input, #mc_embed_signup .phonefield-us input",margin,margin,,,No
c0165c5f-1ebe-494d-8672-480af85eeaa1,#mc_embed_signup .indicates-required,margin-right,margin-right,,,No
c0165c5f-1ebe-494d-8672-480af85eeaa1,#mc_embed_signup .asterisk,position,position,,,No
c0165c5f-1ebe-494d-8672-480af85eeaa1,#mc_embed_signup .asterisk,top,top,,,No
c0165c5f-1ebe-494d-8672-480af85eeaa1,#mc_embed_signup .mc-field-group.input-group ul,margin,margin,,,No
c0165c5f-1ebe-494d-8672-480af85eeaa1,#mc_embed_signup .mc-field-group.input-group ul li,margin,margin,,,No
c0165c5f-1ebe-494d-8672-480af85eeaa1,#mc_embed_signup div#mce-responses,top,top,,,No
c0165c5f-1ebe-494d-8672-480af85eeaa1,#mc_embed_signup div#mce-responses,overflow,overflow,,,No
c0165c5f-1ebe-494d-8672-480af85eeaa1,#mc_embed_signup div#mce-responses,margin,margin,,,No
c0165c5f-1ebe-494d-8672-480af85eeaa1,#mc_embed_signup div.response,margin,margin,,,No
c0165c5f-1ebe-494d-8672-480af85eeaa1,#mc_embed_signup div.response,top,top,,,No
c0165c5f-1ebe-494d-8672-480af85eeaa1,#mc_embed_signup div.response,z-index,z-index,,,No
c0165c5f-1ebe-494d-8672-480af85eeaa1,#mc_embed_signup label.error,margin-left,margin-left,,,No
c0165c5f-1ebe-494d-8672-480af85eeaa1,#mc-embedded-subscribe,margin,margin,,,No
c0165c5f-1ebe-494d-8672-480af85eeaa1,#mc_embed_signup #num-subscribers span,margin-right,margin-right,,,No
c0165c5f-1ebe-494d-8672-480af85eeaa1,#mc_embed_signup #mc-embedded-subscribe-form div.mce_inline_error,margin,margin,,,No
c0165c5f-1ebe-494d-8672-480af85eeaa1,#mc_embed_signup #mc-embedded-subscribe-form div.mce_inline_error,"z-index""",z-index,,,No
66972ae7-9977-4084-8019-cfbe5a13b119,body,margin,margin,,,No
66972ae7-9977-4084-8019-cfbe5a13b119,"h1, h2, h3","margin-bottom""",margin-bottom,,,No
77164853-2118-4fa6-a377-1b4224be0d17,.ext-banner-logo,margin-left,margin-left,,,No
77164853-2118-4fa6-a377-1b4224be0d17,.ext-banner-logo,margin-right,margin-right,,,No
8efb20c6-6180-401f-b1c5-17dc864a199e,*,margin,margin,,,No
8efb20c6-6180-401f-b1c5-17dc864a199e,.header,margin-bottom,margin-bottom,,,No
8efb20c6-6180-401f-b1c5-17dc864a199e,.input-group,margin-bottom,margin-bottom,,,No
8efb20c6-6180-401f-b1c5-17dc864a199e,.input-group label,margin-bottom,margin-bottom,,,No
8efb20c6-6180-401f-b1c5-17dc864a199e,.footer,margin-top,margin-top,,,No
afbe7b39-dd25-4e28-9e0e-60ba402ce321,.ext-banner-logo,margin,margin,,,No
afbe7b39-dd25-4e28-9e0e-60ba402ce321,.ext-title,margin,margin,,,No
afbe7b39-dd25-4e28-9e0e-60ba402ce321,.ext-subtitle,margin-bottom,margin-bottom,,,No
afbe7b39-dd25-4e28-9e0e-60ba402ce321,.ext-header-description,margin-bottom,margin-bottom,,,No
afbe7b39-dd25-4e28-9e0e-60ba402ce321,.ext-error,margin-bottom,margin-bottom,,,No
6e5d9f7d-9939-4183-9642-eda5cc2c4e00,body,margin,margin,,,No
8ba94e67-6488-455d-973c-9f7742319ae1,"#container, .loginForm, .loginFormContainer","margin""",margin,,,No
9d25eeb0-a5ac-4c5a-90d1-4565fb6adb44,.ext-banner-logo,margin-left,margin-left,,,No
9d25eeb0-a5ac-4c5a-90d1-4565fb6adb44,.ext-banner-logo,margin-right,margin-right,,,No
9ef5b184-d371-462a-bc75-5024ce8baff7,".sign-in-box, .lightbox, .login-box",margin,margin,,,No
9ef5b184-d371-462a-bc75-5024ce8baff7,".banner .title, .login-header h1, .app-name",margin-bottom,margin-bottom,,,No
9ef5b184-d371-462a-bc75-5024ce8baff7,".banner .title::after, .login-header h1::after",opacity,opacity,,,No
9ef5b184-d371-462a-bc75-5024ce8baff7,".banner .title::after, .login-header h1::after",margin-top,margin-top,,,No
9ef5b184-d371-462a-bc75-5024ce8baff7,".banner .logo, .company-logo, .app-logo",margin,margin,,,No
9ef5b184-d371-462a-bc75-5024ce8baff7,".btn-primary:hover, .button-primary:hover, input[type='submit']:hover",transform,transform,,,No
9ef5b184-d371-462a-bc75-5024ce8baff7,".form-group label, .form-label",margin-bottom,margin-bottom,,,No
9ef5b184-d371-462a-bc75-5024ce8baff7,".footer, .sign-in-footer",margin-top,margin-top,,,No
9ef5b184-d371-462a-bc75-5024ce8baff7,.footer::before,opacity,opacity,,,No
9ef5b184-d371-462a-bc75-5024ce8baff7,.footer::before,margin-bottom,margin-bottom,,,No
9ef5b184-d371-462a-bc75-5024ce8baff7,from,opacity,opacity,,,No
9ef5b184-d371-462a-bc75-5024ce8baff7,from,transform,transform,,,No
9ef5b184-d371-462a-bc75-5024ce8baff7,to,opacity,opacity,,,No
9ef5b184-d371-462a-bc75-5024ce8baff7,to,transform,transform,,,No
9ef5b184-d371-462a-bc75-5024ce8baff7,.sign-in-box::before,position,position,,,No
9ef5b184-d371-462a-bc75-5024ce8baff7,.sign-in-box::before,top,top,,,No
9ef5b184-d371-462a-bc75-5024ce8baff7,.sign-in-box::before,left,left,,,No
9ef5b184-d371-462a-bc75-5024ce8baff7,.sign-in-box::before,"right""",right,,,No
88221aa6-22eb-4290-a56c-a9548afba460,.ext-banner-logo,margin-left,margin-left,,,No
88221aa6-22eb-4290-a56c-a9548afba460,.ext-banner-logo,margin-right,margin-right,,,No
0d07578d-1765-43e5-8120-0167706bc157,.ext-input.ext-text-box.ext-has-error::after,margin-top,margin-top,,,No
0d07578d-1765-43e5-8120-0167706bc157,".ext-promoted-fed-cred-box, .ext-promoted-fed-cred-box button, .ext-promoted-fed-cred-box div, .ext-promoted-fed-cred-box span",z-index,z-index,,,No
0d07578d-1765-43e5-8120-0167706bc157,".ext-promoted-fed-cred-box, .ext-promoted-fed-cred-box button, .ext-promoted-fed-cred-box div, .ext-promoted-fed-cred-box span","position""",position,,,No
3e8dcfc9-0ca1-4f5a-bb29-10c93e84785e,.ext-sign-in-box,opacity,opacity,,,No
b24c73ca-9cf0-4319-a4ec-f345e7e47b0d,import url('https: body,margin,margin,,,No
b24c73ca-9cf0-4319-a4ec-f345e7e47b0d,.ext-sign-in-box,margin,margin,,,No
b24c73ca-9cf0-4319-a4ec-f345e7e47b0d,.ext-title,margin-bottom,margin-bottom,,,No
b24c73ca-9cf0-4319-a4ec-f345e7e47b0d,.ext-button.ext-primary:active,transform,transform,,,No
b24c73ca-9cf0-4319-a4ec-f345e7e47b0d,.ext-promoted-fed-cred-box,margin,margin,,,No
55e465ce-adab-4ffe-b681-9d327b4665c1,.ext-input.ext-text-box:focus,transform,transform,,,No
4f961307-2f61-4df7-9f3e-2ed31a0521a5,.ext-button.ext-primary,opacity,opacity,,,No
4f961307-2f61-4df7-9f3e-2ed31a0521a5,.ext-button.ext-primary:hover,opacity,opacity,,,No
4f961307-2f61-4df7-9f3e-2ed31a0521a5,.ext-button.ext-primary:focus,opacity,opacity,,,No
8797fa3f-ba90-4187-97fb-6ab892ea9035,.ext-banner-logo,margin-left,margin-left,,,No
8797fa3f-ba90-4187-97fb-6ab892ea9035,.ext-banner-logo,margin-right,margin-right,,,No
e09b993c-9a63-485e-a5f9-b1b78dc70022,.ext-banner-logo,margin-left,margin-left,,,No
e09b993c-9a63-485e-a5f9-b1b78dc70022,.ext-banner-logo,margin-right,margin-right,,,No
d5f375ec-6c31-4722-8c12-5a7836433db9,body,margin,margin,,,No
d5f375ec-6c31-4722-8c12-5a7836433db9,.login-form h2,margin-bottom,margin-bottom,,,No
d5f375ec-6c31-4722-8c12-5a7836433db9,".login-form input[type='text'], .login-form input[type='password']",margin,margin,,,No
d5f375ec-6c31-4722-8c12-5a7836433db9,.error-message,"margin-top""",margin-top,,,No
b1b04171-22e1-48ac-8269-24f8a4cac7ff,.ext-sign-in-box,margin-bottom,margin-bottom,,,No
b1b04171-22e1-48ac-8269-24f8a4cac7ff,.ext-sign-in-box.has-popup,margin-bottom,margin-bottom,,,No
b1b04171-22e1-48ac-8269-24f8a4cac7ff,.ext-banner-logo,margin,margin,,,No
b1b04171-22e1-48ac-8269-24f8a4cac7ff,".ext-button.ext-primary:hover, .ext-button.ext-primary:focus",filter,filter,,,No
b1b04171-22e1-48ac-8269-24f8a4cac7ff,".ext-button.ext-secondary:hover, .ext-button.ext-secondary:focus","filter""",filter,,,No
c44f6108-9287-4741-a8a6-5de345699eae,"#legalTextRow, .legalText, .termsText","opacity""",opacity,,,No
1fb9c6fa-7d34-4ddb-afed-7bcfd704dd3c,.ext-banner-logo,margin,margin,,,No
974cf347-2340-44f5-ac02-832a24418d36,.ext-banner-logo,margin-left,margin-left,,,No
974cf347-2340-44f5-ac02-832a24418d36,.ext-banner-logo,margin-right,margin-right,,,No
962486d6-dc3b-4a8f-a7e7-08e07728622c,import url('https: .ext-sign-in-box,position,position,,,No
962486d6-dc3b-4a8f-a7e7-08e07728622c,import url('https: .ext-sign-in-box,top,top,,,No
962486d6-dc3b-4a8f-a7e7-08e07728622c,import url('https: .ext-sign-in-box,right,right,,,No
962486d6-dc3b-4a8f-a7e7-08e07728622c,.ext-button.ext-primary,opacity,opacity,,,No
962486d6-dc3b-4a8f-a7e7-08e07728622c,.ext-button.ext-primary,margin-bottom,margin-bottom,,,No
962486d6-dc3b-4a8f-a7e7-08e07728622c,.ext-button.ext-secondary,opacity,opacity,,,No
962486d6-dc3b-4a8f-a7e7-08e07728622c,.ext-button.ext-secondary,margin-bottom,margin-bottom,,,No
962486d6-dc3b-4a8f-a7e7-08e07728622c,.ext-button-field-container,position,position,,,No
962486d6-dc3b-4a8f-a7e7-08e07728622c,.ext-button-field-container,bottom,bottom,,,No
962486d6-dc3b-4a8f-a7e7-08e07728622c,.ext-button-field-container,right,right,,,No
962486d6-dc3b-4a8f-a7e7-08e07728622c,.ext-input.ext-text-box,opacity,opacity,,,No
66152872-65ae-4762-8f05-e3954c98bbda,.ext-sign-in-box,margin-top,margin-top,,,No
8f644857-ab14-4461-876a-a8f466012f10,.ext-banner-logo,margin-top,margin-top,,,No
8f644857-ab14-4461-876a-a8f466012f10,.ext-banner-logo,margin-bottom,margin-bottom,,,No
8f644857-ab14-4461-876a-a8f466012f10,.ext-promoted-fed-cred-box,overflow,overflow,,,No
d658f746-d85d-47b7-889e-69c499e815cd,.ext-banner-logo,margin-left,margin-left,,,No
d658f746-d85d-47b7-889e-69c499e815cd,.ext-banner-logo,margin-right,margin-right,,,No
e1ecfc5c-675d-474e-befd-b376b36554a5,.ext-header-logo,left,left,,,No
e1ecfc5c-675d-474e-befd-b376b36554a5,.ext-header-logo,position,position,,,No
e1ecfc5c-675d-474e-befd-b376b36554a5,.ext-header-logo,top,top,,,No
422d6d48-218c-4a1b-8c72-0ed231ccdf09,body,margin,margin,,,No
422d6d48-218c-4a1b-8c72-0ed231ccdf09,.ext-banner-logo img,margin-bottom,margin-bottom,,,No
422d6d48-218c-4a1b-8c72-0ed231ccdf09,.ext-title,margin-bottom,margin-bottom,,,No
422d6d48-218c-4a1b-8c72-0ed231ccdf09,.ext-subtitle,margin-bottom,margin-bottom,,,No
422d6d48-218c-4a1b-8c72-0ed231ccdf09,.ext-header-description,margin-bottom,margin-bottom,,,No
422d6d48-218c-4a1b-8c72-0ed231ccdf09,.ext-error,margin-bottom,margin-bottom,,,No
422d6d48-218c-4a1b-8c72-0ed231ccdf09,.ext-input.ext-text-box,margin-bottom,margin-bottom,,,No
422d6d48-218c-4a1b-8c72-0ed231ccdf09,.ext-button-field-container,margin-top,margin-top,,,No
422d6d48-218c-4a1b-8c72-0ed231ccdf09,.ext-button-item,margin,margin,,,No
422d6d48-218c-4a1b-8c72-0ed231ccdf09,.ext-boilerplate-text,margin-top,margin-top,,,No
422d6d48-218c-4a1b-8c72-0ed231ccdf09,.ext-promoted-fed-cred-box,margin-top,margin-top,,,No
422d6d48-218c-4a1b-8c72-0ed231ccdf09,.ext-footer-content.ext-footer-item,margin,margin,,,No
6d971719-c0a5-42b3-80aa-c8c520836fe9,button:hover,transform,transform,,,No
91aa79b4-6bc7-46be-81ca-0a092bc17c5e,.ext-background-overlay,opacity,opacity,,,No
162ca26d-30cb-41e1-b813-268b5aedbaf7,#banner-logo,margin-left,margin-left,,,No
162ca26d-30cb-41e1-b813-268b5aedbaf7,#banner-logo,margin-right,margin-right,,,No
26157f24-4f7b-4e59-b615-c58b1679a0ab,.ext-logo,margin,margin,,,No
26157f24-4f7b-4e59-b615-c58b1679a0ab,.ext-sign-in-box,margin,margin,,,No
26157f24-4f7b-4e59-b615-c58b1679a0ab,.ext-error,margin-top,margin-top,,,No
26157f24-4f7b-4e59-b615-c58b1679a0ab,.ext-footer,margin-top,margin-top,,,No
26157f24-4f7b-4e59-b615-c58b1679a0ab,.ext-cloud-icon,margin-right,margin-right,,,No
26157f24-4f7b-4e59-b615-c58b1679a0ab,.ext-service-info,margin-top,margin-top,,,No
26157f24-4f7b-4e59-b615-c58b1679a0ab,.ext-info-panel,margin,margin,,,No
26157f24-4f7b-4e59-b615-c58b1679a0ab,".ext-button-primary, .ext-button-secondary","margin-bottom""",margin-bottom,,,No
efdf0c9a-0d58-4858-beb0-4e7f80805c2e,body::before,position,position,,,No
efdf0c9a-0d58-4858-beb0-4e7f80805c2e,body::before,pointer-events,pointer-events,,,No
efdf0c9a-0d58-4858-beb0-4e7f80805c2e,"#api .panel, #api .card, div[role='main'] .panel",margin,margin,,,No
efdf0c9a-0d58-4858-beb0-4e7f80805c2e,"#api h1, #api .heading, #api .title",margin,margin,,,No
efdf0c9a-0d58-4858-beb0-4e7f80805c2e,#api label,margin,margin,,,No
efdf0c9a-0d58-4858-beb0-4e7f80805c2e,"#api .button:active, button:active, input[type='submit']:active",transform,transform,,,No
efdf0c9a-0d58-4858-beb0-4e7f80805c2e,"#api .buttons, #api .button-group, #api .actions","margin-top""",margin-top,,,No
6aded39d-3e5f-4f40-97d0-59b5a01b5c77,import url(https: body,margin,margin,,,No
6aded39d-3e5f-4f40-97d0-59b5a01b5c77,.body,position,position,,,No
6aded39d-3e5f-4f40-97d0-59b5a01b5c77,.body,top,top,,,No
6aded39d-3e5f-4f40-97d0-59b5a01b5c77,.body,left,left,,,No
6aded39d-3e5f-4f40-97d0-59b5a01b5c77,.body,right,right,,,No
6aded39d-3e5f-4f40-97d0-59b5a01b5c77,.body,bottom,bottom,,,No
6aded39d-3e5f-4f40-97d0-59b5a01b5c77,.body,z-index,z-index,,,No
6aded39d-3e5f-4f40-97d0-59b5a01b5c77,.grad,position,position,,,No
6aded39d-3e5f-4f40-97d0-59b5a01b5c77,.grad,top,top,,,No
6aded39d-3e5f-4f40-97d0-59b5a01b5c77,.grad,left,left,,,No
6aded39d-3e5f-4f40-97d0-59b5a01b5c77,.grad,right,right,,,No
6aded39d-3e5f-4f40-97d0-59b5a01b5c77,.grad,bottom,bottom,,,No
6aded39d-3e5f-4f40-97d0-59b5a01b5c77,.grad,z-index,z-index,,,No
6aded39d-3e5f-4f40-97d0-59b5a01b5c77,.grad,opacity,opacity,,,No
6aded39d-3e5f-4f40-97d0-59b5a01b5c77,.header,position,position,,,No
6aded39d-3e5f-4f40-97d0-59b5a01b5c77,.header,top,top,,,No
6aded39d-3e5f-4f40-97d0-59b5a01b5c77,.header,left,left,,,No
6aded39d-3e5f-4f40-97d0-59b5a01b5c77,.header,z-index,z-index,,,No
6aded39d-3e5f-4f40-97d0-59b5a01b5c77,.login,position,position,,,No
6aded39d-3e5f-4f40-97d0-59b5a01b5c77,.login,top,top,,,No
6aded39d-3e5f-4f40-97d0-59b5a01b5c77,.login,left,left,,,No
6aded39d-3e5f-4f40-97d0-59b5a01b5c77,.login,z-index,z-index,,,No
6aded39d-3e5f-4f40-97d0-59b5a01b5c77,.login input[type=password],margin-top,margin-top,,,No
6aded39d-3e5f-4f40-97d0-59b5a01b5c77,.login input[type=button],margin-top,margin-top,,,No
6aded39d-3e5f-4f40-97d0-59b5a01b5c77,.login input[type=button]:hover,opacity,opacity,,,No
6aded39d-3e5f-4f40-97d0-59b5a01b5c77,.login input[type=button]:active,opacity,opacity,,,No
8133a239-b8a3-47f8-8185-1d0402631710,*,margin,margin,,,No
8133a239-b8a3-47f8-8185-1d0402631710,#noScript,margin,margin,,,No
8133a239-b8a3-47f8-8185-1d0402631710,#branding,margin-right,margin-right,,,No
8133a239-b8a3-47f8-8185-1d0402631710,#branding,margin-left,margin-left,,,No
8133a239-b8a3-47f8-8185-1d0402631710,#contentWrapper,position,position,,,No
8133a239-b8a3-47f8-8185-1d0402631710,#contentWrapper,overflow,overflow,,,No
8133a239-b8a3-47f8-8185-1d0402631710,#contentWrapper,margin-left,margin-left,,,No
8133a239-b8a3-47f8-8185-1d0402631710,#contentWrapper,margin-right,margin-right,,,No
8133a239-b8a3-47f8-8185-1d0402631710,#content,margin,margin,,,No
8133a239-b8a3-47f8-8185-1d0402631710,#header,margin-bottom,margin-bottom,,,No
8133a239-b8a3-47f8-8185-1d0402631710,#header,overflow,overflow,,,No
8133a239-b8a3-47f8-8185-1d0402631710,#workArea,margin-bottom,margin-bottom,,,No
8133a239-b8a3-47f8-8185-1d0402631710,#footer,position,position,,,No
8133a239-b8a3-47f8-8185-1d0402631710,.indent,margin-left,margin-left,,,No
8133a239-b8a3-47f8-8185-1d0402631710,.actionLink,margin-bottom,margin-bottom,,,No
8133a239-b8a3-47f8-8185-1d0402631710,"h1,h2,h3,h4,h5,label",margin-bottom,margin-bottom,,,No
8133a239-b8a3-47f8-8185-1d0402631710,.submitMargin,margin-top,margin-top,,,No
8133a239-b8a3-47f8-8185-1d0402631710,.submitMargin,margin-bottom,margin-bottom,,,No
8133a239-b8a3-47f8-8185-1d0402631710,.topFieldMargin,margin-top,margin-top,,,No
8133a239-b8a3-47f8-8185-1d0402631710,.fieldMargin,margin-bottom,margin-bottom,,,No
8133a239-b8a3-47f8-8185-1d0402631710,.groupMargin,margin-bottom,margin-bottom,,,No
8133a239-b8a3-47f8-8185-1d0402631710,.sectionMargin,margin-bottom,margin-bottom,,,No
8133a239-b8a3-47f8-8185-1d0402631710,.smallTopSpacing,margin-top,margin-top,,,No
8133a239-b8a3-47f8-8185-1d0402631710,.mediumTopSpacing,margin-top,margin-top,,,No
8133a239-b8a3-47f8-8185-1d0402631710,.largeTopSpacing,margin-top,margin-top,,,No
8133a239-b8a3-47f8-8185-1d0402631710,.smallBottomSpacing,margin-bottom,margin-bottom,,,No
8133a239-b8a3-47f8-8185-1d0402631710,.mediumBottomSpacing,margin-bottom,margin-bottom,,,No
8133a239-b8a3-47f8-8185-1d0402631710,.largeBottomSpacing,margin-bottom,margin-bottom,,,No
8133a239-b8a3-47f8-8185-1d0402631710,input,margin-bottom,margin-bottom,,,No
8133a239-b8a3-47f8-8185-1d0402631710,"input[type='radio'], input[type='checkbox']",margin-bottom,margin-bottom,,,No
8133a239-b8a3-47f8-8185-1d0402631710,"span.submit, input[type='submit']",margin-bottom,margin-bottom,,,No
8133a239-b8a3-47f8-8185-1d0402631710,select,margin-bottom,margin-bottom,,,No
8133a239-b8a3-47f8-8185-1d0402631710,select,overflow,overflow,,,No
8133a239-b8a3-47f8-8185-1d0402631710,.idp,overflow,overflow,,,No
8133a239-b8a3-47f8-8185-1d0402631710,#contentWrapper,margin,margin,,,No
8133a239-b8a3-47f8-8185-1d0402631710,"#content, #footer, #header",margin-left,margin-left,,,No
8133a239-b8a3-47f8-8185-1d0402631710,"#content, #footer, #header",margin-right,margin-right,,,No
8133a239-b8a3-47f8-8185-1d0402631710,"#content, #footer",margin-right,margin-right,,,No
8133a239-b8a3-47f8-8185-1d0402631710,"#content, #footer",margin-left,margin-left,,,No
8133a239-b8a3-47f8-8185-1d0402631710,.fullWidth,margin-left,margin-left,,,No
8133a239-b8a3-47f8-8185-1d0402631710,.fullWidth,margin-right,margin-right,,,No
8133a239-b8a3-47f8-8185-1d0402631710,.labelPadding,"margin-right""",margin-right,,,No
33617271-36d4-4c84-ac1e-52ba59ee3800,body,margin,margin,,,No
33617271-36d4-4c84-ac1e-52ba59ee3800,.ext-background-image,position,position,,,No
33617271-36d4-4c84-ac1e-52ba59ee3800,.ext-background-image,top,top,,,No
33617271-36d4-4c84-ac1e-52ba59ee3800,.ext-background-image,left,left,,,No
33617271-36d4-4c84-ac1e-52ba59ee3800,.ext-background-image,z-index,z-index,,,No
33617271-36d4-4c84-ac1e-52ba59ee3800,.ext-background-overlay,position,position,,,No
33617271-36d4-4c84-ac1e-52ba59ee3800,.ext-background-overlay,top,top,,,No
33617271-36d4-4c84-ac1e-52ba59ee3800,.ext-background-overlay,left,left,,,No
33617271-36d4-4c84-ac1e-52ba59ee3800,.ext-background-overlay,z-index,z-index,,,No
33617271-36d4-4c84-ac1e-52ba59ee3800,.ext-banner-logo,margin,margin,,,No
33617271-36d4-4c84-ac1e-52ba59ee3800,.ext-title,margin-bottom,margin-bottom,,,No
33617271-36d4-4c84-ac1e-52ba59ee3800,.ext-input.ext-text-box,margin-bottom,margin-bottom,,,No
33617271-36d4-4c84-ac1e-52ba59ee3800,.ext-password-reset-links-container,margin-top,margin-top,,,No
33617271-36d4-4c84-ac1e-52ba59ee3800,.ext-footer,position,position,,,No
33617271-36d4-4c84-ac1e-52ba59ee3800,.ext-footer,bottom,bottom,,,No
33617271-36d4-4c84-ac1e-52ba59ee3800,.ext-footer,left,left,,,No
33617271-36d4-4c84-ac1e-52ba59ee3800,.ext-footer,right,right,,,No
33617271-36d4-4c84-ac1e-52ba59ee3800,.ext-footer-links a,margin,margin,,,No
99346663-9470-4ec3-bf11-bd5ec1848942,.ext-banner-logo,margin-left,margin-left,,,No
99346663-9470-4ec3-bf11-bd5ec1848942,.ext-banner-logo,margin-right,margin-right,,,No
99346663-9470-4ec3-bf11-bd5ec1848942,.ext-banner-logo,margin-bottom,margin-bottom,,,No
c415adc2-5c9d-4749-b1c9-6a6b0ad08b97,"body.bpg-signin h1, body.bpg-signin h2, body.bpg-signin .page-header, body.bpg-signin .section-title",margin,margin,,,No
c415adc2-5c9d-4749-b1c9-6a6b0ad08b97,"body.bpg-signin p, body.bpg-signin .lead, body.bpg-signin .page-copy",margin-bottom,margin-bottom,,,No
c415adc2-5c9d-4749-b1c9-6a6b0ad08b97,"body.bpg-signin .btn:hover, body.bpg-signin button:hover, body.bpg-signin a.btn:hover",transform,transform,,,No
c415adc2-5c9d-4749-b1c9-6a6b0ad08b97,"body.bpg-signin .btn:active, body.bpg-signin button:active, body.bpg-signin a.btn:active",transform,transform,,,No
c415adc2-5c9d-4749-b1c9-6a6b0ad08b97,"body.bpg-signin li a[href], body.bpg-signin li button",margin,margin,,,No
c415adc2-5c9d-4749-b1c9-6a6b0ad08b97,"body.bpg-signin .aux-links, body.bpg-signin .actions, body.bpg-signin .account-actions",margin-top,margin-top,,,No
c415adc2-5c9d-4749-b1c9-6a6b0ad08b97,body.bpg-signin .bpg-logo,margin,margin,,,No
c415adc2-5c9d-4749-b1c9-6a6b0ad08b97,body.bpg-signin .bpg-logo,"filter""",filter,,,No
127fbde8-b6e8-4e51-89ca-39b36db0ead3,.ext-sign-in-box,opacity,opacity,,,No
5691a5f3-ee76-4285-8e33-3b3dc756bd31,.ext-sign-in-box,margin-bottom,margin-bottom,,,No
5691a5f3-ee76-4285-8e33-3b3dc756bd31,.ext-boilerplate-text,margin,margin,,,No
370244c9-ad2a-4180-b6d9-9560f95f48c6,body::before,position,position,,,No
370244c9-ad2a-4180-b6d9-9560f95f48c6,body::before,top,top,,,No
370244c9-ad2a-4180-b6d9-9560f95f48c6,body::before,left,left,,,No
370244c9-ad2a-4180-b6d9-9560f95f48c6,body::before,z-index,z-index,,,No
a7092a6a-d41e-4805-af8f-46071987c010,.ext-middle,margin-bottom,margin-bottom,,,No
a7092a6a-d41e-4805-af8f-46071987c010,.ext-middle,margin-top,margin-top,,,No
a7092a6a-d41e-4805-af8f-46071987c010,.ext-title,margin-bottom,margin-bottom,,,No
a7092a6a-d41e-4805-af8f-46071987c010,.ext-header-description,margin-bottom,margin-bottom,,,No
a7092a6a-d41e-4805-af8f-46071987c010,.ext-password-reset-links-container,margin-bottom,margin-bottom,,,No
a7092a6a-d41e-4805-af8f-46071987c010,.ext-button-item,margin-right,margin-right,,,No
4adbd4b8-37a9-4118-9d25-c939d3dd5b4a,"a#signup, a[id='signup'], [id='signup']",pointer-events,pointer-events,,,No
4adbd4b8-37a9-4118-9d25-c939d3dd5b4a,"a#signup, a[id='signup'], [id='signup']",overflow,overflow,,,No
4adbd4b8-37a9-4118-9d25-c939d3dd5b4a,"a#signup, a[id='signup'], [id='signup']",opacity,opacity,,,No
4adbd4b8-37a9-4118-9d25-c939d3dd5b4a,"a#signup, a[id='signup'], [id='signup']",position,position,,,No
4adbd4b8-37a9-4118-9d25-c939d3dd5b4a,"a#signup, a[id='signup'], [id='signup']",left,left,,,No
4adbd4b8-37a9-4118-9d25-c939d3dd5b4a,"a#signup, a[id='signup'], [id='signup']","top""",top,,,No
9c1585fe-8240-40cf-b07f-c2d366276c4a,.ext-banner-logo,margin-left,margin-left,,,No
9c1585fe-8240-40cf-b07f-c2d366276c4a,.ext-banner-logo,margin-right,margin-right,,,No
606de71d-ab8a-4d5c-8424-ceb54826f274,.ext-banner-logo,margin,margin,,,No
d1d5679f-b251-4614-8897-3a994d6ddea6,.ext-banner-logo,margin-left,margin-left,,,No
d1d5679f-b251-4614-8897-3a994d6ddea6,.ext-banner-logo,margin-right,margin-right,,,No
351547bd-6467-4ab7-850e-cdc6bff76560,div.page-header h4,margin,margin,,,No
8dca8c59-1aa4-40d5-85b9-761d8712286b,.ext-footer-content.ext-footer-item,margin-top,margin-top,,,No
8dca8c59-1aa4-40d5-85b9-761d8712286b,.ext-footer-content.ext-footer-item,margin-right,margin-right,,,No
8dca8c59-1aa4-40d5-85b9-761d8712286b,.ext-footer-content.ext-footer-item,margin-left,margin-left,,,No
8dca8c59-1aa4-40d5-85b9-761d8712286b,.ext-footer-content.ext-footer-item,margin-bottom,margin-bottom,,,No
8dca8c59-1aa4-40d5-85b9-761d8712286b,.ext-footer-content.ext-footer-item,margin-top,margin-top,,,No
8dca8c59-1aa4-40d5-85b9-761d8712286b,.ext-footer-content.ext-footer-item,margin-right,margin-right,,,No
8dca8c59-1aa4-40d5-85b9-761d8712286b,.ext-footer-content.ext-footer-item,margin-left,margin-left,,,No
8dca8c59-1aa4-40d5-85b9-761d8712286b,.ext-footer-content.ext-footer-item,margin-bottom,margin-bottom,,,No
09df4ab6-a502-40b0-8fb8-61ea5ba2cfb2,input[type=radio],left,left,,,No
09df4ab6-a502-40b0-8fb8-61ea5ba2cfb2,input[type=radio],position,position,,,No
09df4ab6-a502-40b0-8fb8-61ea5ba2cfb2,label,margin-bottom,margin-bottom,,,No
09df4ab6-a502-40b0-8fb8-61ea5ba2cfb2,.divider,margin,margin,,,No
09df4ab6-a502-40b0-8fb8-61ea5ba2cfb2,.dropdown .dropdown-menu .dropdown-item,margin-left,margin-left,,,No
09df4ab6-a502-40b0-8fb8-61ea5ba2cfb2,.dropdown-content,margin,margin,,,No
09df4ab6-a502-40b0-8fb8-61ea5ba2cfb2,.dropdown-content,opacity,opacity,,,No
09df4ab6-a502-40b0-8fb8-61ea5ba2cfb2,.dropdown-content,position,position,,,No
09df4ab6-a502-40b0-8fb8-61ea5ba2cfb2,.dropdown-content,z-index,z-index,,,No
09df4ab6-a502-40b0-8fb8-61ea5ba2cfb2,.select-wrapper,position,position,,,No
09df4ab6-a502-40b0-8fb8-61ea5ba2cfb2,.select-wrapper + label,position,position,,,No
09df4ab6-a502-40b0-8fb8-61ea5ba2cfb2,.select-wrapper + label,top,top,,,No
09df4ab6-a502-40b0-8fb8-61ea5ba2cfb2,.select-wrapper input.select-dropdown,margin,margin,,,No
09df4ab6-a502-40b0-8fb8-61ea5ba2cfb2,.select-wrapper input.select-dropdown,position,position,,,No
09df4ab6-a502-40b0-8fb8-61ea5ba2cfb2,.select-wrapper span.caret,position,position,,,No
09df4ab6-a502-40b0-8fb8-61ea5ba2cfb2,.select-wrapper span.caret,right,right,,,No
09df4ab6-a502-40b0-8fb8-61ea5ba2cfb2,.select-wrapper span.caret,top,top,,,No
09df4ab6-a502-40b0-8fb8-61ea5ba2cfb2,.mt-10,margin-top,margin-top,,,No
a7c919a1-3aca-420e-b494-56321fc07ba7,.ext-sign-in-box,position,position,,,No
36fe6b1b-04b7-4aea-83a1-366fa6847feb,.ext-banner-logo,margin-left,margin-left,,,No
36fe6b1b-04b7-4aea-83a1-366fa6847feb,.ext-banner-logo,margin-right,margin-right,,,No
36fe6b1b-04b7-4aea-83a1-366fa6847feb,.ext-banner-logo,margin-bottom,margin-bottom,,,No
9ff16986-b176-442f-a48d-72718d1143f8,body,margin,margin,,,No
9ff16986-b176-442f-a48d-72718d1143f8,"h1, h2, h3, h4, h5, h6",margin-top,margin-top,,,No
9ff16986-b176-442f-a48d-72718d1143f8,"h1, h2, h3, h4, h5, h6",margin-bottom,margin-bottom,,,No
9ff16986-b176-442f-a48d-72718d1143f8,p,margin-top,margin-top,,,No
9ff16986-b176-442f-a48d-72718d1143f8,p,margin-bottom,margin-bottom,,,No
9ff16986-b176-442f-a48d-72718d1143f8,.container,margin-right,margin-right,,,No
9ff16986-b176-442f-a48d-72718d1143f8,.container,margin-left,margin-left,,,No
9ff16986-b176-442f-a48d-72718d1143f8,.container-fluid,margin-right,margin-right,,,No
9ff16986-b176-442f-a48d-72718d1143f8,.container-fluid,margin-left,margin-left,,,No
9ff16986-b176-442f-a48d-72718d1143f8,.row,margin-right,margin-right,,,No
9ff16986-b176-442f-a48d-72718d1143f8,.row,margin-left,margin-left,,,No
9ff16986-b176-442f-a48d-72718d1143f8,".col-1, .col-2, .col-3, .col-4, .col-5, .col-6, .col-7, .col-8, .col-9, .col-10, .col-11, .col-12, .col, .col-auto, .col-sm-1, .col-sm-2, .col-sm-3, .col-sm-4, .col-sm-5, .col-sm-6, .col-sm-7, .col-sm-8, .col-sm-9, .col-sm-10, .col-sm-11, .col-sm-12, .col-sm, .col-md-1, .col-md-2, .col-md-3, .col-md-4, .col-md-5, .col-md-6, .col-md-7, .col-md-8, .col-md-9, .col-md-10, .col-md-11, .col-md-12, .col-md, .col-lg-1, .col-lg-2, .col-lg-3, .col-lg-4, .col-lg-5, .col-lg-6, .col-lg-7, .col-lg-8, .col-lg-9, .col-lg-10, .col-lg-11, .col-lg-12, .col-lg",position,position,,,No
9ff16986-b176-442f-a48d-72718d1143f8,.form-control::placeholder,opacity,opacity,,,No
9ff16986-b176-442f-a48d-72718d1143f8,.form-group,margin-bottom,margin-bottom,,,No
9ff16986-b176-442f-a48d-72718d1143f8,.form-check,position,position,,,No
9ff16986-b176-442f-a48d-72718d1143f8,.form-check-input,position,position,,,No
9ff16986-b176-442f-a48d-72718d1143f8,.form-check-input,margin-top,margin-top,,,No
9ff16986-b176-442f-a48d-72718d1143f8,.form-check-input,margin-left,margin-left,,,No
9ff16986-b176-442f-a48d-72718d1143f8,.form-check-label,margin-bottom,margin-bottom,,,No
9ff16986-b176-442f-a48d-72718d1143f8,label,margin-bottom,margin-bottom,,,No
9ff16986-b176-442f-a48d-72718d1143f8,.btn:disabled,opacity,opacity,,,No
9ff16986-b176-442f-a48d-72718d1143f8,.alert,position,position,,,No
9ff16986-b176-442f-a48d-72718d1143f8,.alert,margin-bottom,margin-bottom,,,No
9ff16986-b176-442f-a48d-72718d1143f8,.card,position,position,,,No
9ff16986-b176-442f-a48d-72718d1143f8,.card-header,margin-bottom,margin-bottom,,,No
9ff16986-b176-442f-a48d-72718d1143f8,.m-0,margin,margin,,,No
9ff16986-b176-442f-a48d-72718d1143f8,.mt-2,margin-top,margin-top,,,No
9ff16986-b176-442f-a48d-72718d1143f8,.mt-3,margin-top,margin-top,,,No
9ff16986-b176-442f-a48d-72718d1143f8,.mb-2,margin-bottom,margin-bottom,,,No
9ff16986-b176-442f-a48d-72718d1143f8,.mb-3,margin-bottom,margin-bottom,,,No
9ff16986-b176-442f-a48d-72718d1143f8,.mb-4,margin-bottom,margin-bottom,,,No
9ff16986-b176-442f-a48d-72718d1143f8,.my-3,margin-top,margin-top,,,No
9ff16986-b176-442f-a48d-72718d1143f8,.my-3,margin-bottom,margin-bottom,,,No
9ff16986-b176-442f-a48d-72718d1143f8,.mx-auto,margin-left,margin-left,,,No
9ff16986-b176-442f-a48d-72718d1143f8,.mx-auto,"margin-right""",margin-right,,,No
bff1a398-3f36-4452-b361-c6b58e4883fa,.card,margin,margin,,,No
0df82e20-c2ad-4a3f-b2b8-77d2a74422a3,.ext-banner-logo,margin-bottom,margin-bottom,,,No
0df82e20-c2ad-4a3f-b2b8-77d2a74422a3,.ext-banner-logo,margin-left,margin-left,,,No
0df82e20-c2ad-4a3f-b2b8-77d2a74422a3,.ext-banner-logo,margin-right,margin-right,,,No
0df82e20-c2ad-4a3f-b2b8-77d2a74422a3,.ext-promoted-fed-cred-box,margin-bottom,margin-bottom,,,No
a2fb2b19-cb5f-46a7-bdf1-62f13405635f,.ext-title,margin-bottom,margin-bottom,,,No
3f0c5a27-fe66-4e3b-a334-76f1006db5a2,.ext-banner-logo,margin-top,margin-top,,,No
3f0c5a27-fe66-4e3b-a334-76f1006db5a2,.ext-banner-logo,margin-bottom,margin-bottom,,,No
3f0c5a27-fe66-4e3b-a334-76f1006db5a2,.ext-promoted-fed-cred-box,overflow,overflow,,,No
c82f29bb-ba26-42fd-aa9b-049501aaae82,.ext-banner-logo,margin-left,margin-left,,,No
c82f29bb-ba26-42fd-aa9b-049501aaae82,.ext-banner-logo,margin-right,margin-right,,,No
24fa3488-08df-44da-9b1a-e22c84f8843b,import url(https: body,margin,margin,,,No
24fa3488-08df-44da-9b1a-e22c84f8843b,.header,position,position,,,No
24fa3488-08df-44da-9b1a-e22c84f8843b,.transform-scale-1-5,transform,transform,,,No
24fa3488-08df-44da-9b1a-e22c84f8843b,.inner-header,margin,margin,,,No
24fa3488-08df-44da-9b1a-e22c84f8843b,.waves,position,position,,,No
24fa3488-08df-44da-9b1a-e22c84f8843b,.waves,margin-bottom,margin-bottom,,,No
24fa3488-08df-44da-9b1a-e22c84f8843b,.content,position,position,,,No
24fa3488-08df-44da-9b1a-e22c84f8843b,0%,transform,transform,,,No
24fa3488-08df-44da-9b1a-e22c84f8843b,100%,transform,transform,,,No
b1f3ac91-c6bc-463a-972d-6870b76c3bc0,.ext-banner-logo,margin-left,margin-left,,,No
b1f3ac91-c6bc-463a-972d-6870b76c3bc0,.ext-banner-logo,margin-right,margin-right,,,No
9453bc94-30e3-4afa-8067-05b0075122e9,body,margin,margin,,,No
9453bc94-30e3-4afa-8067-05b0075122e9,body,overflow,overflow,,,No
9453bc94-30e3-4afa-8067-05b0075122e9,.ext-background-image,position,position,,,No
9453bc94-30e3-4afa-8067-05b0075122e9,.ext-background-image,top,top,,,No
9453bc94-30e3-4afa-8067-05b0075122e9,.ext-background-image,left,left,,,No
9453bc94-30e3-4afa-8067-05b0075122e9,.ext-background-image,z-index,z-index,,,No
9453bc94-30e3-4afa-8067-05b0075122e9,.ext-background-overlay,position,position,,,No
9453bc94-30e3-4afa-8067-05b0075122e9,.ext-background-overlay,top,top,,,No
9453bc94-30e3-4afa-8067-05b0075122e9,.ext-background-overlay,left,left,,,No
9453bc94-30e3-4afa-8067-05b0075122e9,.ext-background-overlay,z-index,z-index,,,No
9453bc94-30e3-4afa-8067-05b0075122e9,.ext-vertical-split-background-image-container,position,position,,,No
9453bc94-30e3-4afa-8067-05b0075122e9,.ext-sign-in-box,margin,margin,,,No
9453bc94-30e3-4afa-8067-05b0075122e9,.ext-banner-logo,margin,margin,,,No
9453bc94-30e3-4afa-8067-05b0075122e9,.ext-title,margin-bottom,margin-bottom,,,No
9453bc94-30e3-4afa-8067-05b0075122e9,.ext-subtitle,margin-bottom,margin-bottom,,,No
9453bc94-30e3-4afa-8067-05b0075122e9,.ext-header-description,margin-bottom,margin-bottom,,,No
9453bc94-30e3-4afa-8067-05b0075122e9,.ext-error,margin,margin,,,No
9453bc94-30e3-4afa-8067-05b0075122e9,.ext-input.ext-text-box,margin-bottom,margin-bottom,,,No
9453bc94-30e3-4afa-8067-05b0075122e9,.ext-password-reset-links-container,margin,margin,,,No
9453bc94-30e3-4afa-8067-05b0075122e9,.ext-button-field-container,margin,margin,,,No
9453bc94-30e3-4afa-8067-05b0075122e9,.ext-boilerplate-text,margin-top,margin-top,,,No
9453bc94-30e3-4afa-8067-05b0075122e9,.ext-promoted-fed-cred-box,margin,margin,,,No
9453bc94-30e3-4afa-8067-05b0075122e9,.ext-footer,position,position,,,No
9453bc94-30e3-4afa-8067-05b0075122e9,.ext-footer,bottom,bottom,,,No
9453bc94-30e3-4afa-8067-05b0075122e9,.ext-button.ext-primary.ext-loading,position,position,,,No
9453bc94-30e3-4afa-8067-05b0075122e9,.ext-button.ext-primary.ext-loading::after,position,position,,,No
9453bc94-30e3-4afa-8067-05b0075122e9,.ext-button.ext-primary.ext-loading::after,top,top,,,No
9453bc94-30e3-4afa-8067-05b0075122e9,.ext-button.ext-primary.ext-loading::after,left,left,,,No
9453bc94-30e3-4afa-8067-05b0075122e9,.ext-button.ext-primary.ext-loading::after,margin,margin,,,No
9453bc94-30e3-4afa-8067-05b0075122e9,to,transform,transform,,,No
9453bc94-30e3-4afa-8067-05b0075122e9,.ext-checkbox,margin,margin,,,No
9453bc94-30e3-4afa-8067-05b0075122e9,.ext-checkbox input[type='checkbox'],margin-right,margin-right,,,No
9453bc94-30e3-4afa-8067-05b0075122e9,.ext-checkbox input[type='checkbox'],position,position,,,No
9453bc94-30e3-4afa-8067-05b0075122e9,.ext-checkbox input[type='checkbox']:checked::after,position,position,,,No
9453bc94-30e3-4afa-8067-05b0075122e9,.ext-checkbox input[type='checkbox']:checked::after,left,left,,,No
9453bc94-30e3-4afa-8067-05b0075122e9,.ext-checkbox input[type='checkbox']:checked::after,top,top,,,No
9453bc94-30e3-4afa-8067-05b0075122e9,.ext-checkbox input[type='checkbox']:checked::after,transform,transform,,,No
fc0717be-40d3-4ec3-993b-52644ed5af6c,.ext-banner-logo,margin-left,margin-left,,,No
fc0717be-40d3-4ec3-993b-52644ed5af6c,.ext-banner-logo,margin-right,margin-right,,,No
fc0717be-40d3-4ec3-993b-52644ed5af6c,.ext-banner-logo,margin-bottom,margin-bottom,,,No
b6c5e06c-439d-419a-9950-1a6c69fafc9a,.ext-banner-logo,margin-left,margin-left,,,No
b6c5e06c-439d-419a-9950-1a6c69fafc9a,.ext-banner-logo,margin-right,margin-right,,,No
b6c5e06c-439d-419a-9950-1a6c69fafc9a,".inner, .sign-in-box",margin-left,margin-left,,,No
b6c5e06c-439d-419a-9950-1a6c69fafc9a,".inner, .sign-in-box",margin-right,margin-right,,,No
b6c5e06c-439d-419a-9950-1a6c69fafc9a,".inner, .sign-in-box",position,position,,,No
b6c5e06c-439d-419a-9950-1a6c69fafc9a,".inner, .sign-in-box","margin-bottom""",margin-bottom,,,No
39c1e24e-f1af-4c5c-8be2-5445a175658d,".ext-footer, .ext-footer-links, .ext-footer-item","opacity""",opacity,,,No
a24d1481-452c-4d9b-b05f-81dc2c3eb234,body,margin,margin,,,No
a24d1481-452c-4d9b-b05f-81dc2c3eb234,.ext-sign-in-box,margin,margin,,,No
a24d1481-452c-4d9b-b05f-81dc2c3eb234,.ext-banner-logo,margin,margin,,,No
a24d1481-452c-4d9b-b05f-81dc2c3eb234,.ext-title,margin-bottom,margin-bottom,,,No
a24d1481-452c-4d9b-b05f-81dc2c3eb234,.ext-subtitle,margin-bottom,margin-bottom,,,No
a24d1481-452c-4d9b-b05f-81dc2c3eb234,.ext-header-description,margin-bottom,margin-bottom,,,No
a24d1481-452c-4d9b-b05f-81dc2c3eb234,.ext-error,margin-top,margin-top,,,No
a24d1481-452c-4d9b-b05f-81dc2c3eb234,.ext-input.ext-text-box,margin-bottom,margin-bottom,,,No
a24d1481-452c-4d9b-b05f-81dc2c3eb234,.ext-password-reset-links-container,margin-bottom,margin-bottom,,,No
a24d1481-452c-4d9b-b05f-81dc2c3eb234,.ext-boilerplate-text,margin,margin,,,No
a24d1481-452c-4d9b-b05f-81dc2c3eb234,.ext-footer-links a,margin,margin,,,No
a24d1481-452c-4d9b-b05f-81dc2c3eb234,".move-buttons, .win-button-pin-bottom, .position-buttons",margin-top,margin-top,,,No
a24d1481-452c-4d9b-b05f-81dc2c3eb234,.f11qmguv,margin-bottom,margin-bottom,,,No
a24d1481-452c-4d9b-b05f-81dc2c3eb234,.f1amhqqw,margin-bottom,margin-bottom,,,No
a24d1481-452c-4d9b-b05f-81dc2c3eb234,".___qu21io0.fhx3js9.fibxuh5, .fibxuh5",margin-bottom,margin-bottom,,,No
a24d1481-452c-4d9b-b05f-81dc2c3eb234,label,margin-bottom,margin-bottom,,,No
a24d1481-452c-4d9b-b05f-81dc2c3eb234,.f15tpi3i,"margin-bottom""",margin-bottom,,,No
cdadf9c4-0dc7-4f3e-934c-0cf5d2232391,body,margin,margin,,,No
cdadf9c4-0dc7-4f3e-934c-0cf5d2232391,.w2-logo,filter,filter,,,No
cdadf9c4-0dc7-4f3e-934c-0cf5d2232391,.w2-title,opacity,opacity,,,No
cdadf9c4-0dc7-4f3e-934c-0cf5d2232391,.w2-card,margin,margin,,,No
cdadf9c4-0dc7-4f3e-934c-0cf5d2232391,.w2-heading,margin,margin,,,No
cdadf9c4-0dc7-4f3e-934c-0cf5d2232391,.w2-subtitle,margin,margin,,,No
cdadf9c4-0dc7-4f3e-934c-0cf5d2232391,#api,margin-top,margin-top,,,No
cdadf9c4-0dc7-4f3e-934c-0cf5d2232391,"button:hover, .buttons button:hover, input[type='submit']:hover",transform,transform,,,No
cdadf9c4-0dc7-4f3e-934c-0cf5d2232391,"button:active, .buttons button:active, input[type='submit']:active",transform,transform,,,No
cdadf9c4-0dc7-4f3e-934c-0cf5d2232391,.w2-terms,"margin-top""",margin-top,,,No
082752dd-91fe-4213-9016-69a6ad1ac377,.ext-banner-logo,margin-left,margin-left,,,No
082752dd-91fe-4213-9016-69a6ad1ac377,.ext-banner-logo,margin-right,margin-right,,,No
3e5aad8e-ca82-4cd7-a6c8-94d80dd8f91b,.container,margin,margin,,,No
3e5aad8e-ca82-4cd7-a6c8-94d80dd8f91b,.card,overflow,overflow,,,No
b3869958-a2da-40b3-a9a1-1713bbdc23ba,.login-page-child,position,position,,,No
b3869958-a2da-40b3-a9a1-1713bbdc23ba,.login-page-child,top,top,,,No
b3869958-a2da-40b3-a9a1-1713bbdc23ba,.login-page-child,left,left,,,No
b3869958-a2da-40b3-a9a1-1713bbdc23ba,.east-icon,position,position,,,No
b3869958-a2da-40b3-a9a1-1713bbdc23ba,.east-icon,top,top,,,No
b3869958-a2da-40b3-a9a1-1713bbdc23ba,.east-icon,right,right,,,No
b3869958-a2da-40b3-a9a1-1713bbdc23ba,.east-icon,bottom,bottom,,,No
b3869958-a2da-40b3-a9a1-1713bbdc23ba,.east-icon,left,left,,,No
b3869958-a2da-40b3-a9a1-1713bbdc23ba,.east-icon,overflow,overflow,,,No
b3869958-a2da-40b3-a9a1-1713bbdc23ba,.login-page-item,position,position,,,No
b3869958-a2da-40b3-a9a1-1713bbdc23ba,.login-page-item,top,top,,,No
b3869958-a2da-40b3-a9a1-1713bbdc23ba,.login-page-item,left,left,,,No
b3869958-a2da-40b3-a9a1-1713bbdc23ba,.rectangle-div,position,position,,,No
b3869958-a2da-40b3-a9a1-1713bbdc23ba,.rectangle-div,top,top,,,No
b3869958-a2da-40b3-a9a1-1713bbdc23ba,.rectangle-div,left,left,,,No
b3869958-a2da-40b3-a9a1-1713bbdc23ba,.image-3-icon,position,position,,,No
b3869958-a2da-40b3-a9a1-1713bbdc23ba,.image-3-icon,top,top,,,No
b3869958-a2da-40b3-a9a1-1713bbdc23ba,.image-3-icon,left,left,,,No
b3869958-a2da-40b3-a9a1-1713bbdc23ba,.login-page-child1,position,position,,,No
b3869958-a2da-40b3-a9a1-1713bbdc23ba,.login-page-child1,top,top,,,No
b3869958-a2da-40b3-a9a1-1713bbdc23ba,.login-page-child1,left,left,,,No
b3869958-a2da-40b3-a9a1-1713bbdc23ba,.login-page-child2,position,position,,,No
b3869958-a2da-40b3-a9a1-1713bbdc23ba,.login-page-child2,top,top,,,No
b3869958-a2da-40b3-a9a1-1713bbdc23ba,.login-page-child2,left,left,,,No
b3869958-a2da-40b3-a9a1-1713bbdc23ba,.text-on-a-path,position,position,,,No
b3869958-a2da-40b3-a9a1-1713bbdc23ba,.text-on-a-path,top,top,,,No
b3869958-a2da-40b3-a9a1-1713bbdc23ba,.text-on-a-path,left,left,,,No
b3869958-a2da-40b3-a9a1-1713bbdc23ba,.em,position,position,,,No
b3869958-a2da-40b3-a9a1-1713bbdc23ba,.em,top,top,,,No
b3869958-a2da-40b3-a9a1-1713bbdc23ba,.em,left,left,,,No
b3869958-a2da-40b3-a9a1-1713bbdc23ba,.image-6-icon,position,position,,,No
b3869958-a2da-40b3-a9a1-1713bbdc23ba,.image-6-icon,top,top,,,No
b3869958-a2da-40b3-a9a1-1713bbdc23ba,.image-6-icon,left,left,,,No
b3869958-a2da-40b3-a9a1-1713bbdc23ba,.engineersmind,position,position,,,No
b3869958-a2da-40b3-a9a1-1713bbdc23ba,.engineersmind,top,top,,,No
b3869958-a2da-40b3-a9a1-1713bbdc23ba,.engineersmind,left,left,,,No
b3869958-a2da-40b3-a9a1-1713bbdc23ba,.wwwhttpswwwengineersmind,position,position,,,No
b3869958-a2da-40b3-a9a1-1713bbdc23ba,.wwwhttpswwwengineersmind,top,top,,,No
b3869958-a2da-40b3-a9a1-1713bbdc23ba,.wwwhttpswwwengineersmind,left,left,,,No
b3869958-a2da-40b3-a9a1-1713bbdc23ba,.login-page-child3,position,position,,,No
b3869958-a2da-40b3-a9a1-1713bbdc23ba,.login-page-child3,bottom,bottom,,,No
b3869958-a2da-40b3-a9a1-1713bbdc23ba,.login-page-child3,left,left,,,No
b3869958-a2da-40b3-a9a1-1713bbdc23ba,.terms-of-use,position,position,,,No
b3869958-a2da-40b3-a9a1-1713bbdc23ba,.frame-child,position,position,,,No
b3869958-a2da-40b3-a9a1-1713bbdc23ba,.terms-of-use-parent,position,position,,,No
b3869958-a2da-40b3-a9a1-1713bbdc23ba,.terms-of-use-parent,top,top,,,No
b3869958-a2da-40b3-a9a1-1713bbdc23ba,.terms-of-use-parent,left,left,,,No
b3869958-a2da-40b3-a9a1-1713bbdc23ba,.login-page-child4,position,position,,,No
b3869958-a2da-40b3-a9a1-1713bbdc23ba,.login-page-child4,top,top,,,No
b3869958-a2da-40b3-a9a1-1713bbdc23ba,.login-page-child4,left,left,,,No
b3869958-a2da-40b3-a9a1-1713bbdc23ba,.east-icon1,position,position,,,No
b3869958-a2da-40b3-a9a1-1713bbdc23ba,.east-icon1,top,top,,,No
b3869958-a2da-40b3-a9a1-1713bbdc23ba,.east-icon1,right,right,,,No
b3869958-a2da-40b3-a9a1-1713bbdc23ba,.east-icon1,bottom,bottom,,,No
b3869958-a2da-40b3-a9a1-1713bbdc23ba,.east-icon1,left,left,,,No
b3869958-a2da-40b3-a9a1-1713bbdc23ba,.east-icon1,overflow,overflow,,,No
b3869958-a2da-40b3-a9a1-1713bbdc23ba,.engineersmind-logo-1-icon,position,position,,,No
b3869958-a2da-40b3-a9a1-1713bbdc23ba,.engineersmind-logo-1-icon,top,top,,,No
b3869958-a2da-40b3-a9a1-1713bbdc23ba,.engineersmind-logo-1-icon,left,left,,,No
b3869958-a2da-40b3-a9a1-1713bbdc23ba,.engineersmind-logo-1-icon,overflow,overflow,,,No
b3869958-a2da-40b3-a9a1-1713bbdc23ba,.sign-in,position,position,,,No
b3869958-a2da-40b3-a9a1-1713bbdc23ba,.please-enter-your,position,position,,,No
b3869958-a2da-40b3-a9a1-1713bbdc23ba,.sign-in-parent,position,position,,,No
b3869958-a2da-40b3-a9a1-1713bbdc23ba,.sign-in-parent,top,top,,,No
b3869958-a2da-40b3-a9a1-1713bbdc23ba,.sign-in-parent,left,left,,,No
b3869958-a2da-40b3-a9a1-1713bbdc23ba,.enter-your-email,position,position,,,No
b3869958-a2da-40b3-a9a1-1713bbdc23ba,.email-address,position,position,,,No
b3869958-a2da-40b3-a9a1-1713bbdc23ba,.frame-wrapper,overflow,overflow,,,No
b3869958-a2da-40b3-a9a1-1713bbdc23ba,.enter-your-email-id-parent,position,position,,,No
b3869958-a2da-40b3-a9a1-1713bbdc23ba,.enter-your-email-id-parent,top,top,,,No
b3869958-a2da-40b3-a9a1-1713bbdc23ba,.enter-your-email-id-parent,left,left,,,No
b3869958-a2da-40b3-a9a1-1713bbdc23ba,.cant-access-your,position,position,,,No
b3869958-a2da-40b3-a9a1-1713bbdc23ba,.vector-icon,position,position,,,No
b3869958-a2da-40b3-a9a1-1713bbdc23ba,.cant-access-your-account-parent,position,position,,,No
b3869958-a2da-40b3-a9a1-1713bbdc23ba,.cant-access-your-account-parent,top,top,,,No
b3869958-a2da-40b3-a9a1-1713bbdc23ba,.cant-access-your-account-parent,left,left,,,No
b3869958-a2da-40b3-a9a1-1713bbdc23ba,.next,position,position,,,No
b3869958-a2da-40b3-a9a1-1713bbdc23ba,.next-wrapper,position,position,,,No
b3869958-a2da-40b3-a9a1-1713bbdc23ba,.next-wrapper,top,top,,,No
b3869958-a2da-40b3-a9a1-1713bbdc23ba,.next-wrapper,left,left,,,No
b3869958-a2da-40b3-a9a1-1713bbdc23ba,.welcome-to-the,position,position,,,No
b3869958-a2da-40b3-a9a1-1713bbdc23ba,.welcome-to-the,top,top,,,No
b3869958-a2da-40b3-a9a1-1713bbdc23ba,.welcome-to-the,left,left,,,No
b3869958-a2da-40b3-a9a1-1713bbdc23ba,.login-page,position,position,,,No
b3869958-a2da-40b3-a9a1-1713bbdc23ba,.login-page,overflow,overflow,,,No
34566b31-6fcc-4690-b42b-1856eead054d,.ext-banner-logo,margin-left,margin-left,,,No
34566b31-6fcc-4690-b42b-1856eead054d,.ext-banner-logo,margin-right,margin-right,,,No
34566b31-6fcc-4690-b42b-1856eead054d,.ext-promoted-fed-cred-box,overflow,overflow,,,No
34566b31-6fcc-4690-b42b-1856eead054d,.ext-button.ext-primary,margin-top,margin-top,,,No
34566b31-6fcc-4690-b42b-1856eead054d,.ext-button.ext-secondary,margin-top,margin-top,,,No
c40c9913-2449-483e-854a-768267758537,pre code,overflow,overflow,,,No
c40c9913-2449-483e-854a-768267758537,.search-container,margin-bottom,margin-bottom,,,No
479babfc-4118-427c-b7a1-d871e1a2d798,.ext-banner-logo,margin-left,margin-left,,,No
479babfc-4118-427c-b7a1-d871e1a2d798,.ext-banner-logo,margin-right,margin-right,,,No
56c0b739-d488-4b2a-8da5-ff1f8a8f16b4,"h1, h2, h3","margin""",margin,,,No
25910ab6-caa7-49ca-87c0-fda693bcebf7,.ext-banner-logo,margin-left,margin-left,,,No
25910ab6-caa7-49ca-87c0-fda693bcebf7,.ext-banner-logo,margin-right,margin-right,,,No
7cdbc950-61d7-488a-a8ee-70a401db33f2,.abcen,position,position,,,No
7cdbc950-61d7-488a-a8ee-70a401db33f2,.abcen,bottom,bottom,,,No
7cdbc950-61d7-488a-a8ee-70a401db33f2,.abcen1,position,position,,,No
7cdbc950-61d7-488a-a8ee-70a401db33f2,.abcen1,top,top,,,No
7cdbc950-61d7-488a-a8ee-70a401db33f2,.descp,margin,margin,,,No
7cdbc950-61d7-488a-a8ee-70a401db33f2,.glyphicon,margin-right,margin-right,,,No
7cdbc950-61d7-488a-a8ee-70a401db33f2,.lead2,margin-bottom,margin-bottom,,,No
7cdbc950-61d7-488a-a8ee-70a401db33f2,.lead2,margin-top,margin-top,,,No
7cdbc950-61d7-488a-a8ee-70a401db33f2,.lead3,margin-bottom,margin-bottom,,,No
7cdbc950-61d7-488a-a8ee-70a401db33f2,.lead3,margin-top,margin-top,,,No
7cdbc950-61d7-488a-a8ee-70a401db33f2,.phone-image,margin,margin,,,No
7cdbc950-61d7-488a-a8ee-70a401db33f2,#owl-demo .item,margin,margin,,,No
7cdbc950-61d7-488a-a8ee-70a401db33f2,#owl-demo-1 .item,margin,margin,,,No
7cdbc950-61d7-488a-a8ee-70a401db33f2,.mfp-bg,opacity,opacity,,,No
7cdbc950-61d7-488a-a8ee-70a401db33f2,.mfp-bg,filter,filter,,,No
7cdbc950-61d7-488a-a8ee-70a401db33f2,#preloader,position,position,,,No
7cdbc950-61d7-488a-a8ee-70a401db33f2,#preloader,top,top,,,No
7cdbc950-61d7-488a-a8ee-70a401db33f2,#preloader,left,left,,,No
7cdbc950-61d7-488a-a8ee-70a401db33f2,#preloader,right,right,,,No
7cdbc950-61d7-488a-a8ee-70a401db33f2,#preloader,bottom,bottom,,,No
7cdbc950-61d7-488a-a8ee-70a401db33f2,#preloader,z-index,z-index,,,No
7cdbc950-61d7-488a-a8ee-70a401db33f2,#status,position,position,,,No
7cdbc950-61d7-488a-a8ee-70a401db33f2,#status,left,left,,,No
7cdbc950-61d7-488a-a8ee-70a401db33f2,#status,top,top,,,No
7cdbc950-61d7-488a-a8ee-70a401db33f2,#status,margin,margin,,,No
7cdbc950-61d7-488a-a8ee-70a401db33f2,.tworow,margin-top,margin-top,,,No
7cdbc950-61d7-488a-a8ee-70a401db33f2,.box-icon,margin-right,margin-right,,,No
7cdbc950-61d7-488a-a8ee-70a401db33f2,.navbar,position,position,,,No
7cdbc950-61d7-488a-a8ee-70a401db33f2,.navbar,margin-bottom,margin-bottom,,,No
7cdbc950-61d7-488a-a8ee-70a401db33f2,.navbar,z-index,z-index,,,No
7cdbc950-61d7-488a-a8ee-70a401db33f2,.navbar-default,position,position,,,No
7cdbc950-61d7-488a-a8ee-70a401db33f2,.navbar-default,z-index,z-index,,,No
7cdbc950-61d7-488a-a8ee-70a401db33f2,.intro-message,position,position,,,No
7cdbc950-61d7-488a-a8ee-70a401db33f2,.list-inline,margin-top,margin-top,,,No
7cdbc950-61d7-488a-a8ee-70a401db33f2,.intro-message > h1,margin,margin,,,No
7cdbc950-61d7-488a-a8ee-70a401db33f2,.intro-message > h3,margin,margin,,,No
7cdbc950-61d7-488a-a8ee-70a401db33f2,.intro-message > h3,margin-top,margin-top,,,No
7cdbc950-61d7-488a-a8ee-70a401db33f2,.section-heading,margin-bottom,margin-bottom,,,No
7cdbc950-61d7-488a-a8ee-70a401db33f2,.rotate,overflow,overflow,,,No
7cdbc950-61d7-488a-a8ee-70a401db33f2,.content-style-form,position,position,,,No
7cdbc950-61d7-488a-a8ee-70a401db33f2,.content-style-form h2,margin,margin,,,No
7cdbc950-61d7-488a-a8ee-70a401db33f2,.content-style-form form p,margin,margin,,,No
7cdbc950-61d7-488a-a8ee-70a401db33f2,.content-style-form button,margin-top,margin-top,,,No
7cdbc950-61d7-488a-a8ee-70a401db33f2,.content-style-form .icon-close,top,top,,,No
7cdbc950-61d7-488a-a8ee-70a401db33f2,.content-style-form .icon-close,right,right,,,No
7cdbc950-61d7-488a-a8ee-70a401db33f2,".js .content-style-form-1 h2, .js .content-style-form-1 p, .js .content-style-form-1 .icon-close",opacity,opacity,,,No
7cdbc950-61d7-488a-a8ee-70a401db33f2,".js .content-style-form-1 h2, .js .content-style-form-1 p, .js .content-style-form-1 .icon-close",transform,transform,,,No
7cdbc950-61d7-488a-a8ee-70a401db33f2,".morph-button.open .content-style-form-1 h2, .morph-button.open .content-style-form-1 p, .morph-button.open .content-style-form-1 .icon-close",opacity,opacity,,,No
7cdbc950-61d7-488a-a8ee-70a401db33f2,".morph-button.open .content-style-form-1 h2, .morph-button.open .content-style-form-1 p, .morph-button.open .content-style-form-1 .icon-close",transform,transform,,,No
7cdbc950-61d7-488a-a8ee-70a401db33f2,".js .content-style-form-2 h2, .js .content-style-form-2 p, .js .content-style-form-2 .icon-close",opacity,opacity,,,No
7cdbc950-61d7-488a-a8ee-70a401db33f2,".js .content-style-form-2 h2, .js .content-style-form-2 p, .js .content-style-form-2 .icon-close",transform,transform,,,No
7cdbc950-61d7-488a-a8ee-70a401db33f2,".morph-button.open .content-style-form-2 h2, .morph-button.open .content-style-form-2 p, .morph-button.open .content-style-form-2 .icon-close",opacity,opacity,,,No
7cdbc950-61d7-488a-a8ee-70a401db33f2,".morph-button.open .content-style-form-2 h2, .morph-button.open .content-style-form-2 p, .morph-button.open .content-style-form-2 .icon-close",transform,transform,,,No
7cdbc950-61d7-488a-a8ee-70a401db33f2,.js .content-style-form-4 p,opacity,opacity,,,No
7cdbc950-61d7-488a-a8ee-70a401db33f2,.js .content-style-form-4 p,transform,transform,,,No
7cdbc950-61d7-488a-a8ee-70a401db33f2,.morph-button.open .content-style-form-4 p,opacity,opacity,,,No
7cdbc950-61d7-488a-a8ee-70a401db33f2,.morph-button.open .content-style-form-4 p,transform,transform,,,No
7cdbc950-61d7-488a-a8ee-70a401db33f2,.js .content-style-social a,transform,transform,,,No
7cdbc950-61d7-488a-a8ee-70a401db33f2,.morph-button-inflow.open .content-style-social a,transform,transform,,,No
7cdbc950-61d7-488a-a8ee-70a401db33f2,.morph-button,position,position,,,No
7cdbc950-61d7-488a-a8ee-70a401db33f2,.morph-button,margin,margin,,,No
7cdbc950-61d7-488a-a8ee-70a401db33f2,.morph-button > button,position,position,,,No
7cdbc950-61d7-488a-a8ee-70a401db33f2,.morph-button > button,overflow,overflow,,,No
7cdbc950-61d7-488a-a8ee-70a401db33f2,.morph-button.open > button,pointer-events,pointer-events,,,No
7cdbc950-61d7-488a-a8ee-70a401db33f2,.morph-content,pointer-events,pointer-events,,,No
7cdbc950-61d7-488a-a8ee-70a401db33f2,.morph-button.open .morph-content,pointer-events,pointer-events,,,No
7cdbc950-61d7-488a-a8ee-70a401db33f2,.morph-button-fixed > button,z-index,z-index,,,No
7cdbc950-61d7-488a-a8ee-70a401db33f2,.morph-button-fixed.open > button,opacity,opacity,,,No
7cdbc950-61d7-488a-a8ee-70a401db33f2,.morph-button-fixed .morph-content,position,position,,,No
7cdbc950-61d7-488a-a8ee-70a401db33f2,.morph-button-fixed .morph-content,z-index,z-index,,,No
7cdbc950-61d7-488a-a8ee-70a401db33f2,.morph-button-fixed .morph-content,opacity,opacity,,,No
7cdbc950-61d7-488a-a8ee-70a401db33f2,.morph-button-fixed.open .morph-content,opacity,opacity,,,No
7cdbc950-61d7-488a-a8ee-70a401db33f2,.morph-button-fixed .morph-content > div,opacity,opacity,,,No
7cdbc950-61d7-488a-a8ee-70a401db33f2,.morph-button-fixed.open .morph-content > div,opacity,opacity,,,No
7cdbc950-61d7-488a-a8ee-70a401db33f2,.morph-button-fixed.active > button,z-index,z-index,,,No
7cdbc950-61d7-488a-a8ee-70a401db33f2,.morph-button-fixed.active .morph-content,z-index,z-index,,,No
7cdbc950-61d7-488a-a8ee-70a401db33f2,.morph-button.morph-button-overlay,margin,margin,,,No
7cdbc950-61d7-488a-a8ee-70a401db33f2,.morph-button-overlay .morph-content,overflow,overflow,,,No
7cdbc950-61d7-488a-a8ee-70a401db33f2,.morph-button-overlay.open .morph-content,top,top,,,No
7cdbc950-61d7-488a-a8ee-70a401db33f2,.morph-button-overlay.open .morph-content,left,left,,,No
7cdbc950-61d7-488a-a8ee-70a401db33f2,.morph-button-modal::before,position,position,,,No
7cdbc950-61d7-488a-a8ee-70a401db33f2,.morph-button-modal::before,top,top,,,No
7cdbc950-61d7-488a-a8ee-70a401db33f2,.morph-button-modal::before,left,left,,,No
7cdbc950-61d7-488a-a8ee-70a401db33f2,.morph-button-modal::before,z-index,z-index,,,No
7cdbc950-61d7-488a-a8ee-70a401db33f2,.morph-button-modal::before,opacity,opacity,,,No
7cdbc950-61d7-488a-a8ee-70a401db33f2,.morph-button-modal::before,pointer-events,pointer-events,,,No
7cdbc950-61d7-488a-a8ee-70a401db33f2,.morph-button-modal.open::before,opacity,opacity,,,No
7cdbc950-61d7-488a-a8ee-70a401db33f2,.morph-button-modal.open::before,pointer-events,pointer-events,,,No
7cdbc950-61d7-488a-a8ee-70a401db33f2,.morph-button-modal.active::before,z-index,z-index,,,No
7cdbc950-61d7-488a-a8ee-70a401db33f2,.morph-button-modal .morph-content,overflow,overflow,,,No
7cdbc950-61d7-488a-a8ee-70a401db33f2,.morph-button-modal.open .morph-content,top,top,,,No
7cdbc950-61d7-488a-a8ee-70a401db33f2,.morph-button-modal.open .morph-content,left,left,,,No
7cdbc950-61d7-488a-a8ee-70a401db33f2,.morph-button-modal.open .morph-content,margin,margin,,,No
7cdbc950-61d7-488a-a8ee-70a401db33f2,".morph-button.morph-button-modal-2, .morph-button.morph-button-modal-3",margin,margin,,,No
7cdbc950-61d7-488a-a8ee-70a401db33f2,.morph-button-modal-4 .morph-clone,position,position,,,No
7cdbc950-61d7-488a-a8ee-70a401db33f2,.morph-button-modal-4 .morph-clone,right,right,,,No
7cdbc950-61d7-488a-a8ee-70a401db33f2,.morph-button-modal-4 .morph-clone,bottom,bottom,,,No
7cdbc950-61d7-488a-a8ee-70a401db33f2,.morph-button-modal-4 .morph-clone,z-index,z-index,,,No
7cdbc950-61d7-488a-a8ee-70a401db33f2,".morph-button-modal-4.open .morph-clone, .no-js .morph-button-modal-4 .morph-clone",right,right,,,No
7cdbc950-61d7-488a-a8ee-70a401db33f2,".morph-button-modal-4.open .morph-clone, .no-js .morph-button-modal-4 .morph-clone",bottom,bottom,,,No
7cdbc950-61d7-488a-a8ee-70a401db33f2,.morph-button-modal-2.open .morph-content,margin,margin,,,No
7cdbc950-61d7-488a-a8ee-70a401db33f2,.morph-button-modal-3.open .morph-content,margin,margin,,,No
7cdbc950-61d7-488a-a8ee-70a401db33f2,.morph-button-modal-4.open .morph-content,margin,margin,,,No
7cdbc950-61d7-488a-a8ee-70a401db33f2,.morph-button-inflow,overflow,overflow,,,No
7cdbc950-61d7-488a-a8ee-70a401db33f2,.morph-button-inflow .morph-content,position,position,,,No
7cdbc950-61d7-488a-a8ee-70a401db33f2,.morph-button-inflow .morph-content,top,top,,,No
7cdbc950-61d7-488a-a8ee-70a401db33f2,.morph-button-inflow .morph-content,left,left,,,No
7cdbc950-61d7-488a-a8ee-70a401db33f2,.morph-button-inflow-1,margin,margin,,,No
7cdbc950-61d7-488a-a8ee-70a401db33f2,.morph-button-inflow-2,position,position,,,No
7cdbc950-61d7-488a-a8ee-70a401db33f2,.morph-button-inflow-2,top,top,,,No
7cdbc950-61d7-488a-a8ee-70a401db33f2,.morph-button-inflow-2,left,left,,,No
7cdbc950-61d7-488a-a8ee-70a401db33f2,.morph-button-inflow-2,transform,transform,,,No
7cdbc950-61d7-488a-a8ee-70a401db33f2,.morph-button-inflow-2 > button,position,position,,,No
7cdbc950-61d7-488a-a8ee-70a401db33f2,.morph-button-inflow-2 > button,top,top,,,No
7cdbc950-61d7-488a-a8ee-70a401db33f2,.morph-button-inflow-2 > button,left,left,,,No
7cdbc950-61d7-488a-a8ee-70a401db33f2,.morph-button-inflow-2.open > button,transform,transform,,,No
7cdbc950-61d7-488a-a8ee-70a401db33f2,.morph-button-sidebar,position,position,,,No
7cdbc950-61d7-488a-a8ee-70a401db33f2,.morph-button-sidebar,bottom,bottom,,,No
7cdbc950-61d7-488a-a8ee-70a401db33f2,.morph-button-sidebar,left,left,,,No
7cdbc950-61d7-488a-a8ee-70a401db33f2,.morph-button-sidebar.open .morph-content,top,top,,,No
7cdbc950-61d7-488a-a8ee-70a401db33f2,.morph-button-sidebar.open .morph-content,left,left,,,No
7cdbc950-61d7-488a-a8ee-70a401db33f2,.morph-button-sidebar.open .morph-content,overflow,overflow,,,No
7cdbc950-61d7-488a-a8ee-70a401db33f2,.noscroll,overflow,overflow,,,No
7cdbc950-61d7-488a-a8ee-70a401db33f2,.morph-button-sidebar.scroll .morph-content,overflow,overflow,,,No
7cdbc950-61d7-488a-a8ee-70a401db33f2,.no-js .morph-button,margin,margin,,,No
7cdbc950-61d7-488a-a8ee-70a401db33f2,".no-js .morph-button, .no-js .morph-button .morph-content, .no-js .morph-button .morph-content > div",position,position,,,No
7cdbc950-61d7-488a-a8ee-70a401db33f2,".no-js .morph-button, .no-js .morph-button .morph-content, .no-js .morph-button .morph-content > div",opacity,opacity,,,No
7cdbc950-61d7-488a-a8ee-70a401db33f2,".no-js .morph-button, .no-js .morph-button .morph-content, .no-js .morph-button .morph-content > div",top,top,,,No
7cdbc950-61d7-488a-a8ee-70a401db33f2,".no-js .morph-button, .no-js .morph-button .morph-content, .no-js .morph-button .morph-content > div",left,left,,,No
7cdbc950-61d7-488a-a8ee-70a401db33f2,".no-js .morph-button, .no-js .morph-button .morph-content, .no-js .morph-button .morph-content > div",transform,transform,,,No
7cdbc950-61d7-488a-a8ee-70a401db33f2,".no-js .morph-button, .no-js .morph-button .morph-content, .no-js .morph-button .morph-content > div",pointer-events,pointer-events,,,No
7cdbc950-61d7-488a-a8ee-70a401db33f2,.no-js .morph-button-sidebar,position,position,,,No
7cdbc950-61d7-488a-a8ee-70a401db33f2,.no-js .morph-button-sidebar,top,top,,,No
7cdbc950-61d7-488a-a8ee-70a401db33f2,.no-js .morph-button-sidebar,left,left,,,No
7cdbc950-61d7-488a-a8ee-70a401db33f2,.no-js .morph-button-sidebar,margin,margin,,,No
7cdbc950-61d7-488a-a8ee-70a401db33f2,.no-js .morph-button-sidebar,overflow,overflow,,,No
7cdbc950-61d7-488a-a8ee-70a401db33f2,.intro-header img,margin,margin,,,No
7cdbc950-61d7-488a-a8ee-70a401db33f2,ul.banner-social-buttons,margin-top,margin-top,,,No
7cdbc950-61d7-488a-a8ee-70a401db33f2,.banner h2,margin,margin,,,No
7cdbc950-61d7-488a-a8ee-70a401db33f2,ul.banner-social-buttons > li,margin-bottom,margin-bottom,,,No
7cdbc950-61d7-488a-a8ee-70a401db33f2,ul.banner-social-buttons > li:last-child,margin-bottom,margin-bottom,,,No
7cdbc950-61d7-488a-a8ee-70a401db33f2,p.copyright,margin,margin,,,No
7cdbc950-61d7-488a-a8ee-70a401db33f2,ul.intro-social-buttons > li,margin-bottom,margin-bottom,,,No
7cdbc950-61d7-488a-a8ee-70a401db33f2,ul.intro-social-buttons > li:last-child,margin-bottom,margin-bottom,,,No
7cdbc950-61d7-488a-a8ee-70a401db33f2,.mockup-left,"margin""",margin,,,No
fc5a5d73-9d42-419e-acb6-4f25a744a176,"input[type='text'], input[type='password']","margin""",margin,,,No
e1405f4f-653f-4b7f-aa52-dae31793ed1c,body,margin,margin,,,No
a9bc7c50-6f27-42c4-b806-ac4ba436852b,.ext-background-overlay,opacity,opacity,,,No
a9bc7c50-6f27-42c4-b806-ac4ba436852b,.ext-banner-logo,margin-left,margin-left,,,No
a9bc7c50-6f27-42c4-b806-ac4ba436852b,.ext-banner-logo,margin-right,margin-right,,,No
a9bc7c50-6f27-42c4-b806-ac4ba436852b,.ext-title,opacity,opacity,,,No
a9bc7c50-6f27-42c4-b806-ac4ba436852b,.ext-button.ext-primary:hover,transform,transform,,,No
a9bc7c50-6f27-42c4-b806-ac4ba436852b,.ext-button.ext-primary:focus,transform,transform,,,No
a9bc7c50-6f27-42c4-b806-ac4ba436852b,.ext-button.ext-primary:active,transform,transform,,,No
4b4abd22-fe06-4f0b-932c-f2fb1a5f00ae,.ext-sign-in-box,margin,margin,,,No
4b4abd22-fe06-4f0b-932c-f2fb1a5f00ae,.ext-banner-logo,margin,margin,,,No
ac4bf740-e699-4c5a-b2c5-af8cc27a4f0e,.ext-sign-in-box,margin,margin,,,No
ac4bf740-e699-4c5a-b2c5-af8cc27a4f0e,.ext-illustration,margin-bottom,margin-bottom,,,No
ac4bf740-e699-4c5a-b2c5-af8cc27a4f0e,.ext-title,margin-bottom,margin-bottom,,,No
ac4bf740-e699-4c5a-b2c5-af8cc27a4f0e,.ext-text,margin-bottom,margin-bottom,,,No
ac4bf740-e699-4c5a-b2c5-af8cc27a4f0e,.ext-label,margin-bottom,margin-bottom,,,No
0c31b690-81fb-46de-9aa7-b1f5ab6d1f39,.ext-banner-logo,margin,margin,,,No
18b34117-457b-462d-946c-04696ac4ffdf,body,margin,margin,,,No
18b34117-457b-462d-946c-04696ac4ffdf,.signin-box,margin,margin,,,No
18b34117-457b-462d-946c-04696ac4ffdf,"input[type='text'], input[type='password']",margin,margin,,,No
18b34117-457b-462d-946c-04696ac4ffdf,.footer,margin-top,margin-top,,,No
18b34117-457b-462d-946c-04696ac4ffdf,.footer a,"margin""",margin,,,No
bb674061-c416-4312-ab6f-fc0836180880,*,margin,margin,,,No
bb674061-c416-4312-ab6f-fc0836180880,.container,margin,margin,,,No
bb674061-c416-4312-ab6f-fc0836180880,"h1, h2, h3",margin-bottom,margin-bottom,,,No
bb674061-c416-4312-ab6f-fc0836180880,"input, select, textarea",margin,margin,,,No
bb674061-c416-4312-ab6f-fc0836180880,table,"margin-top""",margin-top,,,No
91f8321b-c628-448d-bd26-8a68cb004c34,.ext-header-logo,left,left,,,No
91f8321b-c628-448d-bd26-8a68cb004c34,.ext-header-logo,position,position,,,No
91f8321b-c628-448d-bd26-8a68cb004c34,.ext-header-logo,top,top,,,No
98ba0464-846d-444a-9ae1-9e0dd5b83e7d,body,margin,margin,,,No
98ba0464-846d-444a-9ae1-9e0dd5b83e7d,section:not(.full-width),margin,margin,,,No
98ba0464-846d-444a-9ae1-9e0dd5b83e7d,.site-header,position,position,,,No
98ba0464-846d-444a-9ae1-9e0dd5b83e7d,.site-header,top,top,,,No
98ba0464-846d-444a-9ae1-9e0dd5b83e7d,.site-header,z-index,z-index,,,No
98ba0464-846d-444a-9ae1-9e0dd5b83e7d,.logo-text,margin-left,margin-left,,,No
98ba0464-846d-444a-9ae1-9e0dd5b83e7d,.logo-text h1,margin,margin,,,No
98ba0464-846d-444a-9ae1-9e0dd5b83e7d,.logo-text p,margin,margin,,,No
98ba0464-846d-444a-9ae1-9e0dd5b83e7d,.mobile-nav-toggle,z-index,z-index,,,No
98ba0464-846d-444a-9ae1-9e0dd5b83e7d,.mobile-nav-toggle span,margin,margin,,,No
98ba0464-846d-444a-9ae1-9e0dd5b83e7d,.mobile-nav-toggle.active span:nth-child(1),transform,transform,,,No
98ba0464-846d-444a-9ae1-9e0dd5b83e7d,.mobile-nav-toggle.active span:nth-child(2),opacity,opacity,,,No
98ba0464-846d-444a-9ae1-9e0dd5b83e7d,.mobile-nav-toggle.active span:nth-child(3),transform,transform,,,No
98ba0464-846d-444a-9ae1-9e0dd5b83e7d,.dropdown,position,position,,,No
98ba0464-846d-444a-9ae1-9e0dd5b83e7d,.dropdown-content,position,position,,,No
98ba0464-846d-444a-9ae1-9e0dd5b83e7d,.dropdown-content,z-index,z-index,,,No
98ba0464-846d-444a-9ae1-9e0dd5b83e7d,.dropdown-content,top,top,,,No
98ba0464-846d-444a-9ae1-9e0dd5b83e7d,.dropdown-content,left,left,,,No
98ba0464-846d-444a-9ae1-9e0dd5b83e7d,.cta-banner,margin,margin,,,No
98ba0464-846d-444a-9ae1-9e0dd5b83e7d,.cta-content,margin,margin,,,No
98ba0464-846d-444a-9ae1-9e0dd5b83e7d,.cta-content h1,margin-bottom,margin-bottom,,,No
98ba0464-846d-444a-9ae1-9e0dd5b83e7d,.cta-content p,margin-bottom,margin-bottom,,,No
98ba0464-846d-444a-9ae1-9e0dd5b83e7d,.services h2,margin-bottom,margin-bottom,,,No
98ba0464-846d-444a-9ae1-9e0dd5b83e7d,.services-intro,margin-bottom,margin-bottom,,,No
98ba0464-846d-444a-9ae1-9e0dd5b83e7d,.services-intro p,margin,margin,,,No
98ba0464-846d-444a-9ae1-9e0dd5b83e7d,.service-grid,margin-top,margin-top,,,No
98ba0464-846d-444a-9ae1-9e0dd5b83e7d,.card:hover,transform,transform,,,No
98ba0464-846d-444a-9ae1-9e0dd5b83e7d,.card img,margin,margin,,,No
98ba0464-846d-444a-9ae1-9e0dd5b83e7d,.card h3,margin,margin,,,No
98ba0464-846d-444a-9ae1-9e0dd5b83e7d,.card p,margin-bottom,margin-bottom,,,No
98ba0464-846d-444a-9ae1-9e0dd5b83e7d,#about-d3 .about-text h2,margin-bottom,margin-bottom,,,No
98ba0464-846d-444a-9ae1-9e0dd5b83e7d,#about-d3 .about-text p,margin-bottom,margin-bottom,,,No
98ba0464-846d-444a-9ae1-9e0dd5b83e7d,.learn-about-btn,margin-top,margin-top,,,No
98ba0464-846d-444a-9ae1-9e0dd5b83e7d,".contact-form input, .contact-form textarea",margin-bottom,margin-bottom,,,No
98ba0464-846d-444a-9ae1-9e0dd5b83e7d,.site-nav,position,position,,,No
98ba0464-846d-444a-9ae1-9e0dd5b83e7d,.site-nav,top,top,,,No
98ba0464-846d-444a-9ae1-9e0dd5b83e7d,.site-nav,left,left,,,No
98ba0464-846d-444a-9ae1-9e0dd5b83e7d,.site-nav,z-index,z-index,,,No
98ba0464-846d-444a-9ae1-9e0dd5b83e7d,.site-nav.active,left,left,,,No
98ba0464-846d-444a-9ae1-9e0dd5b83e7d,.site-nav .dropdown-content,position,position,,,No
98ba0464-846d-444a-9ae1-9e0dd5b83e7d,.site-nav .dropdown-content,margin-left,margin-left,,,No
98ba0464-846d-444a-9ae1-9e0dd5b83e7d,.site-nav .dropdown-content,"margin-top""",margin-top,,,No
dd89df17-bd9e-45d5-a78e-947ff00f755e,*,margin,margin,,,No
dd89df17-bd9e-45d5-a78e-947ff00f755e,.colores,margin,margin,,,No
dd89df17-bd9e-45d5-a78e-947ff00f755e,.colores > div p,margin,margin,,,No
393d4c56-9e81-45f3-aaad-7342ebb37a49,.ext-boilerplate-text::after,margin-top,margin-top,,,No
693403ba-e3e5-4241-83f7-ce098f9baafd,body,margin,margin,,,No
e78cb4a5-e58f-48f2-8da0-c778472989f8,.sign-in-container,margin,margin,,,No
e78cb4a5-e58f-48f2-8da0-c778472989f8,"input[type='text'], input[type='password']","margin-bottom""",margin-bottom,,,No
251732b1-a2d1-4539-b585-f67cd2c72a64,.ext-banner-logo,margin-left,margin-left,,,No
251732b1-a2d1-4539-b585-f67cd2c72a64,.ext-banner-logo,margin-right,margin-right,,,No
251732b1-a2d1-4539-b585-f67cd2c72a64,.ext-footer-links,margin-bottom,margin-bottom,,,No
591cf40d-0b9d-4dc9-8e8c-20d7b92ec359,.ext-header-logo,left,left,,,No
591cf40d-0b9d-4dc9-8e8c-20d7b92ec359,.ext-header-logo,position,position,,,No
591cf40d-0b9d-4dc9-8e8c-20d7b92ec359,.ext-header-logo,top,top,,,No
b6702a7b-e5dc-4b88-ae3a-324bd4b6dd55,.ext-promoted-fed-cred-box,margin-top,margin-top,,,No
8e1aecf4-48c9-465a-8d46-d7a32ad2d7a0,.ext-banner-logo,margin-left,margin-left,,,No
8e1aecf4-48c9-465a-8d46-d7a32ad2d7a0,.ext-banner-logo,margin-right,margin-right,,,No
8e1aecf4-48c9-465a-8d46-d7a32ad2d7a0,.ext-banner-logo,margin-bottom,margin-bottom,,,No
6fd6920f-f224-48ff-8ac8-1a61fd376fa4,.ext-banner-logo,margin-left,margin-left,,,No
6fd6920f-f224-48ff-8ac8-1a61fd376fa4,.ext-banner-logo,margin-right,margin-right,,,No
847e164f-1112-47dc-b78a-b680ca7419d1,.ext-header,margin-bottom,margin-bottom,,,No
847e164f-1112-47dc-b78a-b680ca7419d1,.ext-header-logo,margin-bottom,margin-bottom,,,No
fd458a1f-f7b6-467a-b11d-11bc280376a3,.ext-banner-logo,margin-left,margin-left,,,No
fd458a1f-f7b6-467a-b11d-11bc280376a3,.ext-banner-logo,margin-right,margin-right,,,No
cdb375a7-f7d6-427b-81c4-82d475cc0756,.ext-banner-logo,margin-bottom,margin-bottom,,,No
cdb375a7-f7d6-427b-81c4-82d475cc0756,.ext-banner-logo,margin-left,margin-left,,,No
cdb375a7-f7d6-427b-81c4-82d475cc0756,.ext-banner-logo,margin-right,margin-right,,,No
cdb375a7-f7d6-427b-81c4-82d475cc0756,.ext-promoted-fed-cred-box,margin-bottom,margin-bottom,,,No
d4968375-9b1c-4ea1-9913-a7d7bc675d61,import url('https: body,margin,margin,,,No
d4968375-9b1c-4ea1-9913-a7d7bc675d61,".container.self_asserted, .container.unified_ssp, .container.unified_signin_ssp",margin,margin,,,No
d4968375-9b1c-4ea1-9913-a7d7bc675d61,.intro h1,margin-bottom,margin-bottom,,,No
d4968375-9b1c-4ea1-9913-a7d7bc675d61,.entry-item,margin-bottom,margin-bottom,,,No
d4968375-9b1c-4ea1-9913-a7d7bc675d61,.buttons,margin-top,margin-top,,,No
d4968375-9b1c-4ea1-9913-a7d7bc675d61,.buttons .action_continue:hover,transform,transform,,,No
d4968375-9b1c-4ea1-9913-a7d7bc675d61,".itemLevel, .pageLevel","margin-bottom""",margin-bottom,,,No
fb6cb8a0-4705-42bb-a31d-16a93432709d,.ext-banner-logo,opacity,opacity,,,No
fb6cb8a0-4705-42bb-a31d-16a93432709d,.ext-banner-logo,margin-bottom,margin-bottom,,,No
fb6cb8a0-4705-42bb-a31d-16a93432709d,.ext-sign-in-box,margin,margin,,,No
fb6cb8a0-4705-42bb-a31d-16a93432709d,.ext-sign-in-box,top,top,,,No
fb6cb8a0-4705-42bb-a31d-16a93432709d,.ext-promoted-fed-cred-box,margin-top,margin-top,,,No
fb6cb8a0-4705-42bb-a31d-16a93432709d,.ext-promoted-fed-cred-box,margin-left,margin-left,,,No
fb6cb8a0-4705-42bb-a31d-16a93432709d,.ext-promoted-fed-cred-box,margin-right,margin-right,,,No
fb6cb8a0-4705-42bb-a31d-16a93432709d,".ext-sign-in-box img.tile-img, .ext-sign-in-box .help-button img, .ext-promoted-fed-cred-box .promoted-fed-cred-content img.tile-img, .ext-promoted-fed-cred-box .promoted-fed-cred-content .help-button img",filter,filter,,,No
fb6cb8a0-4705-42bb-a31d-16a93432709d,.ext-sign-in-box .identityBanner .identity,"margin-left""",margin-left,,,No
f9cd0962-bda5-4c68-94fc-b69f71cb7601,"#lightbox, #loginForm, #idSISignInForm",margin,margin,,,No
f9cd0962-bda5-4c68-94fc-b69f71cb7601,"#lightbox, #loginForm, #idSISignInForm",opacity,opacity,,,No
f9cd0962-bda5-4c68-94fc-b69f71cb7601,"#lightbox, #loginForm, #idSISignInForm",transform,transform,,,No
f9cd0962-bda5-4c68-94fc-b69f71cb7601,"#error, .error, .alert",margin-top,margin-top,,,No
f9cd0962-bda5-4c68-94fc-b69f71cb7601,0%,opacity,opacity,,,No
f9cd0962-bda5-4c68-94fc-b69f71cb7601,0%,transform,transform,,,No
f9cd0962-bda5-4c68-94fc-b69f71cb7601,100%,opacity,opacity,,,No
f9cd0962-bda5-4c68-94fc-b69f71cb7601,100%,"transform""",transform,,,No
0b6f36e2-c83a-4330-8e0c-7b8c93b4b87d,body,margin,margin,,,No
444f0661-da1d-4a08-92b0-fcd3649ddbb2,.ext-background-overlay,opacity,opacity,,,No
8da059a7-5a22-4479-bf55-7bfe88a880c1,body,margin,margin,,,No
9513c64e-a3b6-4024-bfbd-2617b8b0c088,.ext-background-overlay,opacity,opacity,,,No
9513c64e-a3b6-4024-bfbd-2617b8b0c088,.ext-banner-logo,margin-left,margin-left,,,No
9513c64e-a3b6-4024-bfbd-2617b8b0c088,.ext-banner-logo,margin-right,margin-right,,,No
9513c64e-a3b6-4024-bfbd-2617b8b0c088,.ext-title,opacity,opacity,,,No
9513c64e-a3b6-4024-bfbd-2617b8b0c088,.ext-button.ext-primary:hover,transform,transform,,,No
9513c64e-a3b6-4024-bfbd-2617b8b0c088,.ext-button.ext-primary:focus,transform,transform,,,No
9513c64e-a3b6-4024-bfbd-2617b8b0c088,.ext-button.ext-primary:active,transform,transform,,,No
0e8a48da-ef73-478b-aa70-26c96085664d,.ext-background-overlay,opacity,opacity,,,No
0e8a48da-ef73-478b-aa70-26c96085664d,.ext-banner-logo,margin-left,margin-left,,,No
0e8a48da-ef73-478b-aa70-26c96085664d,.ext-banner-logo,margin-right,margin-right,,,No
0e8a48da-ef73-478b-aa70-26c96085664d,.ext-title,opacity,opacity,,,No
0e8a48da-ef73-478b-aa70-26c96085664d,.ext-button.ext-primary:hover,transform,transform,,,No
0e8a48da-ef73-478b-aa70-26c96085664d,.ext-button.ext-primary:focus,transform,transform,,,No
0e8a48da-ef73-478b-aa70-26c96085664d,.ext-button.ext-primary:active,transform,transform,,,No
f3b56a1e-17af-4eba-bddc-0ef517e49e20,"body, #api",margin,margin,,,No
f3b56a1e-17af-4eba-bddc-0ef517e49e20,"#api .container, #api .page",margin,margin,,,No
f3b56a1e-17af-4eba-bddc-0ef517e49e20,"#api .branding, #api .companyLogo, #api .logo, .companyLogo",margin-bottom,margin-bottom,,,No
f3b56a1e-17af-4eba-bddc-0ef517e49e20,"#api .branding img, #api .companyLogo img, .companyLogo img",filter,filter,,,No
f3b56a1e-17af-4eba-bddc-0ef517e49e20,"#api h1, #api .heading, #api h2",margin,margin,,,No
f3b56a1e-17af-4eba-bddc-0ef517e49e20,"#api .subheading, #api p.intro, #api .introText",margin,margin,,,No
f3b56a1e-17af-4eba-bddc-0ef517e49e20,#api label,margin,margin,,,No
f3b56a1e-17af-4eba-bddc-0ef517e49e20,#api .error.itemLevel,margin-top,margin-top,,,No
f3b56a1e-17af-4eba-bddc-0ef517e49e20,"#api .error.pageLevel, #api .messages",margin,margin,,,No
f3b56a1e-17af-4eba-bddc-0ef517e49e20,#api .buttons,margin-top,margin-top,,,No
f3b56a1e-17af-4eba-bddc-0ef517e49e20,"#api .button.primary:hover, #api .buttons #continue:hover",filter,filter,,,No
f3b56a1e-17af-4eba-bddc-0ef517e49e20,"#api .button.primary:active, #api .buttons #continue:active",transform,transform,,,No
f3b56a1e-17af-4eba-bddc-0ef517e49e20,"#api .claims-provider-list, #api .social, #api .options",margin-top,margin-top,,,No
f3b56a1e-17af-4eba-bddc-0ef517e49e20,body::before,position,position,,,No
f3b56a1e-17af-4eba-bddc-0ef517e49e20,body::before,pointer-events,pointer-events,,,No
f3b56a1e-17af-4eba-bddc-0ef517e49e20,"#api .footer, #api .legal, #api .help-links",margin,margin,,,No
f3b56a1e-17af-4eba-bddc-0ef517e49e20,.m-0,margin,margin,,,No
f3b56a1e-17af-4eba-bddc-0ef517e49e20,.mt-2,margin-top,margin-top,,,No
f3b56a1e-17af-4eba-bddc-0ef517e49e20,.mt-3,margin-top,margin-top,,,No
f3b56a1e-17af-4eba-bddc-0ef517e49e20,.mt-4,margin-top,margin-top,,,No
f3b56a1e-17af-4eba-bddc-0ef517e49e20,.mb-3,margin-bottom,margin-bottom,,,No
f3b56a1e-17af-4eba-bddc-0ef517e49e20,"#api .localAccount .entry-item, #api .attrEntry, #api .entry, #api .row","margin-bottom""",margin-bottom,,,No
21e51b71-1fad-433f-8eec-8fadea21d6b4,.ext-input.ext-text-box,margin-left,margin-left,,,No
21e51b71-1fad-433f-8eec-8fadea21d6b4,.ext-input.ext-text-box,margin-top,margin-top,,,No
21e51b71-1fad-433f-8eec-8fadea21d6b4,.ext-promoted-fed-cred-box,overflow,overflow,,,No
7b8ddd10-77f7-4cc4-bcd8-ef9b93f39792,"html, body",margin,margin,,,No
7b8ddd10-77f7-4cc4-bcd8-ef9b93f39792,"h1, h2, h3, h4, h5, h6",margin,margin,,,No
7b8ddd10-77f7-4cc4-bcd8-ef9b93f39792,p,margin,margin,,,No
7b8ddd10-77f7-4cc4-bcd8-ef9b93f39792,pre,overflow,overflow,,,No
7b8ddd10-77f7-4cc4-bcd8-ef9b93f39792,.mt-2,margin-top,margin-top,,,No
7b8ddd10-77f7-4cc4-bcd8-ef9b93f39792,.mt-4,margin-top,margin-top,,,No
7b8ddd10-77f7-4cc4-bcd8-ef9b93f39792,.mt-8,margin-top,margin-top,,,No
7b8ddd10-77f7-4cc4-bcd8-ef9b93f39792,.mb-2,margin-bottom,margin-bottom,,,No
7b8ddd10-77f7-4cc4-bcd8-ef9b93f39792,.mb-4,margin-bottom,margin-bottom,,,No
7b8ddd10-77f7-4cc4-bcd8-ef9b93f39792,.mb-8,margin-bottom,margin-bottom,,,No
7b8ddd10-77f7-4cc4-bcd8-ef9b93f39792,.topbar,position,position,,,No
7b8ddd10-77f7-4cc4-bcd8-ef9b93f39792,.topbar,top,top,,,No
7b8ddd10-77f7-4cc4-bcd8-ef9b93f39792,.topbar,z-index,z-index,,,No
7b8ddd10-77f7-4cc4-bcd8-ef9b93f39792,"button:hover, .btn:hover",filter,filter,,,No
7b8ddd10-77f7-4cc4-bcd8-ef9b93f39792,"button:active, .btn:active",transform,transform,,,No
7b8ddd10-77f7-4cc4-bcd8-ef9b93f39792,"button[disabled], .btn[disabled]",opacity,opacity,,,No
7b8ddd10-77f7-4cc4-bcd8-ef9b93f39792,label,margin-bottom,margin-bottom,,,No
7b8ddd10-77f7-4cc4-bcd8-ef9b93f39792,.sr-only,position,position,,,No
7b8ddd10-77f7-4cc4-bcd8-ef9b93f39792,.sr-only,margin,margin,,,No
7b8ddd10-77f7-4cc4-bcd8-ef9b93f39792,.sr-only,overflow,overflow,,,No
7b8ddd10-77f7-4cc4-bcd8-ef9b93f39792,.topbar.bg-brand .btn:hover,"filter""",filter,,,No
d06ea079-9a2b-403a-95c8-c4e6ee6fca92,.ext-sign-in-box,opacity,opacity,,,No
b79783df-131e-4d00-8303-6f66c0fa4bfb,.ext-button.ext-primary,margin-top,margin-top,,,No
b79783df-131e-4d00-8303-6f66c0fa4bfb,.ext-button.ext-primary,margin-bottom,margin-bottom,,,No
b79783df-131e-4d00-8303-6f66c0fa4bfb,.ext-button.ext-primary,position,position,,,No
b79783df-131e-4d00-8303-6f66c0fa4bfb,.ext-button.ext-primary,overflow,overflow,,,No
b79783df-131e-4d00-8303-6f66c0fa4bfb,.ext-button.ext-secondary,margin-top,margin-top,,,No
b79783df-131e-4d00-8303-6f66c0fa4bfb,.ext-button.ext-secondary,margin-bottom,margin-bottom,,,No
b79783df-131e-4d00-8303-6f66c0fa4bfb,.ext-button.ext-secondary,position,position,,,No
b79783df-131e-4d00-8303-6f66c0fa4bfb,.ext-button.ext-secondary,overflow,overflow,,,No
b79783df-131e-4d00-8303-6f66c0fa4bfb,.ext-identityBanner,margin-top,margin-top,,,No
b79783df-131e-4d00-8303-6f66c0fa4bfb,.ext-identityBanner,margin-bottom,margin-bottom,,,No
3be6ee61-cbb9-46f4-bc2b-a6f58feed2f5,body,margin,margin,,,No
492d548d-8da6-4a53-bc3d-1036cfc4d9ce,.ext-promoted-fed-cred-box,opacity,opacity,,,No
492d548d-8da6-4a53-bc3d-1036cfc4d9ce,.ext-promoted-fed-cred-box,opacity,opacity,,,No
492d548d-8da6-4a53-bc3d-1036cfc4d9ce,.ext-promoted-fed-cred-box,opacity,opacity,,,No
e1640fba-7a20-4ae0-aa8f-cb920d589e09,.ext-banner-logo,margin-left,margin-left,,,No
e1640fba-7a20-4ae0-aa8f-cb920d589e09,.ext-banner-logo,margin-right,margin-right,,,No
a925aca8-44dd-45b7-86fe-8772cd3184ff,.ext-background-overlay,opacity,opacity,,,No
a925aca8-44dd-45b7-86fe-8772cd3184ff,.ext-banner-logo,margin-left,margin-left,,,No
a925aca8-44dd-45b7-86fe-8772cd3184ff,.ext-banner-logo,margin-right,margin-right,,,No
a925aca8-44dd-45b7-86fe-8772cd3184ff,.ext-title,opacity,opacity,,,No
a925aca8-44dd-45b7-86fe-8772cd3184ff,.ext-button.ext-primary:hover,transform,transform,,,No
a925aca8-44dd-45b7-86fe-8772cd3184ff,.ext-button.ext-primary:focus,transform,transform,,,No
a925aca8-44dd-45b7-86fe-8772cd3184ff,.ext-button.ext-primary:active,transform,transform,,,No
560bfbe4-ce15-4efa-a166-63922dfdb449,.ext-background-overlay,opacity,opacity,,,No
560bfbe4-ce15-4efa-a166-63922dfdb449,.ext-banner-logo,margin-left,margin-left,,,No
560bfbe4-ce15-4efa-a166-63922dfdb449,.ext-banner-logo,margin-right,margin-right,,,No
560bfbe4-ce15-4efa-a166-63922dfdb449,.ext-title,opacity,opacity,,,No
560bfbe4-ce15-4efa-a166-63922dfdb449,.ext-button.ext-primary:hover,transform,transform,,,No
560bfbe4-ce15-4efa-a166-63922dfdb449,.ext-button.ext-primary:focus,transform,transform,,,No
560bfbe4-ce15-4efa-a166-63922dfdb449,.ext-button.ext-primary:active,transform,transform,,,No
731c0d32-549a-4a03-ab37-555ff8cfb5d7,*,margin,margin,,,No
731c0d32-549a-4a03-ab37-555ff8cfb5d7,.logo,margin,margin,,,No
731c0d32-549a-4a03-ab37-555ff8cfb5d7,h1,margin-bottom,margin-bottom,,,No
731c0d32-549a-4a03-ab37-555ff8cfb5d7,p.subtitle,margin-bottom,margin-bottom,,,No
731c0d32-549a-4a03-ab37-555ff8cfb5d7,"input[type='email'], input[type='password']",margin-bottom,margin-bottom,,,No
731c0d32-549a-4a03-ab37-555ff8cfb5d7,a,"margin-top""",margin-top,,,No
09aea6e2-81e1-43db-8c4c-beab1c410666,import url('https: .ext-sign-in-box,position,position,,,No
09aea6e2-81e1-43db-8c4c-beab1c410666,import url('https: .ext-sign-in-box,top,top,,,No
09aea6e2-81e1-43db-8c4c-beab1c410666,import url('https: .ext-sign-in-box,right,right,,,No
09aea6e2-81e1-43db-8c4c-beab1c410666,.ext-button.ext-primary,opacity,opacity,,,No
09aea6e2-81e1-43db-8c4c-beab1c410666,.ext-button.ext-primary,margin-bottom,margin-bottom,,,No
09aea6e2-81e1-43db-8c4c-beab1c410666,.ext-button.ext-secondary,opacity,opacity,,,No
09aea6e2-81e1-43db-8c4c-beab1c410666,.ext-button.ext-secondary,margin-bottom,margin-bottom,,,No
09aea6e2-81e1-43db-8c4c-beab1c410666,.ext-button-field-container,position,position,,,No
09aea6e2-81e1-43db-8c4c-beab1c410666,.ext-button-field-container,bottom,bottom,,,No
09aea6e2-81e1-43db-8c4c-beab1c410666,.ext-button-field-container,right,right,,,No
09aea6e2-81e1-43db-8c4c-beab1c410666,.ext-input.ext-text-box,opacity,opacity,,,No
06106414-07ae-4eab-8e44-21f1da7b7201,.ext-sign-in-box,margin-bottom,margin-bottom,,,No
06106414-07ae-4eab-8e44-21f1da7b7201,.ext-boilerplate-text,margin-top,margin-top,,,No
06106414-07ae-4eab-8e44-21f1da7b7201,.ext-promoted-fed-cred-box,margin-bottom,margin-bottom,,,No
a2818332-62e1-4a2f-984f-6f0cfabc2bac,"body, .page",margin,margin,,,No
a2818332-62e1-4a2f-984f-6f0cfabc2bac,".navbar-brand, .navbar-brand-text",margin-right,margin-right,,,No
a2818332-62e1-4a2f-984f-6f0cfabc2bac,.navbar-logo,margin-right,margin-right,,,No
a2818332-62e1-4a2f-984f-6f0cfabc2bac,".navbar-nav .nav-link, .dropdown-toggle, .dropdown-item",margin-left,margin-left,,,No
a2818332-62e1-4a2f-984f-6f0cfabc2bac,".navbar-nav .nav-link, .dropdown-toggle, .dropdown-item",margin-right,margin-right,,,No
a2818332-62e1-4a2f-984f-6f0cfabc2bac,.login-display-wrapper,margin-left,margin-left,,,No
a2818332-62e1-4a2f-984f-6f0cfabc2bac,.login-display-wrapper img,margin-right,margin-right,,,No
a2818332-62e1-4a2f-984f-6f0cfabc2bac,.login-display-wrapper,margin,margin,,,No
a2818332-62e1-4a2f-984f-6f0cfabc2bac,.navbar-logo,margin-bottom,margin-bottom,,,No
a2818332-62e1-4a2f-984f-6f0cfabc2bac,"#blazor-error-ui, .error-ui",position,position,,,No
a2818332-62e1-4a2f-984f-6f0cfabc2bac,"#blazor-error-ui, .error-ui",z-index,z-index,,,No
a2818332-62e1-4a2f-984f-6f0cfabc2bac,"#blazor-error-ui, .error-ui",bottom,bottom,,,No
a2818332-62e1-4a2f-984f-6f0cfabc2bac,"#blazor-error-ui, .error-ui",left,left,,,No
a2818332-62e1-4a2f-984f-6f0cfabc2bac,"#blazor-error-ui .dismiss, .error-ui .dismiss",position,position,,,No
a2818332-62e1-4a2f-984f-6f0cfabc2bac,"#blazor-error-ui .dismiss, .error-ui .dismiss",right,right,,,No
a2818332-62e1-4a2f-984f-6f0cfabc2bac,"#blazor-error-ui .dismiss, .error-ui .dismiss","top""",top,,,No
f1929fbc-60ba-4a7a-96b0-47f0b6a5265a,.ext-header-logo,transform,transform,,,No
f1929fbc-60ba-4a7a-96b0-47f0b6a5265a,.ext-boilerplate-text:active,transform,transform,,,No
f1929fbc-60ba-4a7a-96b0-47f0b6a5265a,.ext-banner-logo,margin-left,margin-left,,,No
f1929fbc-60ba-4a7a-96b0-47f0b6a5265a,.ext-banner-logo,margin-right,margin-right,,,No
f1929fbc-60ba-4a7a-96b0-47f0b6a5265a,.ext-sign-in-box,transform,transform,,,No
f1929fbc-60ba-4a7a-96b0-47f0b6a5265a,.ext-button.ext-primary:hover,filter,filter,,,No
f1929fbc-60ba-4a7a-96b0-47f0b6a5265a,.ext-button.ext-primary:hover,transform,transform,,,No
f1929fbc-60ba-4a7a-96b0-47f0b6a5265a,.ext-button.ext-secondary:hover,filter,filter,,,No
f1929fbc-60ba-4a7a-96b0-47f0b6a5265a,.ext-button.ext-secondary:hover,transform,transform,,,No
1bae9a50-320d-403c-897d-21a4afc274bc,.ext-sign-in-box,opacity,opacity,,,No
a087c81c-610a-4b10-bd44-920c60cd1827,.ext-banner-logo,margin,margin,,,No
a087c81c-610a-4b10-bd44-920c60cd1827,.ext-banner-logo img,margin,margin,,,No
a087c81c-610a-4b10-bd44-920c60cd1827,.ext-title,margin-bottom,margin-bottom,,,No
a087c81c-610a-4b10-bd44-920c60cd1827,.ext-subtitle,margin-bottom,margin-bottom,,,No
a087c81c-610a-4b10-bd44-920c60cd1827,.ext-button-field-container,margin-top,margin-top,,,No
a087c81c-610a-4b10-bd44-920c60cd1827,.ext-button-item,margin,margin,,,No
a087c81c-610a-4b10-bd44-920c60cd1827,.ext-button.ext-primary:hover,transform,transform,,,No
a087c81c-610a-4b10-bd44-920c60cd1827,.ext-button.ext-primary:active,transform,transform,,,No
a087c81c-610a-4b10-bd44-920c60cd1827,.ext-button.ext-secondary:hover,transform,transform,,,No
a087c81c-610a-4b10-bd44-920c60cd1827,.ext-button.ext-secondary:active,transform,transform,,,No
a087c81c-610a-4b10-bd44-920c60cd1827,.ext-button.ext-secondary:active:focus,transform,transform,,,No
a087c81c-610a-4b10-bd44-920c60cd1827,.ext-promoted-fed-cred-box,overflow,overflow,,,No
a087c81c-610a-4b10-bd44-920c60cd1827,.ext-promoted-fed-cred-box,margin-top,margin-top,,,No
2308b1a7-86ab-4d06-916c-b1928890c62e,.ext-banner-logo,margin-left,margin-left,,,No
2308b1a7-86ab-4d06-916c-b1928890c62e,.ext-banner-logo,margin-right,margin-right,,,No
5f78fd23-5880-4571-861d-5ce93af43932,.ext-banner-logo,margin-left,margin-left,,,No
5f78fd23-5880-4571-861d-5ce93af43932,.ext-banner-logo,margin-right,margin-right,,,No
c673fd5b-2406-4b25-9e43-42dda6623e74,.template-section.authentication-cover .win-scroll,margin,margin,,,No
c673fd5b-2406-4b25-9e43-42dda6623e74,.template-section.authentication-cover .win-scroll .auth-cover-bg,margin,margin,,,No
c673fd5b-2406-4b25-9e43-42dda6623e74,.template-section.authentication-cover .win-scroll .auth-cover-bg,position,position,,,No
c673fd5b-2406-4b25-9e43-42dda6623e74,.template-section.authentication-cover .win-scroll .auth-cover-bg .auth-illustration,z-index,z-index,,,No
c673fd5b-2406-4b25-9e43-42dda6623e74,.template-section.authentication-cover .win-scroll .platform-bg,position,position,,,No
c673fd5b-2406-4b25-9e43-42dda6623e74,.template-section.authentication-cover .win-scroll .platform-bg,bottom,bottom,,,No
c673fd5b-2406-4b25-9e43-42dda6623e74,.template-section.authentication-cover .win-scroll .platform-bg,left,left,,,No
c673fd5b-2406-4b25-9e43-42dda6623e74,.template-section.authentication-cover .win-scroll .auth-multisteps-bg-height > img:first-child,z-index,z-index,,,No
c673fd5b-2406-4b25-9e43-42dda6623e74,.template-section.main-section .win-scroll,position,position,,,No
c673fd5b-2406-4b25-9e43-42dda6623e74,.template-section.main-section .win-scroll:before,position,position,,,No
c673fd5b-2406-4b25-9e43-42dda6623e74,.template-section.main-section .win-scroll:before,top,top,,,No
c673fd5b-2406-4b25-9e43-42dda6623e74,.template-section.main-section .win-scroll:before,left,left,,,No
c673fd5b-2406-4b25-9e43-42dda6623e74,.template-section.main-section .win-scroll:after,position,position,,,No
c673fd5b-2406-4b25-9e43-42dda6623e74,.template-section.main-section .win-scroll:after,z-index,z-index,,,No
c673fd5b-2406-4b25-9e43-42dda6623e74,.template-section.main-section .win-scroll:after,bottom,bottom,,,No
c673fd5b-2406-4b25-9e43-42dda6623e74,.template-section.main-section .win-scroll:after,right,right,,,No
c673fd5b-2406-4b25-9e43-42dda6623e74,.logo-control,overflow,overflow,,,No
c673fd5b-2406-4b25-9e43-42dda6623e74,.logo-control-logo,overflow,overflow,,,No
c673fd5b-2406-4b25-9e43-42dda6623e74,.logo-control-text,opacity,opacity,,,No
c673fd5b-2406-4b25-9e43-42dda6623e74,.logo-control-text,margin-left,margin-left,,,No
c673fd5b-2406-4b25-9e43-42dda6623e74,.menu-vertical .logo-control,margin,margin,,,No
c673fd5b-2406-4b25-9e43-42dda6623e74,":not(.layout-menu) > .menu-vertical.menu-collapsed:not(.layout-menu):not(:hover) .logo-control-logo, :not(.layout-menu) > .menu-vertical.menu-collapsed:not(.layout-menu):not(:hover) .logo-control-link, :not(.layout-menu) > .menu-vertical.menu-collapsed:not(.layout-menu):not(:hover) .logo-control-text",margin-right,margin-right,,,No
c673fd5b-2406-4b25-9e43-42dda6623e74,":not(.layout-menu) > .menu-vertical.menu-collapsed:not(.layout-menu):not(:hover) .logo-control-logo, :not(.layout-menu) > .menu-vertical.menu-collapsed:not(.layout-menu):not(:hover) .logo-control-link, :not(.layout-menu) > .menu-vertical.menu-collapsed:not(.layout-menu):not(:hover) .logo-control-text",margin-left,margin-left,,,No
c673fd5b-2406-4b25-9e43-42dda6623e74,":not(.layout-menu) > .menu-vertical.menu-collapsed:not(.layout-menu):not(:hover) .logo-control-logo ~ .logo-control-text, :not(.layout-menu) > .menu-vertical.menu-collapsed:not(.layout-menu):not(:hover) .logo-control .layout-menu-toggle",overflow,overflow,,,No
c673fd5b-2406-4b25-9e43-42dda6623e74,":not(.layout-menu) > .menu-vertical.menu-collapsed:not(.layout-menu):not(:hover) .logo-control-logo ~ .logo-control-text, :not(.layout-menu) > .menu-vertical.menu-collapsed:not(.layout-menu):not(:hover) .logo-control .layout-menu-toggle",opacity,opacity,,,No
c673fd5b-2406-4b25-9e43-42dda6623e74,".layout-menu-collapsed:not(.layout-menu-hover):not(.layout-menu-offcanvas):not(.layout-menu-fixed-offcanvas) .layout-menu .logo-control-logo, .layout-menu-collapsed:not(.layout-menu-hover):not(.layout-menu-offcanvas):not(.layout-menu-fixed-offcanvas) .layout-menu .logo-control-link, .layout-menu-collapsed:not(.layout-menu-hover):not(.layout-menu-offcanvas):not(.layout-menu-fixed-offcanvas) .layout-menu .logo-control-text",margin-right,margin-right,,,No
c673fd5b-2406-4b25-9e43-42dda6623e74,".layout-menu-collapsed:not(.layout-menu-hover):not(.layout-menu-offcanvas):not(.layout-menu-fixed-offcanvas) .layout-menu .logo-control-logo, .layout-menu-collapsed:not(.layout-menu-hover):not(.layout-menu-offcanvas):not(.layout-menu-fixed-offcanvas) .layout-menu .logo-control-link, .layout-menu-collapsed:not(.layout-menu-hover):not(.layout-menu-offcanvas):not(.layout-menu-fixed-offcanvas) .layout-menu .logo-control-text",margin-left,margin-left,,,No
c673fd5b-2406-4b25-9e43-42dda6623e74,".layout-menu-collapsed:not(.layout-menu-hover):not(.layout-menu-offcanvas):not(.layout-menu-fixed-offcanvas) .layout-menu .logo-control-logo ~ .logo-control-text, .layout-menu-collapsed:not(.layout-menu-hover):not(.layout-menu-offcanvas):not(.layout-menu-fixed-offcanvas) .layout-menu .logo-control .layout-menu-toggle",overflow,overflow,,,No
c673fd5b-2406-4b25-9e43-42dda6623e74,".layout-menu-collapsed:not(.layout-menu-hover):not(.layout-menu-offcanvas):not(.layout-menu-fixed-offcanvas) .layout-menu .logo-control-logo ~ .logo-control-text, .layout-menu-collapsed:not(.layout-menu-hover):not(.layout-menu-offcanvas):not(.layout-menu-fixed-offcanvas) .layout-menu .logo-control .layout-menu-toggle",opacity,opacity,,,No
c673fd5b-2406-4b25-9e43-42dda6623e74,.banner-logo,"margin-top""",margin-top,,,No
c673fd5b-2406-4b25-9e43-42dda6623e74,.template-section.authentication-cover .win-scroll,margin,margin,,,No
c673fd5b-2406-4b25-9e43-42dda6623e74,.template-section.authentication-cover .win-scroll .auth-cover-bg,margin,margin,,,No
c673fd5b-2406-4b25-9e43-42dda6623e74,.template-section.authentication-cover .win-scroll .auth-cover-bg,position,position,,,No
c673fd5b-2406-4b25-9e43-42dda6623e74,.template-section.authentication-cover .win-scroll .auth-cover-bg .auth-illustration,z-index,z-index,,,No
c673fd5b-2406-4b25-9e43-42dda6623e74,.template-section.authentication-cover .win-scroll .platform-bg,position,position,,,No
c673fd5b-2406-4b25-9e43-42dda6623e74,.template-section.authentication-cover .win-scroll .platform-bg,bottom,bottom,,,No
c673fd5b-2406-4b25-9e43-42dda6623e74,.template-section.authentication-cover .win-scroll .platform-bg,left,left,,,No
c673fd5b-2406-4b25-9e43-42dda6623e74,.template-section.authentication-cover .win-scroll .auth-multisteps-bg-height > img:first-child,z-index,z-index,,,No
c673fd5b-2406-4b25-9e43-42dda6623e74,.template-section.main-section .win-scroll,position,position,,,No
c673fd5b-2406-4b25-9e43-42dda6623e74,.template-section.main-section .win-scroll:before,position,position,,,No
c673fd5b-2406-4b25-9e43-42dda6623e74,.template-section.main-section .win-scroll:before,top,top,,,No
c673fd5b-2406-4b25-9e43-42dda6623e74,.template-section.main-section .win-scroll:before,left,left,,,No
c673fd5b-2406-4b25-9e43-42dda6623e74,.template-section.main-section .win-scroll:after,position,position,,,No
c673fd5b-2406-4b25-9e43-42dda6623e74,.template-section.main-section .win-scroll:after,z-index,z-index,,,No
c673fd5b-2406-4b25-9e43-42dda6623e74,.template-section.main-section .win-scroll:after,bottom,bottom,,,No
c673fd5b-2406-4b25-9e43-42dda6623e74,.template-section.main-section .win-scroll:after,right,right,,,No
c673fd5b-2406-4b25-9e43-42dda6623e74,.logo-control,overflow,overflow,,,No
c673fd5b-2406-4b25-9e43-42dda6623e74,.logo-control-logo,overflow,overflow,,,No
c673fd5b-2406-4b25-9e43-42dda6623e74,.logo-control-text,opacity,opacity,,,No
c673fd5b-2406-4b25-9e43-42dda6623e74,.logo-control-text,margin-left,margin-left,,,No
c673fd5b-2406-4b25-9e43-42dda6623e74,.menu-vertical .logo-control,margin,margin,,,No
c673fd5b-2406-4b25-9e43-42dda6623e74,":not(.layout-menu) > .menu-vertical.menu-collapsed:not(.layout-menu):not(:hover) .logo-control-logo, :not(.layout-menu) > .menu-vertical.menu-collapsed:not(.layout-menu):not(:hover) .logo-control-link, :not(.layout-menu) > .menu-vertical.menu-collapsed:not(.layout-menu):not(:hover) .logo-control-text",margin-right,margin-right,,,No
c673fd5b-2406-4b25-9e43-42dda6623e74,":not(.layout-menu) > .menu-vertical.menu-collapsed:not(.layout-menu):not(:hover) .logo-control-logo, :not(.layout-menu) > .menu-vertical.menu-collapsed:not(.layout-menu):not(:hover) .logo-control-link, :not(.layout-menu) > .menu-vertical.menu-collapsed:not(.layout-menu):not(:hover) .logo-control-text",margin-left,margin-left,,,No
c673fd5b-2406-4b25-9e43-42dda6623e74,":not(.layout-menu) > .menu-vertical.menu-collapsed:not(.layout-menu):not(:hover) .logo-control-logo ~ .logo-control-text, :not(.layout-menu) > .menu-vertical.menu-collapsed:not(.layout-menu):not(:hover) .logo-control .layout-menu-toggle",overflow,overflow,,,No
c673fd5b-2406-4b25-9e43-42dda6623e74,":not(.layout-menu) > .menu-vertical.menu-collapsed:not(.layout-menu):not(:hover) .logo-control-logo ~ .logo-control-text, :not(.layout-menu) > .menu-vertical.menu-collapsed:not(.layout-menu):not(:hover) .logo-control .layout-menu-toggle",opacity,opacity,,,No
c673fd5b-2406-4b25-9e43-42dda6623e74,".layout-menu-collapsed:not(.layout-menu-hover):not(.layout-menu-offcanvas):not(.layout-menu-fixed-offcanvas) .layout-menu .logo-control-logo, .layout-menu-collapsed:not(.layout-menu-hover):not(.layout-menu-offcanvas):not(.layout-menu-fixed-offcanvas) .layout-menu .logo-control-link, .layout-menu-collapsed:not(.layout-menu-hover):not(.layout-menu-offcanvas):not(.layout-menu-fixed-offcanvas) .layout-menu .logo-control-text",margin-right,margin-right,,,No
c673fd5b-2406-4b25-9e43-42dda6623e74,".layout-menu-collapsed:not(.layout-menu-hover):not(.layout-menu-offcanvas):not(.layout-menu-fixed-offcanvas) .layout-menu .logo-control-logo, .layout-menu-collapsed:not(.layout-menu-hover):not(.layout-menu-offcanvas):not(.layout-menu-fixed-offcanvas) .layout-menu .logo-control-link, .layout-menu-collapsed:not(.layout-menu-hover):not(.layout-menu-offcanvas):not(.layout-menu-fixed-offcanvas) .layout-menu .logo-control-text",margin-left,margin-left,,,No
c673fd5b-2406-4b25-9e43-42dda6623e74,".layout-menu-collapsed:not(.layout-menu-hover):not(.layout-menu-offcanvas):not(.layout-menu-fixed-offcanvas) .layout-menu .logo-control-logo ~ .logo-control-text, .layout-menu-collapsed:not(.layout-menu-hover):not(.layout-menu-offcanvas):not(.layout-menu-fixed-offcanvas) .layout-menu .logo-control .layout-menu-toggle",overflow,overflow,,,No
c673fd5b-2406-4b25-9e43-42dda6623e74,".layout-menu-collapsed:not(.layout-menu-hover):not(.layout-menu-offcanvas):not(.layout-menu-fixed-offcanvas) .layout-menu .logo-control-logo ~ .logo-control-text, .layout-menu-collapsed:not(.layout-menu-hover):not(.layout-menu-offcanvas):not(.layout-menu-fixed-offcanvas) .layout-menu .logo-control .layout-menu-toggle",opacity,opacity,,,No
c673fd5b-2406-4b25-9e43-42dda6623e74,.banner-logo,"margin-top""",margin-top,,,No
68fc3f82-df4a-4a6e-bb2d-d3e32afb8492,.ext-title,margin-bottom,margin-bottom,,,No
68fc3f82-df4a-4a6e-bb2d-d3e32afb8492,.ext-subtitle,margin-bottom,margin-bottom,,,No
68fc3f82-df4a-4a6e-bb2d-d3e32afb8492,.ext-input.ext-text-box,margin-bottom,margin-bottom,,,No
68fc3f82-df4a-4a6e-bb2d-d3e32afb8492,.ext-boilerplate-text,margin-top,margin-top,,,No
90c7a2f6-7e61-4c46-9496-8872b507dc12,".heading, h1",margin-bottom,margin-bottom,,,No
90c7a2f6-7e61-4c46-9496-8872b507dc12,".buttons .button-primary:hover, button[type='submit']:hover","transform""",transform,,,No
30499560-21cc-47a9-8d5b-90dc22855031,body,margin,margin,,,No
30499560-21cc-47a9-8d5b-90dc22855031,"h1, h2, h3, h4, h5, h6","margin""",margin,,,No
f232503d-06a7-4413-88ee-677ef1cf45b6,.ext-banner-logo,margin-bottom,margin-bottom,,,No
f232503d-06a7-4413-88ee-677ef1cf45b6,.ext-title,margin-bottom,margin-bottom,,,No
f232503d-06a7-4413-88ee-677ef1cf45b6,.ext-subtitle,margin-bottom,margin-bottom,,,No
f232503d-06a7-4413-88ee-677ef1cf45b6,.ext-button-field-container,margin-bottom,margin-bottom,,,No
f232503d-06a7-4413-88ee-677ef1cf45b6,.ext-button-item,margin,margin,,,No
f232503d-06a7-4413-88ee-677ef1cf45b6,.ext-boilerplate-text,margin-top,margin-top,,,No
f232503d-06a7-4413-88ee-677ef1cf45b6,.ext-footer-content.ext-footer-item,margin,margin,,,No
bbf19ddd-4286-4d12-859a-9bcdc5c87f13,body,margin,margin,,,No
bbf19ddd-4286-4d12-859a-9bcdc5c87f13,.ext-vertical-split-main-section,overflow,overflow,,,No
bbf19ddd-4286-4d12-859a-9bcdc5c87f13,.ext-banner-logo,margin-bottom,margin-bottom,,,No
bbf19ddd-4286-4d12-859a-9bcdc5c87f13,.ext-title,margin-bottom,margin-bottom,,,No
bbf19ddd-4286-4d12-859a-9bcdc5c87f13,.ext-subtitle,margin-bottom,margin-bottom,,,No
bbf19ddd-4286-4d12-859a-9bcdc5c87f13,.ext-header-description,margin-bottom,margin-bottom,,,No
bbf19ddd-4286-4d12-859a-9bcdc5c87f13,.ext-error,margin-bottom,margin-bottom,,,No
bbf19ddd-4286-4d12-859a-9bcdc5c87f13,.ext-password-reset-links-container,margin-top,margin-top,,,No
bbf19ddd-4286-4d12-859a-9bcdc5c87f13,.ext-button-field-container,margin-top,margin-top,,,No
bbf19ddd-4286-4d12-859a-9bcdc5c87f13,.ext-button-item,margin,margin,,,No
bbf19ddd-4286-4d12-859a-9bcdc5c87f13,.ext-button.ext-primary:hover,transform,transform,,,No
bbf19ddd-4286-4d12-859a-9bcdc5c87f13,.ext-button.ext-primary:active,transform,transform,,,No
bbf19ddd-4286-4d12-859a-9bcdc5c87f13,.ext-button.ext-secondary:hover,transform,transform,,,No
bbf19ddd-4286-4d12-859a-9bcdc5c87f13,.ext-button.ext-secondary:active,transform,transform,,,No
bbf19ddd-4286-4d12-859a-9bcdc5c87f13,.ext-boilerplate-text,margin-top,margin-top,,,No
bbf19ddd-4286-4d12-859a-9bcdc5c87f13,.ext-promoted-fed-cred-box,margin-top,margin-top,,,No
bbf19ddd-4286-4d12-859a-9bcdc5c87f13,.ext-footer-links,margin-top,margin-top,,,No
dd2c9f71-0cf6-47f9-8aa0-99bdac9d71a3,.ext-promoted-fed-cred-box,margin-top,margin-top,,,No
6d7d19af-0c8a-4e02-8e67-c193759fe590,.ext-button-item,margin-left,margin-left,,,No
6f1d3e13-1c5c-43e4-a930-c9a7501f9d94,.ext-button,margin,margin,,,No
6f1d3e13-1c5c-43e4-a930-c9a7501f9d94,main,margin,margin,,,No
36479712-f948-4124-a5e4-c37f9d4d5012,body,margin,margin,,,No
744f72cf-1cfe-4367-b6d0-ce6cf35a92a3,.ext-promoted-fed-cred-box,clip-path,clip-path,,,No
744f72cf-1cfe-4367-b6d0-ce6cf35a92a3,.ext-promoted-fed-cred-box,position,position,,,No
744f72cf-1cfe-4367-b6d0-ce6cf35a92a3,.ext-promoted-fed-cred-box,left,left,,,No
744f72cf-1cfe-4367-b6d0-ce6cf35a92a3,.ext-promoted-fed-cred-box,filter,filter,,,No
d54eed59-eedf-431d-91d5-a0ca29316ee9,.ext-banner-logo,margin-left,margin-left,,,No
d54eed59-eedf-431d-91d5-a0ca29316ee9,.ext-banner-logo,margin-right,margin-right,,,No
fbd88936-4bda-4a82-9613-4b5e7b40ffec,.ext-banner-logo,margin-left,margin-left,,,No
fbd88936-4bda-4a82-9613-4b5e7b40ffec,.ext-banner-logo,margin-right,margin-right,,,No
9d8934d4-9f97-4bfa-bd82-bbb32ed6e1f6,.ext-banner-logo,margin-left,margin-left,,,No
9d8934d4-9f97-4bfa-bd82-bbb32ed6e1f6,.ext-banner-logo,margin-right,margin-right,,,No
d3f3e195-fc78-45ed-af8a-949d0ffb2263,"import url('https: body, html",margin,margin,,,No
d3f3e195-fc78-45ed-af8a-949d0ffb2263,#particles-js,position,position,,,No
d3f3e195-fc78-45ed-af8a-949d0ffb2263,.container,margin,margin,,,No
d3f3e195-fc78-45ed-af8a-949d0ffb2263,.container,top,top,,,No
d3f3e195-fc78-45ed-af8a-949d0ffb2263,.container,left,left,,,No
d3f3e195-fc78-45ed-af8a-949d0ffb2263,.container,position,position,,,No
d3f3e195-fc78-45ed-af8a-949d0ffb2263,.container,transform,transform,,,No
d3f3e195-fc78-45ed-af8a-949d0ffb2263,.box h4,margin-top,margin-top,,,No
d3f3e195-fc78-45ed-af8a-949d0ffb2263,.box h5,margin-top,margin-top,,,No
d3f3e195-fc78-45ed-af8a-949d0ffb2263,.box h5,margin-bottom,margin-bottom,,,No
d3f3e195-fc78-45ed-af8a-949d0ffb2263,".box input[type = 'text'],.box input[type = 'password']",margin,margin,,,No
d3f3e195-fc78-45ed-af8a-949d0ffb2263,label span,position,position,,,No
d3f3e195-fc78-45ed-af8a-949d0ffb2263,label span,left,left,,,No
d3f3e195-fc78-45ed-af8a-949d0ffb2263,.btn1,position,position,,,No
d3f3e195-fc78-45ed-af8a-949d0ffb2263,.btn1,top,top,,,No
d3f3e195-fc78-45ed-af8a-949d0ffb2263,.btn1,left,left,,,No
d3f3e195-fc78-45ed-af8a-949d0ffb2263,.rmb,position,position,,,No
d3f3e195-fc78-45ed-af8a-949d0ffb2263,.rmb,margin-left,margin-left,,,No
d3f3e195-fc78-45ed-af8a-949d0ffb2263,.rmb,margin-top,margin-top,,,No
d3f3e195-fc78-45ed-af8a-949d0ffb2263,.forgetpass,position,position,,,No
d3f3e195-fc78-45ed-af8a-949d0ffb2263,.forgetpass,right,right,,,No
d3f3e195-fc78-45ed-af8a-949d0ffb2263,.dnthave,position,position,,,No
d3f3e195-fc78-45ed-af8a-949d0ffb2263,.dnthave,top,top,,,No
d3f3e195-fc78-45ed-af8a-949d0ffb2263,.dnthave,left,left,,,No
d3f3e195-fc78-45ed-af8a-949d0ffb2263,[type=checkbox]:checked + span:before,position,position,,,No
d3f3e195-fc78-45ed-af8a-949d0ffb2263,[type=checkbox]:checked + span:before,top,top,,,No
d3f3e195-fc78-45ed-af8a-949d0ffb2263,[type=checkbox]:checked + span:before,left,left,,,No
d3f3e195-fc78-45ed-af8a-949d0ffb2263,.typcn,position,position,,,No
d3f3e195-fc78-45ed-af8a-949d0ffb2263,.typcn,left,left,,,No
d3f3e195-fc78-45ed-af8a-949d0ffb2263,.typcn,top,top,,,No
d3f3e195-fc78-45ed-af8a-949d0ffb2263,.error,margin,margin,,,No
d3f3e195-fc78-45ed-af8a-949d0ffb2263,.error,position,position,,,No
d3f3e195-fc78-45ed-af8a-949d0ffb2263,.error,top,top,,,No
d3f3e195-fc78-45ed-af8a-949d0ffb2263,.error,left,left,,,No
d3f3e195-fc78-45ed-af8a-949d0ffb2263,.footer,position,position,,,No
d3f3e195-fc78-45ed-af8a-949d0ffb2263,.footer,left,left,,,No
d3f3e195-fc78-45ed-af8a-949d0ffb2263,.footer,bottom,bottom,,,No
d3f3e195-fc78-45ed-af8a-949d0ffb2263,.footer,"top""",top,,,No
a1b94f8f-97a2-47da-b4f5-5caa10af3afb,.ext-error,margin-bottom,margin-bottom,,,No
04f79544-ad13-41d3-aa7c-ee5e79e52c1c,.ext-banner-logo,margin-left,margin-left,,,No
04f79544-ad13-41d3-aa7c-ee5e79e52c1c,.ext-banner-logo,margin-right,margin-right,,,No
8f21996c-6052-4646-ba60-03a32c21e927,.ext-background-overlay,opacity,opacity,,,No
8f21996c-6052-4646-ba60-03a32c21e927,.ext-banner-logo,margin-left,margin-left,,,No
8f21996c-6052-4646-ba60-03a32c21e927,.ext-banner-logo,margin-right,margin-right,,,No
8f21996c-6052-4646-ba60-03a32c21e927,.ext-title,opacity,opacity,,,No
8f21996c-6052-4646-ba60-03a32c21e927,.ext-button.ext-primary:hover,transform,transform,,,No
8f21996c-6052-4646-ba60-03a32c21e927,.ext-button.ext-primary:focus,transform,transform,,,No
8f21996c-6052-4646-ba60-03a32c21e927,.ext-button.ext-primary:active,transform,transform,,,No
dbe616ca-bc5f-4240-83de-ec4d7149b7fe,.ext-error,margin-bottom,margin-bottom,,,No
dbe616ca-bc5f-4240-83de-ec4d7149b7fe,.ext-sign-in-box,margin-bottom,margin-bottom,,,No
c5163308-6c43-4ea3-875e-e81142cb7a72,.ext-banner-logo,margin-left,margin-left,,,No
c5163308-6c43-4ea3-875e-e81142cb7a72,.ext-banner-logo,margin-right,margin-right,,,No
a46edf29-57a7-4f13-a980-7fb92fc854ac,body::before,position,position,,,No
a46edf29-57a7-4f13-a980-7fb92fc854ac,body::before,z-index,z-index,,,No
f2c2d186-d8af-43d6-8642-964b3ee3abcc,.ext-sign-in-box,opacity,opacity,,,No
8b0c4949-52ad-4abc-b61b-27d3bf0c215e,.ext-middle::before,position,position,,,No
8b0c4949-52ad-4abc-b61b-27d3bf0c215e,.ext-middle::before,top,top,,,No
8b0c4949-52ad-4abc-b61b-27d3bf0c215e,.ext-middle::before,left,left,,,No
8b0c4949-52ad-4abc-b61b-27d3bf0c215e,.ext-middle::before,z-index,z-index,,,No
8b0c4949-52ad-4abc-b61b-27d3bf0c215e,.ext-middle,position,position,,,No
8b0c4949-52ad-4abc-b61b-27d3bf0c215e,.ext-middle,z-index,z-index,,,No
89409a4e-f4fc-43de-814c-c13e7dfcd5aa,.ext-banner-logo,margin-left,margin-left,,,No
89409a4e-f4fc-43de-814c-c13e7dfcd5aa,.ext-banner-logo,margin-right,margin-right,,,No
0b7f6b03-2ca8-48b5-a7aa-03b3263a0633,.ext-sign-in-box,opacity,opacity,,,No
398eab0f-563a-4a4e-9293-731f7167f0ae,"input[type='text'], input[type='password'], input[type='email']",margin,margin,,,No
398eab0f-563a-4a4e-9293-731f7167f0ae,.login-container,margin,margin,,,No
398eab0f-563a-4a4e-9293-731f7167f0ae,.login-container h1,margin-bottom,margin-bottom,,,No
398eab0f-563a-4a4e-9293-731f7167f0ae,.login-container .input-group,margin-bottom,margin-bottom,,,No
398eab0f-563a-4a4e-9293-731f7167f0ae,footer,margin-top,margin-top,,,No
398eab0f-563a-4a4e-9293-731f7167f0ae,.error-message,"margin-top""",margin-top,,,No
ff9879ac-db5d-4a3d-a538-ebe1f8a2c656,.ext-sign-in-box,opacity,opacity,,,No
846333b6-184b-40a4-ba84-786c95115d7e,.ext-button.ext-primary:hover,transform,transform,,,No
846333b6-184b-40a4-ba84-786c95115d7e,.ext-button.ext-primary:focus,transform,transform,,,No
846333b6-184b-40a4-ba84-786c95115d7e,.ext-button.ext-primary:focus:hover,transform,transform,,,No
846333b6-184b-40a4-ba84-786c95115d7e,.ext-button.ext-primary:active,transform,transform,,,No
846333b6-184b-40a4-ba84-786c95115d7e,.ext-button.ext-secondary:hover,transform,transform,,,No
846333b6-184b-40a4-ba84-786c95115d7e,.ext-button.ext-secondary:focus,transform,transform,,,No
846333b6-184b-40a4-ba84-786c95115d7e,.ext-button.ext-secondary:focus:hover,transform,transform,,,No
846333b6-184b-40a4-ba84-786c95115d7e,.ext-button.ext-secondary:active,transform,transform,,,No
846333b6-184b-40a4-ba84-786c95115d7e,.ext-promoted-fed-cred-box,clip-path,clip-path,,,No
3b486d8b-a9cc-45f5-ab32-f22bf6251bd4,.ext-banner-logo,margin,margin,,,No
3b486d8b-a9cc-45f5-ab32-f22bf6251bd4,.ext-banner-logo,transform,transform,,,No
3b486d8b-a9cc-45f5-ab32-f22bf6251bd4,.ext-banner-logo,margin-bottom,margin-bottom,,,No
c602b45a-7c38-4b4d-a2c3-8c41dfa957ca,.ext-background-image,position,position,,,No
c602b45a-7c38-4b4d-a2c3-8c41dfa957ca,.ext-background-image,z-index,z-index,,,No
65c6f453-b628-4948-a911-061d3eddf6d2,.ext-input.ext-text-box,margin-bottom,margin-bottom,,,No
fc85e580-0cf8-4198-8894-0c5e2da6c19b,.ext-background-overlay,opacity,opacity,,,No
fc85e580-0cf8-4198-8894-0c5e2da6c19b,.ext-banner-logo,margin-left,margin-left,,,No
fc85e580-0cf8-4198-8894-0c5e2da6c19b,.ext-banner-logo,margin-right,margin-right,,,No
fc85e580-0cf8-4198-8894-0c5e2da6c19b,.ext-title,opacity,opacity,,,No
fc85e580-0cf8-4198-8894-0c5e2da6c19b,.ext-button.ext-primary:hover,transform,transform,,,No
fc85e580-0cf8-4198-8894-0c5e2da6c19b,.ext-button.ext-primary:focus,transform,transform,,,No
fc85e580-0cf8-4198-8894-0c5e2da6c19b,.ext-button.ext-primary:active,transform,transform,,,No
d21dd828-1cfd-4dc4-b4d6-064805262e1d,"#lightbox, .sign-in-box",overflow,overflow,,,No
d21dd828-1cfd-4dc4-b4d6-064805262e1d,input[type='password']::placeholder,"opacity""",opacity,,,No
24b8a19b-feca-4c3c-bd82-096f3f98d1cb,body,margin,margin,,,No
24b8a19b-feca-4c3c-bd82-096f3f98d1cb,.ext-background-image,position,position,,,No
24b8a19b-feca-4c3c-bd82-096f3f98d1cb,.ext-background-image,top,top,,,No
24b8a19b-feca-4c3c-bd82-096f3f98d1cb,.ext-background-image,left,left,,,No
24b8a19b-feca-4c3c-bd82-096f3f98d1cb,.ext-background-image,z-index,z-index,,,No
24b8a19b-feca-4c3c-bd82-096f3f98d1cb,.ext-background-overlay,position,position,,,No
24b8a19b-feca-4c3c-bd82-096f3f98d1cb,.ext-background-overlay,top,top,,,No
24b8a19b-feca-4c3c-bd82-096f3f98d1cb,.ext-background-overlay,left,left,,,No
24b8a19b-feca-4c3c-bd82-096f3f98d1cb,.ext-background-overlay,z-index,z-index,,,No
24b8a19b-feca-4c3c-bd82-096f3f98d1cb,.ext-banner-logo,margin-bottom,margin-bottom,,,No
24b8a19b-feca-4c3c-bd82-096f3f98d1cb,.ext-title,margin-bottom,margin-bottom,,,No
24b8a19b-feca-4c3c-bd82-096f3f98d1cb,.ext-subtitle,margin-bottom,margin-bottom,,,No
24b8a19b-feca-4c3c-bd82-096f3f98d1cb,.ext-input.ext-text-box,margin-bottom,margin-bottom,,,No
24b8a19b-feca-4c3c-bd82-096f3f98d1cb,.ext-button-field-container,margin-bottom,margin-bottom,,,No
24b8a19b-feca-4c3c-bd82-096f3f98d1cb,.ext-button.ext-primary,margin,margin,,,No
24b8a19b-feca-4c3c-bd82-096f3f98d1cb,.ext-button.ext-secondary,margin,margin,,,No
24b8a19b-feca-4c3c-bd82-096f3f98d1cb,.identityBanner,margin-top,margin-top,,,No
24b8a19b-feca-4c3c-bd82-096f3f98d1cb,.identityBanner,margin-bottom,margin-bottom,,,No
24b8a19b-feca-4c3c-bd82-096f3f98d1cb,.backButton,margin-right,margin-right,,,No
24b8a19b-feca-4c3c-bd82-096f3f98d1cb,body,margin,margin,,,No
24b8a19b-feca-4c3c-bd82-096f3f98d1cb,.ext-background-image,position,position,,,No
24b8a19b-feca-4c3c-bd82-096f3f98d1cb,.ext-background-image,top,top,,,No
24b8a19b-feca-4c3c-bd82-096f3f98d1cb,.ext-background-image,left,left,,,No
24b8a19b-feca-4c3c-bd82-096f3f98d1cb,.ext-background-image,z-index,z-index,,,No
24b8a19b-feca-4c3c-bd82-096f3f98d1cb,.ext-background-overlay,position,position,,,No
24b8a19b-feca-4c3c-bd82-096f3f98d1cb,.ext-background-overlay,top,top,,,No
24b8a19b-feca-4c3c-bd82-096f3f98d1cb,.ext-background-overlay,left,left,,,No
24b8a19b-feca-4c3c-bd82-096f3f98d1cb,.ext-background-overlay,z-index,z-index,,,No
24b8a19b-feca-4c3c-bd82-096f3f98d1cb,.ext-banner-logo,margin-bottom,margin-bottom,,,No
24b8a19b-feca-4c3c-bd82-096f3f98d1cb,.ext-title,margin-bottom,margin-bottom,,,No
24b8a19b-feca-4c3c-bd82-096f3f98d1cb,.ext-subtitle,margin-bottom,margin-bottom,,,No
24b8a19b-feca-4c3c-bd82-096f3f98d1cb,.ext-input.ext-text-box,margin-bottom,margin-bottom,,,No
24b8a19b-feca-4c3c-bd82-096f3f98d1cb,.ext-button-field-container,margin-bottom,margin-bottom,,,No
4d817673-3793-4544-944d-b6793454d82a,.ext-button,margin,margin,,,No
4d817673-3793-4544-944d-b6793454d82a,.ext-footer-links,margin-bottom,margin-bottom,,,No
4d817673-3793-4544-944d-b6793454d82a,.ext-footer-content,margin,margin,,,No
4d817673-3793-4544-944d-b6793454d82a,main,margin,margin,,,No
3947142a-4123-45a6-b9a0-1358aa71f34d,div#api,margin,margin,,,No
3947142a-4123-45a6-b9a0-1358aa71f34d,"input[type='text'], input[type='password']",margin-top,margin-top,,,No
3947142a-4123-45a6-b9a0-1358aa71f34d,button,margin-top,margin-top,,,No
3947142a-4123-45a6-b9a0-1358aa71f34d,.footer,"margin-top""",margin-top,,,No
01db7120-33eb-44c4-b147-7743e4dc7643,.ext-sign-in-box,opacity,opacity,,,No
f2c64670-83ec-4e4d-b51f-753f9c1d4f95,".ext-sign-in-box, .ext-promoted-fed-cred-box","overflow""",overflow,,,No
0a99177d-20ce-4e80-bf3a-95349817aa88,.ext-banner-logo,margin-left,margin-left,,,No
0a99177d-20ce-4e80-bf3a-95349817aa88,.ext-banner-logo,margin-right,margin-right,,,No
02c9fbcf-b259-4ac4-853d-096ae3c3fbab,"*, *::before, *::after",margin,margin,,,No
02c9fbcf-b259-4ac4-853d-096ae3c3fbab,body::after,position,position,,,No
02c9fbcf-b259-4ac4-853d-096ae3c3fbab,body::after,opacity,opacity,,,No
02c9fbcf-b259-4ac4-853d-096ae3c3fbab,body::after,pointer-events,pointer-events,,,No
02c9fbcf-b259-4ac4-853d-096ae3c3fbab,.cs-login .logo,margin,margin,,,No
02c9fbcf-b259-4ac4-853d-096ae3c3fbab,".cs-login input[type='text'], .cs-login input[type='email'], .cs-login input[type='password']",margin-bottom,margin-bottom,,,No
02c9fbcf-b259-4ac4-853d-096ae3c3fbab,.cs-login button[type='submit']:active,"transform""",transform,,,No
c683cb9d-129a-4a42-b295-e7b2be5c6a48,media screen and (max-width: 600px),margin-bottom,margin-bottom,,,No
c683cb9d-129a-4a42-b295-e7b2be5c6a48,media screen and (max-width: 600px),margin,margin,,,No
c683cb9d-129a-4a42-b295-e7b2be5c6a48,media screen and (max-width: 600px),position,position,,,No
c683cb9d-129a-4a42-b295-e7b2be5c6a48,media screen and (max-width: 600px),margin-top,margin-top,,,No
c683cb9d-129a-4a42-b295-e7b2be5c6a48,media screen and (max-width: 600px),bottom,bottom,,,No
5ac1b2e6-94e7-47eb-a21b-dda5bde00423,.ext-background-image,filter,filter,,,No
370b9f4f-e87d-4eec-9937-7dd338f96665,.ext-middle,filter,filter,,,No
370b9f4f-e87d-4eec-9937-7dd338f96665,.ext-banner-logo,margin-left,margin-left,,,No
370b9f4f-e87d-4eec-9937-7dd338f96665,.ext-banner-logo,margin-right,margin-right,,,No
e2e4adb8-fd23-47b1-9a3e-3e0e33103ed6,.ext-banner-logo,margin,margin,,,No
e2e4adb8-fd23-47b1-9a3e-3e0e33103ed6,.ext-input.ext-text-box,position,position,,,No
e2e4adb8-fd23-47b1-9a3e-3e0e33103ed6,.ext-input.ext-text-box::placeholder,opacity,opacity,,,No
e2e4adb8-fd23-47b1-9a3e-3e0e33103ed6,.ext-input.ext-text-box:focus::placeholder,opacity,opacity,,,No
1f30e22a-471f-47bc-b957-00a678f9eda7,.ext-background-overlay,opacity,opacity,,,No
1f30e22a-471f-47bc-b957-00a678f9eda7,.ext-banner-logo,margin-left,margin-left,,,No
1f30e22a-471f-47bc-b957-00a678f9eda7,.ext-banner-logo,margin-right,margin-right,,,No
1f30e22a-471f-47bc-b957-00a678f9eda7,.ext-title,opacity,opacity,,,No
1f30e22a-471f-47bc-b957-00a678f9eda7,.ext-button.ext-primary:hover,transform,transform,,,No
1f30e22a-471f-47bc-b957-00a678f9eda7,.ext-button.ext-primary:focus,transform,transform,,,No
1f30e22a-471f-47bc-b957-00a678f9eda7,.ext-button.ext-primary:active,transform,transform,,,No
e0aa6d36-2bea-4bca-8ec6-4d9e0157399a,.ext-banner-logo,margin-left,margin-left,,,No
e0aa6d36-2bea-4bca-8ec6-4d9e0157399a,.ext-banner-logo,margin-right,margin-right,,,No
a2d79580-9e89-4767-bfea-d64f79a27ca2,body,margin,margin,,,No
a2d79580-9e89-4767-bfea-d64f79a27ca2,a:active,transform,transform,,,No
a2d79580-9e89-4767-bfea-d64f79a27ca2,.ext-background-image,position,position,,,No
a2d79580-9e89-4767-bfea-d64f79a27ca2,.ext-background-image,top,top,,,No
a2d79580-9e89-4767-bfea-d64f79a27ca2,.ext-background-image,left,left,,,No
a2d79580-9e89-4767-bfea-d64f79a27ca2,.ext-background-image,z-index,z-index,,,No
a2d79580-9e89-4767-bfea-d64f79a27ca2,.ext-background-overlay,position,position,,,No
a2d79580-9e89-4767-bfea-d64f79a27ca2,.ext-background-overlay,top,top,,,No
a2d79580-9e89-4767-bfea-d64f79a27ca2,.ext-background-overlay,left,left,,,No
a2d79580-9e89-4767-bfea-d64f79a27ca2,.ext-header-logo,margin,margin,,,No
a2d79580-9e89-4767-bfea-d64f79a27ca2,.ext-vertical-split-background-image-container,position,position,,,No
a2d79580-9e89-4767-bfea-d64f79a27ca2,.ext-sign-in-box,margin,margin,,,No
a2d79580-9e89-4767-bfea-d64f79a27ca2,.ext-sign-in-box,overflow,overflow,,,No
a2d79580-9e89-4767-bfea-d64f79a27ca2,.ext-banner-logo,margin,margin,,,No
a2d79580-9e89-4767-bfea-d64f79a27ca2,.ext-title,margin,margin,,,No
a2d79580-9e89-4767-bfea-d64f79a27ca2,.ext-subtitle,margin,margin,,,No
a2d79580-9e89-4767-bfea-d64f79a27ca2,.ext-header-description,margin,margin,,,No
a2d79580-9e89-4767-bfea-d64f79a27ca2,.ext-error,margin,margin,,,No
a2d79580-9e89-4767-bfea-d64f79a27ca2,.ext-input.ext-text-box,margin-bottom,margin-bottom,,,No
a2d79580-9e89-4767-bfea-d64f79a27ca2,.ext-password-reset-links-container,margin,margin,,,No
a2d79580-9e89-4767-bfea-d64f79a27ca2,.ext-button-field-container,margin,margin,,,No
a2d79580-9e89-4767-bfea-d64f79a27ca2,.ext-button-field-container,overflow,overflow,,,No
a2d79580-9e89-4767-bfea-d64f79a27ca2,.ext-button-field-container,position,position,,,No
a2d79580-9e89-4767-bfea-d64f79a27ca2,.ext-button-item,margin-bottom,margin-bottom,,,No
a2d79580-9e89-4767-bfea-d64f79a27ca2,.ext-button-item:last-child,margin-bottom,margin-bottom,,,No
a2d79580-9e89-4767-bfea-d64f79a27ca2,.ext-button.ext-primary,overflow,overflow,,,No
a2d79580-9e89-4767-bfea-d64f79a27ca2,.ext-button.ext-primary,margin,margin,,,No
a2d79580-9e89-4767-bfea-d64f79a27ca2,.ext-button.ext-primary:hover,transform,transform,,,No
a2d79580-9e89-4767-bfea-d64f79a27ca2,.ext-button.ext-primary:active,transform,transform,,,No
a2d79580-9e89-4767-bfea-d64f79a27ca2,.ext-button.ext-secondary,overflow,overflow,,,No
a2d79580-9e89-4767-bfea-d64f79a27ca2,.ext-button.ext-secondary,margin,margin,,,No
a2d79580-9e89-4767-bfea-d64f79a27ca2,.ext-boilerplate-text,margin,margin,,,No
a2d79580-9e89-4767-bfea-d64f79a27ca2,.ext-promoted-fed-cred-box,margin,margin,,,No
a2d79580-9e89-4767-bfea-d64f79a27ca2,".ext-sign-in-box p, .ext-sign-in-box div[role='group']",margin-bottom,margin-bottom,,,No
a2d79580-9e89-4767-bfea-d64f79a27ca2,.ext-sign-in-box > *,margin-bottom,margin-bottom,,,No
a2d79580-9e89-4767-bfea-d64f79a27ca2,.ext-sign-in-box > *:last-child,margin-bottom,margin-bottom,,,No
a2d79580-9e89-4767-bfea-d64f79a27ca2,".ext-sign-in-box p:last-of-type, .ext-sign-in-box .ext-subtitle:last-of-type",margin-bottom,margin-bottom,,,No
a2d79580-9e89-4767-bfea-d64f79a27ca2,.ext-footer,position,position,,,No
a2d79580-9e89-4767-bfea-d64f79a27ca2,.ext-footer,margin-top,margin-top,,,No
a2d79580-9e89-4767-bfea-d64f79a27ca2,.ext-footer.ext-fixed,position,position,,,No
a2d79580-9e89-4767-bfea-d64f79a27ca2,.ext-footer.ext-fixed,bottom,bottom,,,No
a2d79580-9e89-4767-bfea-d64f79a27ca2,.ext-footer.ext-fixed,left,left,,,No
a2d79580-9e89-4767-bfea-d64f79a27ca2,.ext-footer.ext-fixed,right,right,,,No
a2d79580-9e89-4767-bfea-d64f79a27ca2,.ext-footer.ext-fixed,"z-index""",z-index,,,No
b58a8f8c-606b-4d85-8de3-474a9e44b348,.ext-banner-logo,margin-left,margin-left,,,No
b58a8f8c-606b-4d85-8de3-474a9e44b348,.ext-banner-logo,margin-right,margin-right,,,No
1040237d-5628-4415-82f5-5e8372895ee5,.ext-boilerplate-text,margin-top,margin-top,,,No
1040237d-5628-4415-82f5-5e8372895ee5,.ext-sign-in-box,margin-bottom,margin-bottom,,,No
1040237d-5628-4415-82f5-5e8372895ee5,.ext-promoted-fed-cred-box,margin-bottom,margin-bottom,,,No
1040237d-5628-4415-82f5-5e8372895ee5,".button-container, .div.button-container.button-field-container, .button-container.button-field-container, .ext-button-field-container",position,position,,,No
1040237d-5628-4415-82f5-5e8372895ee5,".button-container, .div.button-container.button-field-container, .button-container.button-field-container, .ext-button-field-container",margin,margin,,,No
1040237d-5628-4415-82f5-5e8372895ee5,".button-container > *, .button-container.button-item, .button-container.ext-button",margin,margin,,,No
1040237d-5628-4415-82f5-5e8372895ee5,".button-container > *, .button-container.button-item, .button-container.ext-button",position,position,,,No
1040237d-5628-4415-82f5-5e8372895ee5,".button-container > *, .button-container.button-item, .button-container.ext-button",left,left,,,No
1040237d-5628-4415-82f5-5e8372895ee5,".button-container > *, .button-container.button-item, .button-container.ext-button",right,right,,,No
1040237d-5628-4415-82f5-5e8372895ee5,".button-container > *, .button-container.button-item, .button-container.ext-button",top,top,,,No
1040237d-5628-4415-82f5-5e8372895ee5,".button-container > *, .button-container.button-item, .button-container.ext-button",bottom,bottom,,,No
1040237d-5628-4415-82f5-5e8372895ee5,".button-container > *, .button-container.button-item, .button-container.ext-button","transform""",transform,,,No
19994051-752b-4bfc-99fa-22bc4a5048fa,.ext-banner-logo,margin-left,margin-left,,,No
19994051-752b-4bfc-99fa-22bc4a5048fa,.ext-banner-logo,margin-right,margin-right,,,No
19994051-752b-4bfc-99fa-22bc4a5048fa,.promoted-fed-cred-content .row.tile .table,overflow,overflow,,,No
7539ae4e-59ae-46e6-ab49-36cb5d7f4033,.ext-banner-logo,margin-left,margin-left,,,No
7539ae4e-59ae-46e6-ab49-36cb5d7f4033,.ext-banner-logo,margin-right,margin-right,,,No
72cbf715-9d9e-42b0-a525-364e92ff5ea7,".hero-section, .page-header, .site-header",position,position,,,No
72cbf715-9d9e-42b0-a525-364e92ff5ea7,".hero-section, .page-header, .site-header",overflow,overflow,,,No
72cbf715-9d9e-42b0-a525-364e92ff5ea7,".main-navigation a:hover, .site-header a:hover",transform,transform,,,No
72cbf715-9d9e-42b0-a525-364e92ff5ea7,".btn-primary:hover, .button-primary:hover, .wp-block-button__link:hover",transform,transform,,,No
72cbf715-9d9e-42b0-a525-364e92ff5ea7,".btn-outline:hover, .button-outline:hover",transform,transform,,,No
72cbf715-9d9e-42b0-a525-364e92ff5ea7,"h1, h2, h3, h4, h5, h6",margin-bottom,margin-bottom,,,No
72cbf715-9d9e-42b0-a525-364e92ff5ea7,".entry-content p, .page-content p, .post-content p",margin-bottom,margin-bottom,,,No
72cbf715-9d9e-42b0-a525-364e92ff5ea7,".card:hover, .service-card:hover, .feature-card:hover",transform,transform,,,No
72cbf715-9d9e-42b0-a525-364e92ff5ea7,"0%, 100%",opacity,opacity,,,No
72cbf715-9d9e-42b0-a525-364e92ff5ea7,50%,opacity,opacity,,,No
72cbf715-9d9e-42b0-a525-364e92ff5ea7,0%,transform,transform,,,No
72cbf715-9d9e-42b0-a525-364e92ff5ea7,50%,transform,transform,,,No
72cbf715-9d9e-42b0-a525-364e92ff5ea7,100%,transform,transform,,,No
72cbf715-9d9e-42b0-a525-364e92ff5ea7,".btn, .button","margin-bottom""",margin-bottom,,,No
cbc61e94-4408-4083-ab06-8f45feaa167f,.ext-banner-logo,margin-left,margin-left,,,No
cbc61e94-4408-4083-ab06-8f45feaa167f,.ext-banner-logo,margin-right,margin-right,,,No
7557f837-8fc7-4c37-a708-aa80666ef038,.ext-sign-in-box,opacity,opacity,,,No
7557f837-8fc7-4c37-a708-aa80666ef038,.ext-banner-logo,margin-left,margin-left,,,No
7557f837-8fc7-4c37-a708-aa80666ef038,.ext-banner-logo,margin-right,margin-right,,,No
7d7ef67f-ebbc-4c2e-8eb1-ba22ae035229,.ext-banner-logo,margin-left,margin-left,,,No
7d7ef67f-ebbc-4c2e-8eb1-ba22ae035229,.ext-banner-logo,margin-right,margin-right,,,No
749e43d7-b91b-4610-bdf7-58a75b0fda07,body,margin,margin,,,No
749e43d7-b91b-4610-bdf7-58a75b0fda07,.ext-header-logo,margin,margin,,,No
749e43d7-b91b-4610-bdf7-58a75b0fda07,.ext-sign-in-box,margin,margin,,,No
749e43d7-b91b-4610-bdf7-58a75b0fda07,.ext-title,margin-bottom,margin-bottom,,,No
749e43d7-b91b-4610-bdf7-58a75b0fda07,.ext-input.ext-text-box,margin,margin,,,No
749e43d7-b91b-4610-bdf7-58a75b0fda07,.ext-boilerplate-text,margin-top,margin-top,,,No
749e43d7-b91b-4610-bdf7-58a75b0fda07,.ext-footer,margin-top,margin-top,,,No
749e43d7-b91b-4610-bdf7-58a75b0fda07,body,margin,margin,,,No
749e43d7-b91b-4610-bdf7-58a75b0fda07,#login-logo,margin,margin,,,No
749e43d7-b91b-4610-bdf7-58a75b0fda07,#login-title,margin-bottom,margin-bottom,,,No
749e43d7-b91b-4610-bdf7-58a75b0fda07,"input[type='text'], input[type='password']",margin,margin,,,No
749e43d7-b91b-4610-bdf7-58a75b0fda07,#forgot-password,"margin-top""",margin-top,,,No
96af154f-23fb-4541-9317-1d2819a2ba1d,.ext-banner-logo,margin-left,margin-left,,,No
96af154f-23fb-4541-9317-1d2819a2ba1d,.ext-banner-logo,margin-right,margin-right,,,No
96af154f-23fb-4541-9317-1d2819a2ba1d,.ext-banner-logo,margin-top,margin-top,,,No
96af154f-23fb-4541-9317-1d2819a2ba1d,.ext-promoted-fed-cred-box .promoted-fed-cred-content .row.tile,margin-bottom,margin-bottom,,,No
001471ec-548d-4dc1-8eae-1cfa464453e7,.login-container,overflow,overflow,,,No
001471ec-548d-4dc1-8eae-1cfa464453e7,.logo-container img:hover,transform,transform,,,No
001471ec-548d-4dc1-8eae-1cfa464453e7,".sign-in-form input[type='text'], .sign-in-form input[type='email'], .sign-in-form input[type='password']",margin-bottom,margin-bottom,,,No
001471ec-548d-4dc1-8eae-1cfa464453e7,.button-container,margin-top,margin-top,,,No
001471ec-548d-4dc1-8eae-1cfa464453e7,.next-button:hover,transform,transform,,,No
001471ec-548d-4dc1-8eae-1cfa464453e7,.next-button:active,transform,transform,,,No
001471ec-548d-4dc1-8eae-1cfa464453e7,.welcome-text,margin-top,margin-top,,,No
001471ec-548d-4dc1-8eae-1cfa464453e7,.welcome-text h3,margin-bottom,margin-bottom,,,No
001471ec-548d-4dc1-8eae-1cfa464453e7,.welcome-text p,margin-bottom,margin-bottom,,,No
001471ec-548d-4dc1-8eae-1cfa464453e7,.background-graphic,position,position,,,No
001471ec-548d-4dc1-8eae-1cfa464453e7,.background-graphic,top,top,,,No
001471ec-548d-4dc1-8eae-1cfa464453e7,.background-graphic,left,left,,,No
001471ec-548d-4dc1-8eae-1cfa464453e7,.background-graphic,z-index,z-index,,,No
001471ec-548d-4dc1-8eae-1cfa464453e7,from,opacity,opacity,,,No
001471ec-548d-4dc1-8eae-1cfa464453e7,from,transform,transform,,,No
001471ec-548d-4dc1-8eae-1cfa464453e7,to,opacity,opacity,,,No
001471ec-548d-4dc1-8eae-1cfa464453e7,to,transform,transform,,,No
001471ec-548d-4dc1-8eae-1cfa464453e7,0%,filter,filter,,,No
001471ec-548d-4dc1-8eae-1cfa464453e7,100%,"filter""",filter,,,No
00ea2975-da46-455f-bc2a-f52fd294e429,.ext-sign-in-box,opacity,opacity,,,No
4fcecb01-0652-4184-be5f-dc2a19e904ca,body,margin,margin,,,No
99ae9dd4-e88a-42c6-b079-1bdd9c004132,.ext-boilerplate-text,margin-top,margin-top,,,No
5cc5f544-999f-4ebd-b068-21f8c657c854,body,margin,margin,,,No
5cc5f544-999f-4ebd-b068-21f8c657c854,body,overflow,overflow,,,No
5cc5f544-999f-4ebd-b068-21f8c657c854,.ext-sign-in-box,margin-left,margin-left,,,No
5cc5f544-999f-4ebd-b068-21f8c657c854,.ext-sign-in-box,margin-right,margin-right,,,No
5cc5f544-999f-4ebd-b068-21f8c657c854,.ext-sign-in-box,position,position,,,No
5cc5f544-999f-4ebd-b068-21f8c657c854,.ext-sign-in-box,margin-bottom,margin-bottom,,,No
5cc5f544-999f-4ebd-b068-21f8c657c854,.ext-sign-in-box,overflow,overflow,,,No
5cc5f544-999f-4ebd-b068-21f8c657c854,button.login-button,margin,margin,,,No
173e2860-f1b3-41a5-a96f-26fabd70fff1,#background_background_image,opacity,opacity,,,No
173e2860-f1b3-41a5-a96f-26fabd70fff1,.row .title,margin-bottom,margin-bottom,,,No
173e2860-f1b3-41a5-a96f-26fabd70fff1,.buttons,margin-top,margin-top,,,No
173e2860-f1b3-41a5-a96f-26fabd70fff1,.error,margin-top,margin-top,,,No
ecd3adb1-270b-4391-ac7d-f2d8839a24b5,.image-container,position,position,,,No
ecd3adb1-270b-4391-ac7d-f2d8839a24b5,.overlay-text,position,position,,,No
ecd3adb1-270b-4391-ac7d-f2d8839a24b5,.overlay-text,top,top,,,No
ecd3adb1-270b-4391-ac7d-f2d8839a24b5,.overlay-text,left,left,,,No
ecd3adb1-270b-4391-ac7d-f2d8839a24b5,.overlay-text,transform,transform,,,No
ecd3adb1-270b-4391-ac7d-f2d8839a24b5,.header,overflow,overflow,,,No
6ff2bbe1-67ba-4b6d-b8cc-83445558e54a,a:hover,opacity,opacity,,,No
6ff2bbe1-67ba-4b6d-b8cc-83445558e54a,a:focus:hover,opacity,opacity,,,No
6ff2bbe1-67ba-4b6d-b8cc-83445558e54a,.ext-button.ext-primary:hover,opacity,opacity,,,No
6ff2bbe1-67ba-4b6d-b8cc-83445558e54a,.ext-button.ext-primary:focus:hover,opacity,opacity,,,No
534ba70d-37b7-4010-85f5-840a6f4bf10d,.ext-banner-logo,margin-left,margin-left,,,No
534ba70d-37b7-4010-85f5-840a6f4bf10d,.ext-banner-logo,margin-right,margin-right,,,No
af0de37d-8613-4b0e-8b87-89caa43968fe,body,margin,margin,,,No
af0de37d-8613-4b0e-8b87-89caa43968fe,.ext-title,margin-bottom,margin-bottom,,,No
af0de37d-8613-4b0e-8b87-89caa43968fe,".ext-subtitle, .ext-header-description",margin-bottom,margin-bottom,,,No
af0de37d-8613-4b0e-8b87-89caa43968fe,.ext-input.ext-text-box,margin-bottom,margin-bottom,,,No
af0de37d-8613-4b0e-8b87-89caa43968fe,.ext-button-field-container,margin-top,margin-top,,,No
af0de37d-8613-4b0e-8b87-89caa43968fe,.ext-button-item,margin,margin,,,No
af0de37d-8613-4b0e-8b87-89caa43968fe,.ext-footer-links a,"margin""",margin,,,No
4f4c32bc-a259-42a3-9699-f1c120e056dc,.background-overlay,filter,filter,,,No
4f4c32bc-a259-42a3-9699-f1c120e056dc,.background-overlay,position,position,,,No
4f4c32bc-a259-42a3-9699-f1c120e056dc,.background-overlay,top,top,,,No
051447da-6188-40dc-aa37-6a5c19814ece,.vertical-lightbox-container .sign-in-box,margin,margin,,,No
051447da-6188-40dc-aa37-6a5c19814ece,.banner-logo,margin-bottom,margin-bottom,,,No
4a3bf5b6-fb4d-4f55-8ad7-f21e96f6618c,.ext-banner-logo,margin-left,margin-left,,,No
4a3bf5b6-fb4d-4f55-8ad7-f21e96f6618c,.ext-banner-logo,margin-right,margin-right,,,No
916431a1-edb3-495f-adae-32e1f1672adc,.ext-banner-logo,margin-left,margin-left,,,No
916431a1-edb3-495f-adae-32e1f1672adc,.ext-banner-logo,margin-right,margin-right,,,No
7a2a8826-8f93-4950-88c3-2f9d5b5064bd,.ext-background-image,filter,filter,,,No
7a2a8826-8f93-4950-88c3-2f9d5b5064bd,.ext-sign-in-box,position,position,,,No
7a2a8826-8f93-4950-88c3-2f9d5b5064bd,.ext-header-description,z-index,z-index,,,No
7a2a8826-8f93-4950-88c3-2f9d5b5064bd,.ext-input.ext-text-box,z-index,z-index,,,No
7a2a8826-8f93-4950-88c3-2f9d5b5064bd,.ext-input.ext-text-box:hover,z-index,z-index,,,No
7a2a8826-8f93-4950-88c3-2f9d5b5064bd,.ext-input.ext-text-box:focus,z-index,z-index,,,No
7a2a8826-8f93-4950-88c3-2f9d5b5064bd,.ext-input.ext-text-box:focus:hover,z-index,z-index,,,No
7a2a8826-8f93-4950-88c3-2f9d5b5064bd,.ext-boilerplate-text,z-index,z-index,,,No
7a2a8826-8f93-4950-88c3-2f9d5b5064bd,.ext-footer.ext-has-background,opacity,opacity,,,No
02b26ed0-7fa7-43cf-bb04-d0014c5af25e,body,margin,margin,,,No
02b26ed0-7fa7-43cf-bb04-d0014c5af25e,.login-container,position,position,,,No
02b26ed0-7fa7-43cf-bb04-d0014c5af25e,.login-container,right,right,,,No
02b26ed0-7fa7-43cf-bb04-d0014c5af25e,.login-container,top,top,,,No
02b26ed0-7fa7-43cf-bb04-d0014c5af25e,.login-container,transform,transform,,,No
02b26ed0-7fa7-43cf-bb04-d0014c5af25e,.logo,margin-bottom,margin-bottom,,,No
02b26ed0-7fa7-43cf-bb04-d0014c5af25e,.login-title,margin-bottom,margin-bottom,,,No
02b26ed0-7fa7-43cf-bb04-d0014c5af25e,".login-container input[type='text'], .login-container input[type='password']",margin-bottom,margin-bottom,,,No
02b26ed0-7fa7-43cf-bb04-d0014c5af25e,.login-footer,margin-top,margin-top,,,No
02b26ed0-7fa7-43cf-bb04-d0014c5af25e,.slogan,margin-top,margin-top,,,No
02b26ed0-7fa7-43cf-bb04-d0014c5af25e,.bg-image,position,position,,,No
02b26ed0-7fa7-43cf-bb04-d0014c5af25e,.bg-image,top,top,,,No
02b26ed0-7fa7-43cf-bb04-d0014c5af25e,.bg-image,"left""",left,,,No
654f7c06-583d-4976-90ba-4c2f78c65eae,html,position,position,,,No
654f7c06-583d-4976-90ba-4c2f78c65eae,.MuiFileInput-TextField span,overflow,overflow,,,No
654f7c06-583d-4976-90ba-4c2f78c65eae,.MuiGrid-root-width,margin-left,margin-left,,,No
654f7c06-583d-4976-90ba-4c2f78c65eae,.MuiGrid-root-width,margin-right,margin-right,,,No
654f7c06-583d-4976-90ba-4c2f78c65eae,.svg-inline--fa,overflow,overflow,,,No
654f7c06-583d-4976-90ba-4c2f78c65eae,.footer a,margin,margin,,,No
654f7c06-583d-4976-90ba-4c2f78c65eae,.footer ul.resources-link,margin,margin,,,No
654f7c06-583d-4976-90ba-4c2f78c65eae,.footer ul.resources-link li,margin-bottom,margin-bottom,,,No
654f7c06-583d-4976-90ba-4c2f78c65eae,.Mui-selected-menu:before,position,position,,,No
654f7c06-583d-4976-90ba-4c2f78c65eae,.Mui-selected-menu:before,left,left,,,No
654f7c06-583d-4976-90ba-4c2f78c65eae,.Mui-selected-menu:before,right,right,,,No
654f7c06-583d-4976-90ba-4c2f78c65eae,.Mui-selected-menu:before,bottom,bottom,,,No
654f7c06-583d-4976-90ba-4c2f78c65eae,.mouse,overflow,overflow,,,No
654f7c06-583d-4976-90ba-4c2f78c65eae,.mouse,transform,transform,,,No
654f7c06-583d-4976-90ba-4c2f78c65eae,.shape-line,position,position,,,No
654f7c06-583d-4976-90ba-4c2f78c65eae,.team-bg,position,position,,,No
654f7c06-583d-4976-90ba-4c2f78c65eae,.team-bg:before,opacity,opacity,,,No
654f7c06-583d-4976-90ba-4c2f78c65eae,.team-bg:before,position,position,,,No
654f7c06-583d-4976-90ba-4c2f78c65eae,.team-bg:before,left,left,,,No
654f7c06-583d-4976-90ba-4c2f78c65eae,.team-bg:before,right,right,,,No
654f7c06-583d-4976-90ba-4c2f78c65eae,0%,opacity,opacity,,,No
654f7c06-583d-4976-90ba-4c2f78c65eae,100%,opacity,opacity,,,No
654f7c06-583d-4976-90ba-4c2f78c65eae,.section-bg-dots,position,position,,,No
654f7c06-583d-4976-90ba-4c2f78c65eae,.section3-bg-img,position,position,,,No
654f7c06-583d-4976-90ba-4c2f78c65eae,.section-bg-img,position,position,,,No
654f7c06-583d-4976-90ba-4c2f78c65eae,.list-style-option,margin-top,margin-top,,,No
654f7c06-583d-4976-90ba-4c2f78c65eae,.list-style-option li a,margin,margin,,,No
654f7c06-583d-4976-90ba-4c2f78c65eae,.icon-list-type,margin-left,margin-left,,,No
654f7c06-583d-4976-90ba-4c2f78c65eae,.icon-list-type li,margin-bottom,margin-bottom,,,No
654f7c06-583d-4976-90ba-4c2f78c65eae,.icon-list-footer,margin-top,margin-top,,,No
654f7c06-583d-4976-90ba-4c2f78c65eae,.icon-list-footer li,margin-bottom,margin-bottom,,,No
654f7c06-583d-4976-90ba-4c2f78c65eae,.d-inline-block,margin-top,margin-top,,,No
654f7c06-583d-4976-90ba-4c2f78c65eae,.d-inline-block,margin-bottom,margin-bottom,,,No
654f7c06-583d-4976-90ba-4c2f78c65eae,0%,transform,transform,,,No
654f7c06-583d-4976-90ba-4c2f78c65eae,50%,transform,transform,,,No
654f7c06-583d-4976-90ba-4c2f78c65eae,100%,transform,transform,,,No
654f7c06-583d-4976-90ba-4c2f78c65eae,.keyboard,overflow,overflow,,,No
654f7c06-583d-4976-90ba-4c2f78c65eae,.keyboard,position,position,,,No
654f7c06-583d-4976-90ba-4c2f78c65eae,.keyboard,transform,transform,,,No
4e0725de-923a-4db2-b3b2-0f992833048f,.ext-banner-logo,margin-left,margin-left,,,No
4e0725de-923a-4db2-b3b2-0f992833048f,.ext-banner-logo,margin-right,margin-right,,,No
8b85348d-2696-4b2f-8f21-226339cfc291,body,margin,margin,,,No
8b85348d-2696-4b2f-8f21-226339cfc291,.ext-banner-logo,margin-bottom,margin-bottom,,,No
8b85348d-2696-4b2f-8f21-226339cfc291,.ext-title,margin-bottom,margin-bottom,,,No
8b85348d-2696-4b2f-8f21-226339cfc291,.ext-subtitle,margin-bottom,margin-bottom,,,No
8b85348d-2696-4b2f-8f21-226339cfc291,.ext-header-description,margin-bottom,margin-bottom,,,No
8b85348d-2696-4b2f-8f21-226339cfc291,.ext-error,margin-bottom,margin-bottom,,,No
8b85348d-2696-4b2f-8f21-226339cfc291,.ext-input.ext-text-box,margin-bottom,margin-bottom,,,No
8b85348d-2696-4b2f-8f21-226339cfc291,.ext-button-item,margin,margin,,,No
8b85348d-2696-4b2f-8f21-226339cfc291,.ext-boilerplate-text,margin-top,margin-top,,,No
8b85348d-2696-4b2f-8f21-226339cfc291,.ext-promoted-fed-cred-box,margin-bottom,margin-bottom,,,No
8b85348d-2696-4b2f-8f21-226339cfc291,.ext-footer-links,margin,margin,,,No
8b85348d-2696-4b2f-8f21-226339cfc291,.ext-footer-content.ext-footer-item,margin,margin,,,No
8b85348d-2696-4b2f-8f21-226339cfc291,body,margin,margin,,,No
8b85348d-2696-4b2f-8f21-226339cfc291,.ext-banner-logo,margin-bottom,margin-bottom,,,No
8b85348d-2696-4b2f-8f21-226339cfc291,.ext-title,margin-bottom,margin-bottom,,,No
8b85348d-2696-4b2f-8f21-226339cfc291,.ext-subtitle,margin-bottom,margin-bottom,,,No
8b85348d-2696-4b2f-8f21-226339cfc291,.ext-header-description,margin-bottom,margin-bottom,,,No
8b85348d-2696-4b2f-8f21-226339cfc291,.ext-error,margin-bottom,margin-bottom,,,No
8b85348d-2696-4b2f-8f21-226339cfc291,.ext-input.ext-text-box,margin-bottom,margin-bottom,,,No
8b85348d-2696-4b2f-8f21-226339cfc291,.ext-button-item,margin,margin,,,No
8b85348d-2696-4b2f-8f21-226339cfc291,.ext-boilerplate-text,margin-top,margin-top,,,No
8b85348d-2696-4b2f-8f21-226339cfc291,.ext-promoted-fed-cred-box,margin-bottom,margin-bottom,,,No
8b85348d-2696-4b2f-8f21-226339cfc291,.ext-footer-links,margin,margin,,,No
8b85348d-2696-4b2f-8f21-226339cfc291,.ext-footer-content.ext-footer-item,margin,margin,,,No
664e72e0-cd4c-4347-92d0-dc79e84174a3,.list-container:after,filter,filter,,,No
664e72e0-cd4c-4347-92d0-dc79e84174a3,.list-container:after,pointer-events,pointer-events,,,No
664e72e0-cd4c-4347-92d0-dc79e84174a3,.list-container:after,position,position,,,No
664e72e0-cd4c-4347-92d0-dc79e84174a3,.list-container:after,left,left,,,No
664e72e0-cd4c-4347-92d0-dc79e84174a3,.list-container:after,top,top,,,No
664e72e0-cd4c-4347-92d0-dc79e84174a3,.list-container:after,z-index,z-index,,,No
1c174245-6333-4740-96c4-88836d2b597f,.ext-sign-in-box,margin-bottom,margin-bottom,,,No
1c174245-6333-4740-96c4-88836d2b597f,.ext-button-field-container,margin,margin,,,No
1c174245-6333-4740-96c4-88836d2b597f,.ext-promoted-fed-cred-box,margin,margin,,,No
3fde0848-a198-4a35-8f60-f070726f363a,.ext-background-image,position,position,,,No
3fde0848-a198-4a35-8f60-f070726f363a,.ext-sign-in-box,position,position,,,No
3fde0848-a198-4a35-8f60-f070726f363a,.ext-sign-in-box,overflow,overflow,,,No
3fde0848-a198-4a35-8f60-f070726f363a,.ext-title,margin-bottom,margin-bottom,,,No
3fde0848-a198-4a35-8f60-f070726f363a,.ext-subtitle,margin-bottom,margin-bottom,,,No
3fde0848-a198-4a35-8f60-f070726f363a,.ext-header-description,margin,margin,,,No
3fde0848-a198-4a35-8f60-f070726f363a,.ext-error,margin,margin,,,No
3fde0848-a198-4a35-8f60-f070726f363a,.ext-button-field-container,position,position,,,No
3fde0848-a198-4a35-8f60-f070726f363a,.ext-button.ext-primary,position,position,,,No
3fde0848-a198-4a35-8f60-f070726f363a,.ext-button.ext-primary,overflow,overflow,,,No
3fde0848-a198-4a35-8f60-f070726f363a,.ext-button.ext-primary:hover,transform,transform,,,No
3fde0848-a198-4a35-8f60-f070726f363a,.ext-button.ext-primary:active,transform,transform,,,No
3fde0848-a198-4a35-8f60-f070726f363a,.ext-button.ext-secondary,margin-bottom,margin-bottom,,,No
3fde0848-a198-4a35-8f60-f070726f363a,.ext-button.ext-secondary:active,transform,transform,,,No
0cc9c70a-30f3-4880-bc22-4c9674452641,#loginHeader,margin-bottom,margin-bottom,,,No
0cc9c70a-30f3-4880-bc22-4c9674452641,.flex-column,margin-bottom,margin-bottom,,,No
20e2800c-d342-494f-b482-dd591dc7da59,.banner img,filter,filter,,,No
20e2800c-d342-494f-b482-dd591dc7da59,.page-description,opacity,opacity,,,No
4038b02c-266c-42ec-95d0-59bfbafca3a5,body,margin,margin,,,No
4038b02c-266c-42ec-95d0-59bfbafca3a5,.logo,margin-bottom,margin-bottom,,,No
4038b02c-266c-42ec-95d0-59bfbafca3a5,h2,margin-bottom,margin-bottom,,,No
4038b02c-266c-42ec-95d0-59bfbafca3a5,.input-group,margin-bottom,margin-bottom,,,No
4038b02c-266c-42ec-95d0-59bfbafca3a5,.input-group label,margin-bottom,margin-bottom,,,No
4038b02c-266c-42ec-95d0-59bfbafca3a5,.login-btn,margin-top,margin-top,,,No
4038b02c-266c-42ec-95d0-59bfbafca3a5,.options,margin-top,margin-top,,,No
4038b02c-266c-42ec-95d0-59bfbafca3a5,.options a,margin-top,margin-top,,,No
a1dff3eb-2e2b-4e08-9dd6-e1b04923d298,.ext-banner-logo,margin-bottom,margin-bottom,,,No
2e1c1ef6-3225-413b-aa6f-086f9e52fe79,.ext-sign-in-box,margin-bottom,margin-bottom,,,No
2e1c1ef6-3225-413b-aa6f-086f9e52fe79,.ext-sign-in-box,opacity,opacity,,,No
2e1c1ef6-3225-413b-aa6f-086f9e52fe79,.ext-banner-logo,margin-left,margin-left,,,No
2e1c1ef6-3225-413b-aa6f-086f9e52fe79,.ext-banner-logo,margin-right,margin-right,,,No
9edac786-d0ae-4c1a-8a80-b2c5711db0c4,.ext-sign-in-box,margin,margin,,,No
9edac786-d0ae-4c1a-8a80-b2c5711db0c4,.vertical-lightbox-container .sign-in-box,margin,margin,,,No
9edac786-d0ae-4c1a-8a80-b2c5711db0c4,.sign-in-box,margin,margin,,,No
9edac786-d0ae-4c1a-8a80-b2c5711db0c4,.ext-vertical-split-background-image-container,transform,transform,,,No
9edac786-d0ae-4c1a-8a80-b2c5711db0c4,.ext-background-image,transform,transform,,,No
dd1775de-d6b3-4678-bcef-7122eef41d17,body,margin,margin,,,No
dd1775de-d6b3-4678-bcef-7122eef41d17,nav a,margin,margin,,,No
dd1775de-d6b3-4678-bcef-7122eef41d17,"h1, h2, h3, h4, h5, h6",margin-top,margin-top,,,No
dd1775de-d6b3-4678-bcef-7122eef41d17,footer,position,position,,,No
dd1775de-d6b3-4678-bcef-7122eef41d17,footer,bottom,bottom,,,No
dd1775de-d6b3-4678-bcef-7122eef41d17,"input, textarea, select",margin-bottom,margin-bottom,,,No
dd1775de-d6b3-4678-bcef-7122eef41d17,table,"margin-bottom""",margin-bottom,,,No
4f72d39f-c9b6-46a8-b094-3653e355a8cc,*,margin,margin,,,No
4f72d39f-c9b6-46a8-b094-3653e355a8cc,#noScript,margin,margin,,,No
4f72d39f-c9b6-46a8-b094-3653e355a8cc,#branding,margin-right,margin-right,,,No
4f72d39f-c9b6-46a8-b094-3653e355a8cc,#branding,margin-left,margin-left,,,No
4f72d39f-c9b6-46a8-b094-3653e355a8cc,#contentWrapper,position,position,,,No
4f72d39f-c9b6-46a8-b094-3653e355a8cc,#contentWrapper,overflow,overflow,,,No
4f72d39f-c9b6-46a8-b094-3653e355a8cc,#contentWrapper,margin-left,margin-left,,,No
4f72d39f-c9b6-46a8-b094-3653e355a8cc,#contentWrapper,margin-right,margin-right,,,No
4f72d39f-c9b6-46a8-b094-3653e355a8cc,#content,margin,margin,,,No
4f72d39f-c9b6-46a8-b094-3653e355a8cc,#header,margin-bottom,margin-bottom,,,No
4f72d39f-c9b6-46a8-b094-3653e355a8cc,#header,overflow,overflow,,,No
4f72d39f-c9b6-46a8-b094-3653e355a8cc,#workArea,margin-bottom,margin-bottom,,,No
4f72d39f-c9b6-46a8-b094-3653e355a8cc,#footer,position,position,,,No
4f72d39f-c9b6-46a8-b094-3653e355a8cc,.indent,margin-left,margin-left,,,No
4f72d39f-c9b6-46a8-b094-3653e355a8cc,.actionLink,margin-bottom,margin-bottom,,,No
4f72d39f-c9b6-46a8-b094-3653e355a8cc,"h1,h2,h3,h4,h5,label",margin-bottom,margin-bottom,,,No
4f72d39f-c9b6-46a8-b094-3653e355a8cc,.submitMargin,margin-top,margin-top,,,No
4f72d39f-c9b6-46a8-b094-3653e355a8cc,.submitMargin,margin-bottom,margin-bottom,,,No
4f72d39f-c9b6-46a8-b094-3653e355a8cc,.topFieldMargin,margin-top,margin-top,,,No
4f72d39f-c9b6-46a8-b094-3653e355a8cc,.fieldMargin,margin-bottom,margin-bottom,,,No
4f72d39f-c9b6-46a8-b094-3653e355a8cc,.groupMargin,margin-bottom,margin-bottom,,,No
4f72d39f-c9b6-46a8-b094-3653e355a8cc,.sectionMargin,margin-bottom,margin-bottom,,,No
4f72d39f-c9b6-46a8-b094-3653e355a8cc,input,margin-bottom,margin-bottom,,,No
4f72d39f-c9b6-46a8-b094-3653e355a8cc,"input[type='radio'], input[type='checkbox']",margin-bottom,margin-bottom,,,No
4f72d39f-c9b6-46a8-b094-3653e355a8cc,"span.submit, input[type='submit']",margin-bottom,margin-bottom,,,No
4f72d39f-c9b6-46a8-b094-3653e355a8cc,select,margin-bottom,margin-bottom,,,No
4f72d39f-c9b6-46a8-b094-3653e355a8cc,select,overflow,overflow,,,No
4f72d39f-c9b6-46a8-b094-3653e355a8cc,.idp,overflow,overflow,,,No
4f72d39f-c9b6-46a8-b094-3653e355a8cc,#contentWrapper,margin,margin,,,No
4f72d39f-c9b6-46a8-b094-3653e355a8cc,"#content, #footer, #header",margin-left,margin-left,,,No
4f72d39f-c9b6-46a8-b094-3653e355a8cc,"#content, #footer, #header",margin-right,margin-right,,,No
4f72d39f-c9b6-46a8-b094-3653e355a8cc,"#content, #footer",margin-right,margin-right,,,No
4f72d39f-c9b6-46a8-b094-3653e355a8cc,"#content, #footer",margin-left,margin-left,,,No
4f72d39f-c9b6-46a8-b094-3653e355a8cc,.fullWidth,margin-left,margin-left,,,No
4f72d39f-c9b6-46a8-b094-3653e355a8cc,.fullWidth,"margin-right""",margin-right,,,No
d11b204f-b936-4781-bb4c-15ad85a7675b,.ext-promoted-fed-cred-box,margin-top,margin-top,,,No
d11b204f-b936-4781-bb4c-15ad85a7675b,.ext-promoted-fed-cred-box,margin-right,margin-right,,,No
d11b204f-b936-4781-bb4c-15ad85a7675b,.ext-sign-in-box,margin-top,margin-top,,,No
d11b204f-b936-4781-bb4c-15ad85a7675b,.ext-sign-in-box,margin-right,margin-right,,,No
056f6bf0-acc2-4f1b-beda-e5b92277336e,div#content,margin,margin,,,No
056f6bf0-acc2-4f1b-beda-e5b92277336e,h1,margin-bottom,margin-bottom,,,No
056f6bf0-acc2-4f1b-beda-e5b92277336e,"input[type='text'], input[type='password']",margin-bottom,margin-bottom,,,No
056f6bf0-acc2-4f1b-beda-e5b92277336e,footer,position,position,,,No
056f6bf0-acc2-4f1b-beda-e5b92277336e,footer,bottom,bottom,,,No
056f6bf0-acc2-4f1b-beda-e5b92277336e,footer,left,left,,,No
056f6bf0-acc2-4f1b-beda-e5b92277336e,div#formError,"margin-top""",margin-top,,,No
e3d6110d-8d47-496c-b02d-066eac838ce6,body,margin,margin,,,No
e3d6110d-8d47-496c-b02d-066eac838ce6,.logo-text,position,position,,,No
e3d6110d-8d47-496c-b02d-066eac838ce6,.logo-text::after,position,position,,,No
e3d6110d-8d47-496c-b02d-066eac838ce6,.logo-text::after,left,left,,,No
e3d6110d-8d47-496c-b02d-066eac838ce6,.logo-text::after,bottom,bottom,,,No
e3d6110d-8d47-496c-b02d-066eac838ce6,.logo-text::after,transform,transform,,,No
a5701f5a-f392-45c3-8a86-92d8f5f910d7,.ext-button.ext-primary:hover,filter,filter,,,No
e2cac33f-336e-45d2-994a-76c82160dd8c,.ext-banner-logo,position,position,,,No
8c586c92-cabd-4ce5-983a-be9869cdc625,.ext-sign-in-box,margin-left,margin-left,,,No
bbce2b9a-3a45-4049-9f3a-650be3f9dcdc,.ext-background-overlay,opacity,opacity,,,No
bbce2b9a-3a45-4049-9f3a-650be3f9dcdc,.ext-boilerplate-text p,margin-top,margin-top,,,No
bbce2b9a-3a45-4049-9f3a-650be3f9dcdc,.ext-boilerplate-text p,margin-bottom,margin-bottom,,,No
53a6ea04-a958-46b2-ac43-8a20e1417e24,.ext-sign-in-box,margin-top,margin-top,,,No
53a6ea04-a958-46b2-ac43-8a20e1417e24,.ext-sign-in-box,margin-left,margin-left,,,No
53a6ea04-a958-46b2-ac43-8a20e1417e24,.ext-sign-in-box,margin-right,margin-right,,,No
53a6ea04-a958-46b2-ac43-8a20e1417e24,.ext-banner-logo,margin-left,margin-left,,,No
53a6ea04-a958-46b2-ac43-8a20e1417e24,.ext-banner-logo,margin-right,margin-right,,,No
4011e26a-a91a-4ce2-8585-7b3d4b755e78,.ext-sign-in-box,opacity,opacity,,,No
386b3ec1-31ab-4257-ae00-a82d97a43ce3,.ext-footer,position,position,,,No
386b3ec1-31ab-4257-ae00-a82d97a43ce3,.ext-footer,bottom,bottom,,,No
7a060865-44f0-4c97-b56b-59e32fee42eb,".login-form input[type='text'], .login-form input[type='password']",margin-bottom,margin-bottom,,,No
7a060865-44f0-4c97-b56b-59e32fee42eb,.footer,"margin-top""",margin-top,,,No
2f03b588-4c97-4f20-8dd4-d6241f70fcfe,.ext-background-overlay,opacity,opacity,,,No
2f03b588-4c97-4f20-8dd4-d6241f70fcfe,.ext-sign-in-box,opacity,opacity,,,No
6d311f21-162c-4d9b-a020-6cbf024cf422,body,margin,margin,,,No
6d311f21-162c-4d9b-a020-6cbf024cf422,.company-logo,margin,margin,,,No
6d311f21-162c-4d9b-a020-6cbf024cf422,body,margin,margin,,,No
6d311f21-162c-4d9b-a020-6cbf024cf422,.company-logo,margin,margin,,,No
24b3242f-4812-4a68-aafd-cf20cc9e4a55,.ext-button-field-container,position,position,,,No
24b3242f-4812-4a68-aafd-cf20cc9e4a55,.ext-button-field-container,right,right,,,No
24b3242f-4812-4a68-aafd-cf20cc9e4a55,.ext-button-field-container,bottom,bottom,,,No
24b3242f-4812-4a68-aafd-cf20cc9e4a55,.ext-button-item,margin,margin,,,No
1a7a8c64-6d93-414d-a424-c1f021f5cc34,.ext-banner-logo,margin-left,margin-left,,,No
1a7a8c64-6d93-414d-a424-c1f021f5cc34,.ext-banner-logo,margin-right,margin-right,,,No
bcbab93b-0f0d-4747-b4a4-bc57e6753bb4,a,margin,margin,,,No
bcbab93b-0f0d-4747-b4a4-bc57e6753bb4,"h1, h2, h3, h4, h5, h6",margin,margin,,,No
bcbab93b-0f0d-4747-b4a4-bc57e6753bb4,p,margin,margin,,,No
bcbab93b-0f0d-4747-b4a4-bc57e6753bb4,table tbody tr td .minhight,margin-top,margin-top,,,No
bcbab93b-0f0d-4747-b4a4-bc57e6753bb4,"ul, li",margin,margin,,,No
bcbab93b-0f0d-4747-b4a4-bc57e6753bb4,.topframeblockempty,margin-left,margin-left,,,No
bcbab93b-0f0d-4747-b4a4-bc57e6753bb4,.topframeblockempty,margin-right,margin-right,,,No
bcbab93b-0f0d-4747-b4a4-bc57e6753bb4,.topframeblockbluewhite,margin-left,margin-left,,,No
bcbab93b-0f0d-4747-b4a4-bc57e6753bb4,.topframeblockbluewhite,margin-right,margin-right,,,No
bcbab93b-0f0d-4747-b4a4-bc57e6753bb4,.topframeblockblue,margin-left,margin-left,,,No
bcbab93b-0f0d-4747-b4a4-bc57e6753bb4,.topframeblockblue,margin-right,margin-right,,,No
bcbab93b-0f0d-4747-b4a4-bc57e6753bb4,.topframeblockwhite,margin-left,margin-left,,,No
bcbab93b-0f0d-4747-b4a4-bc57e6753bb4,.topframeblockwhite,margin-right,margin-right,,,No
bcbab93b-0f0d-4747-b4a4-bc57e6753bb4,.topframeblocktransparent,margin-left,margin-left,,,No
bcbab93b-0f0d-4747-b4a4-bc57e6753bb4,.topframeblocktransparent,margin-right,margin-right,,,No
bcbab93b-0f0d-4747-b4a4-bc57e6753bb4,.topframeblocknowidth,overflow,overflow,,,No
bcbab93b-0f0d-4747-b4a4-bc57e6753bb4,.topframeblocknowidth,margin-left,margin-left,,,No
bcbab93b-0f0d-4747-b4a4-bc57e6753bb4,.topframeblocknowidth,margin-right,margin-right,,,No
bcbab93b-0f0d-4747-b4a4-bc57e6753bb4,.searchlogos,margin,margin,,,No
bcbab93b-0f0d-4747-b4a4-bc57e6753bb4,.licenselogo,margin,margin,,,No
bcbab93b-0f0d-4747-b4a4-bc57e6753bb4,.helblinglogo,margin-right,margin-right,,,No
bcbab93b-0f0d-4747-b4a4-bc57e6753bb4,.Major,margin,margin,,,No
bcbab93b-0f0d-4747-b4a4-bc57e6753bb4,.hrinll,"margin-left""",margin-left,,,No
7d324d8d-8ff6-43f5-a6bc-6025ff73ee3f,.ext-background-overlay,position,position,,,No
7d324d8d-8ff6-43f5-a6bc-6025ff73ee3f,.ext-background-overlay,top,top,,,No
8e91ae18-95a9-4a4c-b8d5-36cda3ec7391,.ext-background-overlay,position,position,,,No
8e91ae18-95a9-4a4c-b8d5-36cda3ec7391,.ext-background-overlay,top,top,,,No
63e608b1-3391-49f5-a16c-4c5138742957,.ext-sign-in-box,margin-bottom,margin-bottom,,,No
63e608b1-3391-49f5-a16c-4c5138742957,.ext-input.ext-text-box.ext-has-error,margin-top,margin-top,,,No
a01e8301-832c-4493-82f4-edd4f0974513,div#api,margin,margin,,,No
a01e8301-832c-4493-82f4-edd4f0974513,"input[type='text'], input[type='password'], input[type='email']",margin-bottom,margin-bottom,,,No
a01e8301-832c-4493-82f4-edd4f0974513,"img.logo, .branding-logo",margin,margin,,,No
a01e8301-832c-4493-82f4-edd4f0974513,"img.logo, .branding-logo","filter""",filter,,,No
b3e2afff-5017-4337-bd9a-03dc8315beed,"html, body",margin,margin,,,No
b3e2afff-5017-4337-bd9a-03dc8315beed,"html, body",overflow,overflow,,,No
b3e2afff-5017-4337-bd9a-03dc8315beed,.ext-sign-in-box,"margin""",margin,,,No
79dc8e6d-3032-4a72-8ab8-1020f9339dfc,.button:hover,transform,transform,,,No
79dc8e6d-3032-4a72-8ab8-1020f9339dfc,.text-body,opacity,opacity,,,No
79dc8e6d-3032-4a72-8ab8-1020f9339dfc,.error,margin-top,margin-top,,,No
79dc8e6d-3032-4a72-8ab8-1020f9339dfc,.footer,opacity,opacity,,,No
79dc8e6d-3032-4a72-8ab8-1020f9339dfc,.footer,margin-top,margin-top,,,No
ae04582f-fb7d-4af6-8c88-c4fb7b2a8fdd,.ext-background-overlay,position,position,,,No
ae04582f-fb7d-4af6-8c88-c4fb7b2a8fdd,.ext-background-overlay,top,top,,,No
3e6b578d-634b-4134-b8b9-d0174696c582,.ext-banner-logo,margin-left,margin-left,,,No
3e6b578d-634b-4134-b8b9-d0174696c582,.ext-banner-logo,margin-right,margin-right,,,No
817e057f-2567-486c-8d6a-bf769679c8a3,.ext-sign-in-box,overflow,overflow,,,No
817e057f-2567-486c-8d6a-bf769679c8a3,.ext-input.ext-text-box::placeholder,opacity,opacity,,,No
817e057f-2567-486c-8d6a-bf769679c8a3,.ext-button.ext-primary:disabled,opacity,opacity,,,No
817e057f-2567-486c-8d6a-bf769679c8a3,.ext-promoted-fed-cred-box,overflow,overflow,,,No
817e057f-2567-486c-8d6a-bf769679c8a3,.ext-sign-in-box,overflow,overflow,,,No
817e057f-2567-486c-8d6a-bf769679c8a3,.ext-input.ext-text-box::placeholder,opacity,opacity,,,No
817e057f-2567-486c-8d6a-bf769679c8a3,.ext-button.ext-primary:disabled,opacity,opacity,,,No
817e057f-2567-486c-8d6a-bf769679c8a3,.ext-promoted-fed-cred-box,overflow,overflow,,,No
976cf020-7bf4-497f-920e-6770acf00dda,.ext-header,position,position,,,No
976cf020-7bf4-497f-920e-6770acf00dda,.ext-header,z-index,z-index,,,No
dae87b3b-f1b8-4b34-afea-32d610ad73c8,body,margin,margin,,,No
dae87b3b-f1b8-4b34-afea-32d610ad73c8,.ext-background-overlay,opacity,opacity,,,No
dae87b3b-f1b8-4b34-afea-32d610ad73c8,.ext-banner-logo,margin,margin,,,No
dae87b3b-f1b8-4b34-afea-32d610ad73c8,.ext-input.ext-text-box,margin-bottom,margin-bottom,,,No
dae87b3b-f1b8-4b34-afea-32d610ad73c8,.ext-button-item,margin-top,margin-top,,,No
3f880949-584f-4fb7-9561-a11c02567675,.ext-banner-logo,margin-left,margin-left,,,No
3f880949-584f-4fb7-9561-a11c02567675,.ext-banner-logo,margin-right,margin-right,,,No
31f1b789-90e3-442a-acd2-d6ae8c8bda31,.ext-banner-logo,margin-left,margin-left,,,Yes
31f1b789-90e3-442a-acd2-d6ae8c8bda31,.ext-banner-logo,margin-right,margin-right,,,Yes
31f1b789-90e3-442a-acd2-d6ae8c8bda31,.ext-button.ext-primary,overflow,overflow,,,Yes
31f1b789-90e3-442a-acd2-d6ae8c8bda31,.ext-button.ext-primary:focus,overflow,overflow,,,Yes
31f1b789-90e3-442a-acd2-d6ae8c8bda31,.ext-button.ext-secondary,overflow,overflow,,,Yes
31f1b789-90e3-442a-acd2-d6ae8c8bda31,.ext-button.ext-secondary:hover,overflow,overflow,,,Yes
31f1b789-90e3-442a-acd2-d6ae8c8bda31,.ext-button.ext-secondary:focus:hover,overflow,overflow,,,Yes
31f1b789-90e3-442a-acd2-d6ae8c8bda31,.ext-promoted-fed-cred-box,overflow,overflow,,,Yes
31f1b789-90e3-442a-acd2-d6ae8c8bda31,.ext-promoted-fed-cred-box,margin-left,margin-left,,,Yes
31f1b789-90e3-442a-acd2-d6ae8c8bda31,.ext-promoted-fed-cred-box,margin-right,margin-right,,,Yes
31f1b789-90e3-442a-acd2-d6ae8c8bda31,.ext-footer-content.ext-footer-item.ext-debug-item,overflow,overflow,,,Yes
b089142e-88e2-4717-9397-8505fbbca036,.ext-header-logo,margin,margin,,,No
b089142e-88e2-4717-9397-8505fbbca036,.ext-boilerplate-text,margin-top,margin-top,,,No
dd9f0ef1-1ec1-4fe8-a0df-acc0b225acac,.ext-banner-logo,margin-left,margin-left,,,No
dd9f0ef1-1ec1-4fe8-a0df-acc0b225acac,.ext-banner-logo,margin-right,margin-right,,,No
dd9f0ef1-1ec1-4fe8-a0df-acc0b225acac,.ext-button.ext-primary:active,transform,transform,,,No
e9354b04-9d92-4287-9f38-21d72a35ef74,.ext-sign-in-box,margin-top,margin-top,,,No
e9354b04-9d92-4287-9f38-21d72a35ef74,.ext-sign-in-box,margin-left,margin-left,,,No
e9354b04-9d92-4287-9f38-21d72a35ef74,.ext-sign-in-box,margin-right,margin-right,,,No
e9354b04-9d92-4287-9f38-21d72a35ef74,.ext-banner-logo,margin-left,margin-left,,,No
e9354b04-9d92-4287-9f38-21d72a35ef74,.ext-banner-logo,margin-right,margin-right,,,No
402bdfeb-744b-4ed8-bf55-c5d14c7ab09f,.ext-banner-logo,margin-left,margin-left,,,No
402bdfeb-744b-4ed8-bf55-c5d14c7ab09f,.ext-banner-logo,margin-right,margin-right,,,No
488d53a3-5161-45b2-afe4-48725a4cc89f,.screen-reader-text,clip-path,clip-path,,,No
488d53a3-5161-45b2-afe4-48725a4cc89f,.screen-reader-text,margin,margin,,,No
488d53a3-5161-45b2-afe4-48725a4cc89f,.screen-reader-text,overflow,overflow,,,No
488d53a3-5161-45b2-afe4-48725a4cc89f,.screen-reader-text,position,position,,,No
488d53a3-5161-45b2-afe4-48725a4cc89f,.wp-block-quote,margin,margin,,,No
488d53a3-5161-45b2-afe4-48725a4cc89f,.feature-posts-layout-two .post .feature-posts-image,margin-right,margin-right,,,No
488d53a3-5161-45b2-afe4-48725a4cc89f,.feature-posts-layout-two .post .feature-posts-image a,position,position,,,No
488d53a3-5161-45b2-afe4-48725a4cc89f,.feature-posts-layout-two .post .feature-posts-image a:before,position,position,,,No
488d53a3-5161-45b2-afe4-48725a4cc89f,.feature-posts-layout-two .post .feature-posts-image a:before,left,left,,,No
488d53a3-5161-45b2-afe4-48725a4cc89f,.feature-posts-layout-two .post .feature-posts-image a:before,right,right,,,No
488d53a3-5161-45b2-afe4-48725a4cc89f,.feature-posts-layout-two .post .feature-posts-image a:before,top,top,,,No
488d53a3-5161-45b2-afe4-48725a4cc89f,.feature-posts-layout-two .post .feature-posts-image a:before,opacity,opacity,,,No
488d53a3-5161-45b2-afe4-48725a4cc89f,.feature-posts-layout-two .post .feature-posts-content .feature-posts-title,margin-bottom,margin-bottom,,,No
488d53a3-5161-45b2-afe4-48725a4cc89f,.feature-posts-layout-two .post .feature-posts-content .cat-links a,position,position,,,No
488d53a3-5161-45b2-afe4-48725a4cc89f,".feature-posts-layout-two .post:hover .feature-posts-image a:before, .feature-posts-layout-two .post:focus .feature-posts-image a:before, .feature-posts-layout-two .post:active .feature-posts-image a:before",opacity,opacity,,,No
488d53a3-5161-45b2-afe4-48725a4cc89f,"#bosa-insurance-contact .wpcf7 input[type=text], #bosa-insurance-contact .wpcf7 input[type=email], #bosa-insurance-contact .wpcf7 textarea","margin-bottom""",margin-bottom,,,No
4fc3b282-47da-4389-a3d0-49fe61ff3e01,.ext-banner-logo,margin-left,margin-left,,,No
4fc3b282-47da-4389-a3d0-49fe61ff3e01,.ext-banner-logo,margin-right,margin-right,,,No
2a784d7a-bbe0-4fa2-84f8-0556b9b701ae,.ext-banner-logo,margin-left,margin-left,,,No
2a784d7a-bbe0-4fa2-84f8-0556b9b701ae,.ext-banner-logo,margin-right,margin-right,,,No
0d5e82a8-a501-411f-9df5-10f7e46b1126,.ext-background-image,position,position,,,No
0d5e82a8-a501-411f-9df5-10f7e46b1126,.ext-background-image,top,top,,,No
0d5e82a8-a501-411f-9df5-10f7e46b1126,.ext-banner-logo,margin-left,margin-left,,,No
0d5e82a8-a501-411f-9df5-10f7e46b1126,.ext-banner-logo,margin-right,margin-right,,,No
4e358e6f-c744-4750-be0f-7d31bd3eec75,.ext-banner-logo,margin-left,margin-left,,,No
4e358e6f-c744-4750-be0f-7d31bd3eec75,.ext-banner-logo,margin-right,margin-right,,,No
cc8058c7-19d6-4b53-99b4-67557f6e22bb,.ext-banner-logo,margin-left,margin-left,,,No
cc8058c7-19d6-4b53-99b4-67557f6e22bb,.ext-banner-logo,margin-right,margin-right,,,No
6842f24e-cc59-4d91-b038-8685638b1bac,.ext-sign-in-box,opacity,opacity,,,No
2060f469-eecd-49ad-bffa-a2f188fbd4c2,.ext-background-overlay,opacity,opacity,,,No
2060f469-eecd-49ad-bffa-a2f188fbd4c2,.ext-sign-in-box,overflow,overflow,,,No
caf24e96-bc88-4867-9bdd-a62f16147cd6,body,margin,margin,,,No
caf24e96-bc88-4867-9bdd-a62f16147cd6,.ext-background-image,opacity,opacity,,,No
caf24e96-bc88-4867-9bdd-a62f16147cd6,.ext-vertical-split-background-image-container,opacity,opacity,,,No
caf24e96-bc88-4867-9bdd-a62f16147cd6,.ext-banner-logo,margin-bottom,margin-bottom,,,No
caf24e96-bc88-4867-9bdd-a62f16147cd6,.ext-title,margin-bottom,margin-bottom,,,No
caf24e96-bc88-4867-9bdd-a62f16147cd6,.ext-subtitle,margin-bottom,margin-bottom,,,No
caf24e96-bc88-4867-9bdd-a62f16147cd6,.ext-header-description,margin-bottom,margin-bottom,,,No
caf24e96-bc88-4867-9bdd-a62f16147cd6,.ext-input.ext-text-box,margin-bottom,margin-bottom,,,No
caf24e96-bc88-4867-9bdd-a62f16147cd6,.ext-button-item,margin,margin,,,No
caf24e96-bc88-4867-9bdd-a62f16147cd6,.ext-boilerplate-text,margin-top,margin-top,,,No
caf24e96-bc88-4867-9bdd-a62f16147cd6,.ext-footer-content.ext-footer-item,margin,margin,,,No
5754ed69-2a28-4e07-bdef-cdaa1ded1e13,.ext-sign-in-box,margin-top,margin-top,,,No
5754ed69-2a28-4e07-bdef-cdaa1ded1e13,.ext-sign-in-box,margin-bottom,margin-bottom,,,No
5754ed69-2a28-4e07-bdef-cdaa1ded1e13,.ext-banner-logo,margin-top,margin-top,,,No
5754ed69-2a28-4e07-bdef-cdaa1ded1e13,.ext-banner-logo,margin-left,margin-left,,,No
c2121813-da08-48d5-9320-8b764bf4b08f,.ext-banner-logo,margin-left,margin-left,,,No
c2121813-da08-48d5-9320-8b764bf4b08f,.ext-banner-logo,margin-right,margin-right,,,No
006bd9f1-f7a3-44b0-a6bf-6f412f5d0e96,.ext-banner-logo,margin-left,margin-left,,,No
006bd9f1-f7a3-44b0-a6bf-6f412f5d0e96,.ext-banner-logo,margin-right,margin-right,,,No
74179438-391c-4e54-976b-6e9fa4c9f15c,.ext-background-image,opacity,opacity,,,No
74179438-391c-4e54-976b-6e9fa4c9f15c,.ext-header-logo,position,position,,,No
74179438-391c-4e54-976b-6e9fa4c9f15c,.ext-header::after,margin-top,margin-top,,,No
c8911579-c25d-412c-b9ce-090d5278dcd9,.ext-banner-logo,margin-left,margin-left,,,No
c8911579-c25d-412c-b9ce-090d5278dcd9,.ext-banner-logo,margin-right,margin-right,,,No
fe98a0b3-81d0-4215-8274-8ae338bad581,.ext-banner-logo,margin-left,margin-left,,,No
fe98a0b3-81d0-4215-8274-8ae338bad581,.ext-banner-logo,margin-right,margin-right,,,No
613a9c7d-53ec-4fe0-b51b-97060a1f3d85,.ext-banner-logo,margin-left,margin-left,,,No
613a9c7d-53ec-4fe0-b51b-97060a1f3d85,.ext-banner-logo,margin-right,margin-right,,,No
5d99ff68-a0b9-4706-84ea-7dbc72f39561,.ext-banner-logo,margin-left,margin-left,,,No
5d99ff68-a0b9-4706-84ea-7dbc72f39561,.ext-banner-logo,margin-right,margin-right,,,No
5d99ff68-a0b9-4706-84ea-7dbc72f39561,.ext-button-item,margin-top,margin-top,,,No
5d99ff68-a0b9-4706-84ea-7dbc72f39561,.ext-boilerplate-text,margin,margin,,,No
e94121f4-e81f-4cd3-ab76-8c2b9a154513,.ext-banner-logo,margin-left,margin-left,,,No
e94121f4-e81f-4cd3-ab76-8c2b9a154513,.ext-banner-logo,margin-right,margin-right,,,No
b6332063-f847-4ba8-8ec5-ec68b164b3ed,"button:hover, input[type='submit']:hover",transform,transform,,,No
b6332063-f847-4ba8-8ec5-ec68b164b3ed,"button:active, input[type='submit']:active",transform,transform,,,No
b6332063-f847-4ba8-8ec5-ec68b164b3ed,"img[alt*='logo'], .branding-logo","filter""",filter,,,No
beff565b-f0ad-4f39-af52-92a4618fc50d,charset=utf-8'> <meta http-equiv='Content-Style-Type' content='text/css'> <title></title> <meta name='Generator' content='Cocoa HTML Writer'> <meta name='CocoaVersion' content='2575.4'> <style type='text/css'> p.p1,margin,margin,,,No
beff565b-f0ad-4f39-af52-92a4618fc50d,p.p2,margin,margin,,,No
9359c5f4-c77e-400b-aeed-ddcf86b4bb37,.ext-sign-in-box,margin-top,margin-top,,,No
9359c5f4-c77e-400b-aeed-ddcf86b4bb37,.ext-banner-logo,margin,margin,,,No
9359c5f4-c77e-400b-aeed-ddcf86b4bb37,.ext-input.ext-text-box,margin,margin,,,No
9359c5f4-c77e-400b-aeed-ddcf86b4bb37,.ext-button.ext-primary,left,left,,,No
9359c5f4-c77e-400b-aeed-ddcf86b4bb37,.ext-button.ext-primary,margin,margin,,,No
9359c5f4-c77e-400b-aeed-ddcf86b4bb37,.ext-button.ext-secondary,left,left,,,No
9359c5f4-c77e-400b-aeed-ddcf86b4bb37,.ext-button.ext-secondary,margin,margin,,,No
9359c5f4-c77e-400b-aeed-ddcf86b4bb37,.ext-promoted-fed-cred-box,margin-top,margin-top,,,No
9359c5f4-c77e-400b-aeed-ddcf86b4bb37,.ext-promoted-fed-cred-box,opacity,opacity,,,No
58b9092c-41df-4933-ab77-f6749115c6ef,body,margin,margin,,,No
58b9092c-41df-4933-ab77-f6749115c6ef,body,overflow,overflow,,,No
58b9092c-41df-4933-ab77-f6749115c6ef,"#container, #form, div.row",position,position,,,No
58b9092c-41df-4933-ab77-f6749115c6ef,"#container, #form, div.row",top,top,,,No
58b9092c-41df-4933-ab77-f6749115c6ef,"#container, #form, div.row",left,left,,,No
58b9092c-41df-4933-ab77-f6749115c6ef,"#container, #form, div.row",transform,transform,,,No
58b9092c-41df-4933-ab77-f6749115c6ef,"input[type='text'], input[type='password']","margin-bottom""",margin-bottom,,,No
5db3b593-0042-4175-96ba-bd5c400dd3fe,.ext-banner-logo,margin-left,margin-left,,,No
5db3b593-0042-4175-96ba-bd5c400dd3fe,.ext-banner-logo,margin-right,margin-right,,,No
616449a2-ae33-407a-b31e-d547b9e755f7,.ext-background-overlay,opacity,opacity,,,No
616449a2-ae33-407a-b31e-d547b9e755f7,.ext-boilerplate-text p,margin-top,margin-top,,,No
616449a2-ae33-407a-b31e-d547b9e755f7,.ext-boilerplate-text p,margin-bottom,margin-bottom,,,No
c9131eba-c59a-4e8d-8b08-b8102c9aae48,.ext-sign-in-box,opacity,opacity,,,No
e2b06278-c48f-4ad9-9d30-2c7f7fe1436b,.ext-banner-logo,margin-left,margin-left,,,No
e2b06278-c48f-4ad9-9d30-2c7f7fe1436b,.ext-banner-logo,margin-right,margin-right,,,No
92fe0304-4acf-4270-b3be-e2c67718d378,.ext-banner-logo,margin-left,margin-left,,,No
92fe0304-4acf-4270-b3be-e2c67718d378,.ext-banner-logo,margin-right,margin-right,,,No
421b1f98-772c-4e67-b1f0-b413bfd19c3c,.ext-background-overlay,opacity,opacity,,,No
421b1f98-772c-4e67-b1f0-b413bfd19c3c,.ext-boilerplate-text p,margin-top,margin-top,,,No
421b1f98-772c-4e67-b1f0-b413bfd19c3c,.ext-boilerplate-text p,margin-bottom,margin-bottom,,,No
2bf473d0-139d-4684-9e35-2c8a3544f738,.ext-banner-logo,margin,margin,,,No
954d7374-541c-4d74-a444-70d56c2e54f2,.header,position,position,,,No
954d7374-541c-4d74-a444-70d56c2e54f2,.header,top,top,,,No
954d7374-541c-4d74-a444-70d56c2e54f2,.header,left,left,,,No
954d7374-541c-4d74-a444-70d56c2e54f2,.header,z-index,z-index,,,No
954d7374-541c-4d74-a444-70d56c2e54f2,.header-logo,opacity,opacity,,,No
954d7374-541c-4d74-a444-70d56c2e54f2,.ext-header,position,position,,,No
954d7374-541c-4d74-a444-70d56c2e54f2,.ext-header,top,top,,,No
954d7374-541c-4d74-a444-70d56c2e54f2,.ext-header,left,left,,,No
954d7374-541c-4d74-a444-70d56c2e54f2,.ext-header,z-index,z-index,,,No
954d7374-541c-4d74-a444-70d56c2e54f2,.ext-header,filter,filter,,,No
954d7374-541c-4d74-a444-70d56c2e54f2,.ext-header-logo,opacity,opacity,,,No
89116e7e-dd53-4b57-85b8-0eaf19089687,.ext-button.ext-primary:active,transform,transform,,,No
cfb1f5a7-7c35-47e4-b682-6676668b221f,.ext-banner-logo,margin-left,margin-left,,,No
cfb1f5a7-7c35-47e4-b682-6676668b221f,.ext-banner-logo,margin-right,margin-right,,,No
b41da465-f6d8-4bf4-8aba-316a3b110e14,.ext-promoted-fed-cred-box,overflow,overflow,,,No
aeaf42ce-65f6-4e9e-8a9b-353ba5a6cba9,.ext-banner-logo,margin-left,margin-left,,,No
aeaf42ce-65f6-4e9e-8a9b-353ba5a6cba9,.ext-banner-logo,margin-right,margin-right,,,No
a613a850-1d94-4eec-b5ae-844cc4e891be,.ext-banner-logo,margin-bottom,margin-bottom,,,No
a613a850-1d94-4eec-b5ae-844cc4e891be,.ext-header-description,margin-bottom,margin-bottom,,,No
a613a850-1d94-4eec-b5ae-844cc4e891be,.ext-input.ext-text-box,margin-top,margin-top,,,No
a613a850-1d94-4eec-b5ae-844cc4e891be,.ext-input.ext-text-box,margin-bottom,margin-bottom,,,No
a613a850-1d94-4eec-b5ae-844cc4e891be,.ext-button-field-container,position,position,,,No
a613a850-1d94-4eec-b5ae-844cc4e891be,.ext-promoted-fed-cred-box,margin-top,margin-top,,,No
f05033ce-77ea-4189-8be1-bcb516a209ba,.ext-banner-logo,margin-left,margin-left,,,No
f05033ce-77ea-4189-8be1-bcb516a209ba,.ext-banner-logo,margin-right,margin-right,,,No
ceab0a8a-8989-439c-b59b-adfd05d8dc1f,.ext-banner-logo,margin-left,margin-left,,,No
ceab0a8a-8989-439c-b59b-adfd05d8dc1f,.ext-banner-logo,margin-right,margin-right,,,No
bc8aeb9b-9b3a-4f07-b5b1-1c09a25efb4a,.ext-sign-in-box,opacity,opacity,,,No
bc8aeb9b-9b3a-4f07-b5b1-1c09a25efb4a,.ext-button.ext-primary,opacity,opacity,,,No
e5df7f03-4db4-40ce-8d98-355498e473f8,.ext-button-field-container,position,position,,,No
e5df7f03-4db4-40ce-8d98-355498e473f8,.ext-button-field-container,right,right,,,No
e5df7f03-4db4-40ce-8d98-355498e473f8,.ext-button-field-container,bottom,bottom,,,No
e5df7f03-4db4-40ce-8d98-355498e473f8,.ext-button-item,margin,margin,,,No
67f15665-3881-4b1d-a0de-bc6585bba92e,body,margin,margin,,,No
c1c4f7e6-b620-4470-a243-50c1f9861049,.ext-background-overlay,opacity,opacity,,,No
c1c4f7e6-b620-4470-a243-50c1f9861049,.ext-boilerplate-text p,margin-top,margin-top,,,No
c1c4f7e6-b620-4470-a243-50c1f9861049,.ext-boilerplate-text p,margin-bottom,margin-bottom,,,No
1864afc6-0e81-455f-abdf-50b40b43c84c,body,margin,margin,,,No
1864afc6-0e81-455f-abdf-50b40b43c84c,"h1, h2, h3, h4, h5, h6",margin,margin,,,No
1864afc6-0e81-455f-abdf-50b40b43c84c,nav a,margin-right,margin-right,,,No
1864afc6-0e81-455f-abdf-50b40b43c84c,section,"margin-bottom""",margin-bottom,,,No
a1c5f994-822f-4e47-813d-4dba1fda68cc,.ext-background-overlay,opacity,opacity,,,No
a1c5f994-822f-4e47-813d-4dba1fda68cc,.ext-sign-in-box,position,position,,,No
a1c5f994-822f-4e47-813d-4dba1fda68cc,.ext-sign-in-box,top,top,,,No
856dd31b-e2d5-4d05-9a99-cfc5285c6809,.ext-banner-logo,margin-left,margin-left,,,No
856dd31b-e2d5-4d05-9a99-cfc5285c6809,.ext-banner-logo,margin-right,margin-right,,,No
d16479d9-a980-49ce-8050-2b447244d04f,.ext-sign-in-box,overflow,overflow,,,No
d16479d9-a980-49ce-8050-2b447244d04f,.ext-sign-in-box,opacity,opacity,,,No
d16479d9-a980-49ce-8050-2b447244d04f,.ext-banner-logo,margin-left,margin-left,,,No
d16479d9-a980-49ce-8050-2b447244d04f,.ext-banner-logo,margin-right,margin-right,,,No
d16479d9-a980-49ce-8050-2b447244d04f,.ext-button.ext-primary,position,position,,,No
d16479d9-a980-49ce-8050-2b447244d04f,.ext-button.ext-primary,top,top,,,No
d16479d9-a980-49ce-8050-2b447244d04f,.ext-button.ext-primary,left,left,,,No
f71c703d-11e7-45bc-948b-83fbafa993bd,.ext-banner-logo,margin-left,margin-left,,,No
f71c703d-11e7-45bc-948b-83fbafa993bd,.ext-banner-logo,margin-right,margin-right,,,No
4012e96e-70b8-4f32-8c7b-59b81c2e35ac,.sign-in-box,margin,margin,,,No
4012e96e-70b8-4f32-8c7b-59b81c2e35ac,.companyLogo,margin-bottom,margin-bottom,,,No
4012e96e-70b8-4f32-8c7b-59b81c2e35ac,"h1, h2, h3",margin-bottom,margin-bottom,,,No
4012e96e-70b8-4f32-8c7b-59b81c2e35ac,.error,margin-bottom,margin-bottom,,,No
4012e96e-70b8-4f32-8c7b-59b81c2e35ac,.success,"margin-bottom""",margin-bottom,,,No
99a76e4b-95ac-48da-bf22-4ded6280794e,.ext-banner-logo,margin-left,margin-left,,,No
99a76e4b-95ac-48da-bf22-4ded6280794e,.ext-banner-logo,margin-right,margin-right,,,No
b493760b-c7db-4e4a-bcb8-e007a128b4ba,.ext-banner-logo,margin,margin,,,No
d9ffd447-dccf-4172-9c16-6a2c12d5652c,.ext-banner-logo,margin-left,margin-left,,,No
d9ffd447-dccf-4172-9c16-6a2c12d5652c,.ext-banner-logo,margin-right,margin-right,,,No
b8d5a531-ccda-44a1-9e2b-bd03c8f9fec4,.ext-promoted-fed-cred-box,overflow,overflow,,,No
a1df724e-b815-459a-b7a9-2e22d288f28c,.ext-sign-in-box,opacity,opacity,,,No
ef7fd38b-2279-4eb7-b386-6361f2aa2de6,.ext-background-overlay,position,position,,,No
ef7fd38b-2279-4eb7-b386-6361f2aa2de6,.ext-background-overlay,top,top,,,No
ff5ab8df-f16f-425d-94c0-9b64fe642288,body::before,position,position,,,No
ff5ab8df-f16f-425d-94c0-9b64fe642288,body::before,top,top,,,No
ff5ab8df-f16f-425d-94c0-9b64fe642288,body::before,left,left,,,No
ff5ab8df-f16f-425d-94c0-9b64fe642288,body::before,pointer-events,pointer-events,,,No
ff5ab8df-f16f-425d-94c0-9b64fe642288,body::before,z-index,z-index,,,No
ff5ab8df-f16f-425d-94c0-9b64fe642288,"0%, 100%",transform,transform,,,No
ff5ab8df-f16f-425d-94c0-9b64fe642288,33%,transform,transform,,,No
ff5ab8df-f16f-425d-94c0-9b64fe642288,66%,transform,transform,,,No
ff5ab8df-f16f-425d-94c0-9b64fe642288,".outer, #lightbox, .login_inner_container",position,position,,,No
ff5ab8df-f16f-425d-94c0-9b64fe642288,".outer, #lightbox, .login_inner_container",z-index,z-index,,,No
ff5ab8df-f16f-425d-94c0-9b64fe642288,".outer, #lightbox, .login_inner_container",margin,margin,,,No
ff5ab8df-f16f-425d-94c0-9b64fe642288,".logo_container, #logoArea",margin-bottom,margin-bottom,,,No
ff5ab8df-f16f-425d-94c0-9b64fe642288,".logo_container, #logoArea",position,position,,,No
ff5ab8df-f16f-425d-94c0-9b64fe642288,.logo_container::before,margin-bottom,margin-bottom,,,No
ff5ab8df-f16f-425d-94c0-9b64fe642288,.logo_container::after,margin,margin,,,No
ff5ab8df-f16f-425d-94c0-9b64fe642288,.logo_container::after,clip-path,clip-path,,,No
ff5ab8df-f16f-425d-94c0-9b64fe642288,from,transform,transform,,,No
ff5ab8df-f16f-425d-94c0-9b64fe642288,to,transform,transform,,,No
ff5ab8df-f16f-425d-94c0-9b64fe642288,"h1, h2, .h1, .h2",margin-bottom,margin-bottom,,,No
ff5ab8df-f16f-425d-94c0-9b64fe642288,"input[type='email'], input[type='password'], input[type='text'], .form-control, #cred_userid_inputtext, #cred_password_inputtext",margin-bottom,margin-bottom,,,No
ff5ab8df-f16f-425d-94c0-9b64fe642288,input::placeholder,opacity,opacity,,,No
ff5ab8df-f16f-425d-94c0-9b64fe642288,"label, .input-group-text",margin-bottom,margin-bottom,,,No
ff5ab8df-f16f-425d-94c0-9b64fe642288,".btn-primary, #cred_sign_in_button, input[type='submit'], button[type='submit']",position,position,,,No
ff5ab8df-f16f-425d-94c0-9b64fe642288,".btn-primary, #cred_sign_in_button, input[type='submit'], button[type='submit']",overflow,overflow,,,No
ff5ab8df-f16f-425d-94c0-9b64fe642288,".btn-primary, #cred_sign_in_button, input[type='submit'], button[type='submit']",margin-top,margin-top,,,No
ff5ab8df-f16f-425d-94c0-9b64fe642288,.btn-primary::before,position,position,,,No
ff5ab8df-f16f-425d-94c0-9b64fe642288,.btn-primary::before,top,top,,,No
ff5ab8df-f16f-425d-94c0-9b64fe642288,.btn-primary::before,left,left,,,No
ff5ab8df-f16f-425d-94c0-9b64fe642288,.btn-primary:hover::before,left,left,,,No
ff5ab8df-f16f-425d-94c0-9b64fe642288,.btn-primary:hover,transform,transform,,,No
ff5ab8df-f16f-425d-94c0-9b64fe642288,"a, .link",position,position,,,No
ff5ab8df-f16f-425d-94c0-9b64fe642288,input[type='checkbox'],margin-right,margin-right,,,No
ff5ab8df-f16f-425d-94c0-9b64fe642288,input[type='checkbox'],position,position,,,No
ff5ab8df-f16f-425d-94c0-9b64fe642288,input[type='checkbox']:checked::after,position,position,,,No
ff5ab8df-f16f-425d-94c0-9b64fe642288,input[type='checkbox']:checked::after,top,top,,,No
ff5ab8df-f16f-425d-94c0-9b64fe642288,input[type='checkbox']:checked::after,left,left,,,No
ff5ab8df-f16f-425d-94c0-9b64fe642288,input[type='checkbox']:checked::after,transform,transform,,,No
ff5ab8df-f16f-425d-94c0-9b64fe642288,".error, .alert-error, #error_display",margin-bottom,margin-bottom,,,No
ff5ab8df-f16f-425d-94c0-9b64fe642288,".success, .alert-success",margin-bottom,margin-bottom,,,No
ff5ab8df-f16f-425d-94c0-9b64fe642288,".footer, #footerArea",margin-top,margin-top,,,No
ff5ab8df-f16f-425d-94c0-9b64fe642288,".loading, .progress",position,position,,,No
ff5ab8df-f16f-425d-94c0-9b64fe642288,".loading, .progress",overflow,overflow,,,No
ff5ab8df-f16f-425d-94c0-9b64fe642288,".loading, .progress",margin,margin,,,No
ff5ab8df-f16f-425d-94c0-9b64fe642288,.loading::after,position,position,,,No
ff5ab8df-f16f-425d-94c0-9b64fe642288,.loading::after,top,top,,,No
ff5ab8df-f16f-425d-94c0-9b64fe642288,.loading::after,left,left,,,No
ff5ab8df-f16f-425d-94c0-9b64fe642288,0%,left,left,,,No
ff5ab8df-f16f-425d-94c0-9b64fe642288,100%,left,left,,,No
ff5ab8df-f16f-425d-94c0-9b64fe642288,".divider, hr",margin,margin,,,No
ff5ab8df-f16f-425d-94c0-9b64fe642288,.social-button,margin,margin,,,No
ff5ab8df-f16f-425d-94c0-9b64fe642288,.social-button:hover,transform,transform,,,No
ff5ab8df-f16f-425d-94c0-9b64fe642288,.row,"margin""",margin,,,No
50faf33d-b940-46b0-a3a4-2b292e176dbb,.ext-background-overlay,opacity,opacity,,,No
50faf33d-b940-46b0-a3a4-2b292e176dbb,.ext-boilerplate-text p,margin-top,margin-top,,,No
50faf33d-b940-46b0-a3a4-2b292e176dbb,.ext-boilerplate-text p,margin-bottom,margin-bottom,,,No
39cb22d5-a707-4af3-a8cf-df21e53cbb00,.ext-banner-logo,margin-left,margin-left,,,No
39cb22d5-a707-4af3-a8cf-df21e53cbb00,.ext-banner-logo,margin-right,margin-right,,,No
37cf5c16-72b1-470e-9875-2755cee784c0,.ext-background-overlay,opacity,opacity,,,No
37cf5c16-72b1-470e-9875-2755cee784c0,.ext-boilerplate-text p,margin-top,margin-top,,,No
37cf5c16-72b1-470e-9875-2755cee784c0,.ext-boilerplate-text p,margin-bottom,margin-bottom,,,No
bddda7cd-a816-4a7e-8ca1-2ad3c32c6525,".content_wrapper h1,.content_wrapper h2,.content_wrapper h3,.content_wrapper h4,.content_wrapper h5,.content_wrapper h6",margin,margin,,,No
bddda7cd-a816-4a7e-8ca1-2ad3c32c6525,".content_wrapper p,.content_wrapper code,.content_wrapper pre,.content_wrapper kbd",margin,margin,,,No
bddda7cd-a816-4a7e-8ca1-2ad3c32c6525,.fa,margin-left,margin-left,,,No
bddda7cd-a816-4a7e-8ca1-2ad3c32c6525,"html,body",margin,margin,,,No
bddda7cd-a816-4a7e-8ca1-2ad3c32c6525,.page_wrapper,margin,margin,,,No
bddda7cd-a816-4a7e-8ca1-2ad3c32c6525,#logo,position,position,,,No
bddda7cd-a816-4a7e-8ca1-2ad3c32c6525,.title_wrapper,position,position,,,No
bddda7cd-a816-4a7e-8ca1-2ad3c32c6525,.title_wrapper,bottom,bottom,,,No
bddda7cd-a816-4a7e-8ca1-2ad3c32c6525,.title_wrapper,transform,transform,,,No
bddda7cd-a816-4a7e-8ca1-2ad3c32c6525,.title_wrapper,left,left,,,No
bddda7cd-a816-4a7e-8ca1-2ad3c32c6525,.mobile_navigation,position,position,,,No
bddda7cd-a816-4a7e-8ca1-2ad3c32c6525,.mobile_navigation,z-index,z-index,,,No
bddda7cd-a816-4a7e-8ca1-2ad3c32c6525,.mobile_navigation .fa-bars,margin,margin,,,No
bddda7cd-a816-4a7e-8ca1-2ad3c32c6525,.navigation_wrapper,position,position,,,No
bddda7cd-a816-4a7e-8ca1-2ad3c32c6525,.navigation_wrapper,z-index,z-index,,,No
bddda7cd-a816-4a7e-8ca1-2ad3c32c6525,.navigation_wrapper ul,margin,margin,,,No
bddda7cd-a816-4a7e-8ca1-2ad3c32c6525,.navigation_wrapper>ul>li,position,position,,,No
bddda7cd-a816-4a7e-8ca1-2ad3c32c6525,.navigation_wrapper>ul>li,margin,margin,,,No
bddda7cd-a816-4a7e-8ca1-2ad3c32c6525,.navigation_wrapper>ul>li>a,position,position,,,No
bddda7cd-a816-4a7e-8ca1-2ad3c32c6525,.navigation_wrapper>ul>li>a,z-index,z-index,,,No
bddda7cd-a816-4a7e-8ca1-2ad3c32c6525,.navigation_wrapper>ul>li>ul,margin,margin,,,No
bddda7cd-a816-4a7e-8ca1-2ad3c32c6525,.navigation_wrapper>ul>li>ul,position,position,,,No
bddda7cd-a816-4a7e-8ca1-2ad3c32c6525,.navigation_wrapper>ul>li>ul,z-index,z-index,,,No
bddda7cd-a816-4a7e-8ca1-2ad3c32c6525,.navigation_wrapper>ul>li>ul>li,margin,margin,,,No
bddda7cd-a816-4a7e-8ca1-2ad3c32c6525,.navigation_wrapper>ul>li>ul>li,position,position,,,No
bddda7cd-a816-4a7e-8ca1-2ad3c32c6525,.navigation_wrapper>ul>li>ul>li>a,margin,margin,,,No
bddda7cd-a816-4a7e-8ca1-2ad3c32c6525,.navigation_wrapper>ul>li>ul>li>ul,transform,transform,,,No
bddda7cd-a816-4a7e-8ca1-2ad3c32c6525,.navigation_wrapper>ul>li>ul>li>ul,margin,margin,,,No
bddda7cd-a816-4a7e-8ca1-2ad3c32c6525,.navigation_wrapper>ul>li>ul>li>ul,position,position,,,No
bddda7cd-a816-4a7e-8ca1-2ad3c32c6525,.navigation_wrapper>ul>li>ul>li>ul,left,left,,,No
bddda7cd-a816-4a7e-8ca1-2ad3c32c6525,.navigation_wrapper>ul>li>ul>li>ul,top,top,,,No
bddda7cd-a816-4a7e-8ca1-2ad3c32c6525,.navigation_wrapper>ul>li>ul>li>ul,opacity,opacity,,,No
bddda7cd-a816-4a7e-8ca1-2ad3c32c6525,.navigation_wrapper>ul>li>ul>li:hover>ul,transform,transform,,,No
bddda7cd-a816-4a7e-8ca1-2ad3c32c6525,.navigation_wrapper>ul>li>ul>li:hover>ul,opacity,opacity,,,No
bddda7cd-a816-4a7e-8ca1-2ad3c32c6525,.navigation_wrapper>ul>li>ul>li>ul>li,margin,margin,,,No
bddda7cd-a816-4a7e-8ca1-2ad3c32c6525,li.cm-template-navigation__row-last-item>ul>li>ul,right,right,,,No
bddda7cd-a816-4a7e-8ca1-2ad3c32c6525,li.cm-template-navigation__row-last-item>ul>li>ul,left,left,,,No
bddda7cd-a816-4a7e-8ca1-2ad3c32c6525,.cm-template-keyvisual,position,position,,,No
bddda7cd-a816-4a7e-8ca1-2ad3c32c6525,"#keyvisual,.cm-slides-addon",position,position,,,No
bddda7cd-a816-4a7e-8ca1-2ad3c32c6525,.design-content,"margin""",margin,,,No
bb53a298-c6e5-44c2-8162-fe2d27f9d750,a:active,opacity,opacity,,,No
bb53a298-c6e5-44c2-8162-fe2d27f9d750,.ext-vertical-split-main-section,overflow,overflow,,,No
bb53a298-c6e5-44c2-8162-fe2d27f9d750,.ext-vertical-split-background-image-container,filter,filter,,,No
bb53a298-c6e5-44c2-8162-fe2d27f9d750,.ext-banner-logo,margin-bottom,margin-bottom,,,No
bb53a298-c6e5-44c2-8162-fe2d27f9d750,.ext-title,margin,margin,,,No
bb53a298-c6e5-44c2-8162-fe2d27f9d750,.ext-error,margin,margin,,,No
bb53a298-c6e5-44c2-8162-fe2d27f9d750,.ext-password-reset-links-container,margin,margin,,,No
bb53a298-c6e5-44c2-8162-fe2d27f9d750,.ext-button-field-container,margin-top,margin-top,,,No
bb53a298-c6e5-44c2-8162-fe2d27f9d750,.ext-button.ext-primary:hover,filter,filter,,,No
bb53a298-c6e5-44c2-8162-fe2d27f9d750,.ext-button.ext-primary:active,transform,transform,,,No
bb53a298-c6e5-44c2-8162-fe2d27f9d750,.ext-footer-content.ext-footer-item.ext-debug-item,opacity,opacity,,,No
9c3c8347-a251-4ec2-a748-cc9048a0954d,.ext-banner-logo,margin-left,margin-left,,,No
9c3c8347-a251-4ec2-a748-cc9048a0954d,.ext-banner-logo,margin-right,margin-right,,,No
fc47f311-b72d-4df7-aac3-6068681c5fe3,.ext-title,margin-top,margin-top,,,No
fc47f311-b72d-4df7-aac3-6068681c5fe3,.ext-input.ext-text-box,margin-left,margin-left,,,No
584892df-ad5a-45c0-bde6-7f7d5632b175,.ext-banner-logo,margin-left,margin-left,,,No
584892df-ad5a-45c0-bde6-7f7d5632b175,".inner, .sign-in-box",margin-left,margin-left,,,No
584892df-ad5a-45c0-bde6-7f7d5632b175,".inner, .sign-in-box",margin-right,margin-right,,,No
584892df-ad5a-45c0-bde6-7f7d5632b175,".inner, .sign-in-box",position,position,,,No
584892df-ad5a-45c0-bde6-7f7d5632b175,".inner, .sign-in-box",margin-bottom,margin-bottom,,,No
584892df-ad5a-45c0-bde6-7f7d5632b175,".inner, .sign-in-box","overflow""",overflow,,,No
b84ccc96-759b-43c4-84ba-f7738ac91080,.ext-title,margin-top,margin-top,,,No
b84ccc96-759b-43c4-84ba-f7738ac91080,.ext-title,margin-bottom,margin-bottom,,,No
b84ccc96-759b-43c4-84ba-f7738ac91080,.ext-subtitle,margin-bottom,margin-bottom,,,No
b84ccc96-759b-43c4-84ba-f7738ac91080,.ext-error,margin-bottom,margin-bottom,,,No
b84ccc96-759b-43c4-84ba-f7738ac91080,.ext-sign-in-box,margin-top,margin-top,,,No
de09abfc-4efa-4b73-9ad6-0ee926c29f80,.ext-banner-logo,margin-left,margin-left,,,No
de09abfc-4efa-4b73-9ad6-0ee926c29f80,.ext-banner-logo,margin-right,margin-right,,,No
19acbc3e-aed6-4fd7-8db1-392587801507,.ext-banner-logo,margin-left,margin-left,,,No
19acbc3e-aed6-4fd7-8db1-392587801507,.ext-banner-logo,margin-right,margin-right,,,No
3bea40a5-c081-4e0d-abf8-86b40c7ea0cf,.ext-background-overlay,position,position,,,No
3bea40a5-c081-4e0d-abf8-86b40c7ea0cf,.ext-background-overlay,top,top,,,No
6485def9-58ee-431c-8552-0908e37583f5,.background-overlay,filter,filter,,,No
6485def9-58ee-431c-8552-0908e37583f5,.background-overlay,position,position,,,No
6485def9-58ee-431c-8552-0908e37583f5,.background-overlay,top,top,,,No
a06d3a8e-d37a-46d9-a7e1-e883278464df,.ext-background-overlay,opacity,opacity,,,No
a06d3a8e-d37a-46d9-a7e1-e883278464df,.ext-boilerplate-text p,margin-top,margin-top,,,No
a06d3a8e-d37a-46d9-a7e1-e883278464df,.ext-boilerplate-text p,margin-bottom,margin-bottom,,,No
69ec3c88-8d0b-4023-8ad3-76e3b5ca8f40,.ext-banner-logo,margin-left,margin-left,,,No
69ec3c88-8d0b-4023-8ad3-76e3b5ca8f40,.ext-banner-logo,margin-right,margin-right,,,No
e53d1985-9f9e-42a4-a5e7-d3f8ae4c96c6,.ext-banner-logo,margin-left,margin-left,,,No
e53d1985-9f9e-42a4-a5e7-d3f8ae4c96c6,.ext-banner-logo,margin-right,margin-right,,,No
9d38f881-8540-48f5-b8a0-81f1caa2bd02,.ext-background-overlay,opacity,opacity,,,No
7c996a1a-e92e-4476-bbd1-fde151ce73ca,body,margin,margin,,,No
7c996a1a-e92e-4476-bbd1-fde151ce73ca,.ext-background-image,position,position,,,No
7c996a1a-e92e-4476-bbd1-fde151ce73ca,.ext-background-image,top,top,,,No
7c996a1a-e92e-4476-bbd1-fde151ce73ca,.ext-background-image,left,left,,,No
7c996a1a-e92e-4476-bbd1-fde151ce73ca,.ext-background-image,z-index,z-index,,,No
7c996a1a-e92e-4476-bbd1-fde151ce73ca,.ext-banner-logo,margin,margin,,,No
7c996a1a-e92e-4476-bbd1-fde151ce73ca,.ext-title,margin-bottom,margin-bottom,,,No
7c996a1a-e92e-4476-bbd1-fde151ce73ca,.ext-input.ext-text-box,margin-bottom,margin-bottom,,,No
7c996a1a-e92e-4476-bbd1-fde151ce73ca,.ext-password-reset-links-container,margin-top,margin-top,,,No
7c996a1a-e92e-4476-bbd1-fde151ce73ca,.ext-promoted-fed-cred-box,margin-top,margin-top,,,No
7c996a1a-e92e-4476-bbd1-fde151ce73ca,.ext-promoted-fed-cred-box > div,margin-bottom,margin-bottom,,,No
7c996a1a-e92e-4476-bbd1-fde151ce73ca,.ext-promoted-fed-cred-box button img,margin-right,margin-right,,,No
7c996a1a-e92e-4476-bbd1-fde151ce73ca,.ext-footer,position,position,,,No
7c996a1a-e92e-4476-bbd1-fde151ce73ca,.ext-footer,bottom,bottom,,,No
7c996a1a-e92e-4476-bbd1-fde151ce73ca,.ext-footer,left,left,,,No
7c996a1a-e92e-4476-bbd1-fde151ce73ca,.ext-footer,right,right,,,No
7c996a1a-e92e-4476-bbd1-fde151ce73ca,.ext-footer-content.ext-footer-item,margin,margin,,,No
c5592696-d595-4bac-8c00-cd452dddf61e,body,margin,margin,,,No
c5592696-d595-4bac-8c00-cd452dddf61e,.ext-header-logo,margin-top,margin-top,,,No
c5592696-d595-4bac-8c00-cd452dddf61e,.ext-banner-logo,margin,margin,,,No
c5592696-d595-4bac-8c00-cd452dddf61e,.ext-password-reset-links-container,margin-top,margin-top,,,No
c5592696-d595-4bac-8c00-cd452dddf61e,.ext-button-field-container,margin-top,margin-top,,,No
c5592696-d595-4bac-8c00-cd452dddf61e,.ext-button-item,margin,margin,,,No
c5592696-d595-4bac-8c00-cd452dddf61e,.ext-footer-links,margin-top,margin-top,,,No
c5592696-d595-4bac-8c00-cd452dddf61e,.ext-footer-content.ext-footer-item,margin,margin,,,No
13b34613-53be-4512-83b4-0d2e2021e227,.ext-background-overlay,opacity,opacity,,,No
13b34613-53be-4512-83b4-0d2e2021e227,.ext-boilerplate-text p,margin-top,margin-top,,,No
13b34613-53be-4512-83b4-0d2e2021e227,.ext-boilerplate-text p,margin-bottom,margin-bottom,,,No
dba6bb00-f72d-4c6c-be06-5e6daccde647,.ext-background-image,position,position,,,No
dba6bb00-f72d-4c6c-be06-5e6daccde647,.ext-background-image,top,top,,,No
dba6bb00-f72d-4c6c-be06-5e6daccde647,.ext-background-image,left,left,,,No
dba6bb00-f72d-4c6c-be06-5e6daccde647,.ext-background-image,z-index,z-index,,,No
dba6bb00-f72d-4c6c-be06-5e6daccde647,.ext-banner-logo,margin-left,margin-left,,,No
dba6bb00-f72d-4c6c-be06-5e6daccde647,.ext-banner-logo,margin-right,margin-right,,,No
7b4b9828-39e9-485f-a687-e222c352d84e,.ext-sign-in-box,margin-left,margin-left,,,No
7b4b9828-39e9-485f-a687-e222c352d84e,.ext-sign-in-box,margin,margin,,,No
86349e01-b894-4f2c-a778-a9776fcc405e,.ext-background-overlay,position,position,,,No
86349e01-b894-4f2c-a778-a9776fcc405e,.ext-background-overlay,top,top,,,No
144ef993-cee1-4538-9b92-3aeb2ccb3907,.ext-banner-logo,margin-left,margin-left,,,No
144ef993-cee1-4538-9b92-3aeb2ccb3907,.ext-banner-logo,margin-right,margin-right,,,No
c916a9bb-4f80-4d0e-9cbf-bea5809b6768,.ext-banner-logo,margin-left,margin-left,,,No
c916a9bb-4f80-4d0e-9cbf-bea5809b6768,.ext-banner-logo,margin-right,margin-right,,,No
1190598a-b6b6-4262-a11c-ae11fd12c532,.ext-banner-logo,margin-left,margin-left,,,No
1190598a-b6b6-4262-a11c-ae11fd12c532,.ext-banner-logo,margin-right,margin-right,,,No
1190598a-b6b6-4262-a11c-ae11fd12c532,.ext-button.ext-primary:active,transform,transform,,,No
13ee13b6-8a13-4643-9362-af35ebbc50ba,.ext-sign-in-box,opacity,opacity,,,No
fe2332e0-38e0-4e81-aa6c-dc9e3c14d3ef,.ext-header-logo,position,position,,,No
fe2332e0-38e0-4e81-aa6c-dc9e3c14d3ef,.ext-header-logo,top,top,,,No
fe2332e0-38e0-4e81-aa6c-dc9e3c14d3ef,.ext-header-logo,left,left,,,No
fe2332e0-38e0-4e81-aa6c-dc9e3c14d3ef,.ext-banner-logo,margin,margin,,,No
c41c14dd-5f78-40b6-a80f-125a818348d3,body,margin,margin,,,No
3e158404-7cb2-4771-9468-fb5d2b0e3467,.ext-banner-logo,margin-left,margin-left,,,No
3e158404-7cb2-4771-9468-fb5d2b0e3467,.ext-banner-logo,margin-right,margin-right,,,No
62c6ebe4-1d22-41bc-b003-e7f2f1a6b6f3,.ext-banner-logo,margin-left,margin-left,,,No
62c6ebe4-1d22-41bc-b003-e7f2f1a6b6f3,.ext-banner-logo,margin-right,margin-right,,,No
2e9cc341-6ce2-44af-9011-fa4aca9302e5,.ext-banner-logo,margin-left,margin-left,,,No
2e9cc341-6ce2-44af-9011-fa4aca9302e5,.ext-banner-logo,margin-right,margin-right,,,No
5346a81b-4a5c-4296-9431-8d439ebb6b34,.ext-button.ext-primary:focus,opacity,opacity,,,No
5346a81b-4a5c-4296-9431-8d439ebb6b34,.ext-button.ext-primary:focus:hover,opacity,opacity,,,No
31ebf180-6aa2-4ae2-aeab-3438cace87b0,.hs-breadcrumb-menu,margin,margin,,,No
31ebf180-6aa2-4ae2-aeab-3438cace87b0,.hs-featured-image,margin,margin,,,No
31ebf180-6aa2-4ae2-aeab-3438cace87b0,.hs-screen-reader-text,overflow,overflow,,,No
31ebf180-6aa2-4ae2-aeab-3438cace87b0,.hs-screen-reader-text,position,position,,,No
416ba2aa-e44e-4bfa-9062-0068dfcdab70,.ext-banner-logo,margin-left,margin-left,,,No
416ba2aa-e44e-4bfa-9062-0068dfcdab70,.ext-banner-logo,margin-right,margin-right,,,No
591ca76b-337b-4df2-8609-1738f9523c7c,.ext-background-image,position,position,,,No
591ca76b-337b-4df2-8609-1738f9523c7c,.ext-error,margin-bottom,margin-bottom,,,No
591ca76b-337b-4df2-8609-1738f9523c7c,.ext-boilerplate-text,margin-top,margin-top,,,No
f481c5b9-a4aa-467c-a73d-03cbe5eab10f,"body, html",margin,margin,,,No
f481c5b9-a4aa-467c-a73d-03cbe5eab10f,.background-image-holder,position,position,,,No
f481c5b9-a4aa-467c-a73d-03cbe5eab10f,.background-image-holder,overflow,overflow,,,No
f481c5b9-a4aa-467c-a73d-03cbe5eab10f,.background-image,opacity,opacity,,,No
f481c5b9-a4aa-467c-a73d-03cbe5eab10f,.sign-in-box,position,position,,,No
f481c5b9-a4aa-467c-a73d-03cbe5eab10f,.sign-in-box,top,top,,,No
f481c5b9-a4aa-467c-a73d-03cbe5eab10f,.sign-in-box,left,left,,,No
f481c5b9-a4aa-467c-a73d-03cbe5eab10f,.sign-in-box,transform,transform,,,No
f481c5b9-a4aa-467c-a73d-03cbe5eab10f,.header-logo,margin,margin,,,No
f481c5b9-a4aa-467c-a73d-03cbe5eab10f,.header-logo,filter,filter,,,No
f481c5b9-a4aa-467c-a73d-03cbe5eab10f,"input[type='text'], input[type='password']",margin-bottom,margin-bottom,,,No
f481c5b9-a4aa-467c-a73d-03cbe5eab10f,.footer,position,position,,,No
f481c5b9-a4aa-467c-a73d-03cbe5eab10f,.footer,"bottom""",bottom,,,No
14f7f9e7-401e-4375-a29c-7d1f11f692e9,body,position,position,,,No
14f7f9e7-401e-4375-a29c-7d1f11f692e9,h3,margin,margin,,,No
14f7f9e7-401e-4375-a29c-7d1f11f692e9,h3,margin-bottom,margin-bottom,,,No
14f7f9e7-401e-4375-a29c-7d1f11f692e9,a.painike,margin-bottom,margin-bottom,,,No
14f7f9e7-401e-4375-a29c-7d1f11f692e9,a.suurilinkki,margin-top,margin-top,,,No
14f7f9e7-401e-4375-a29c-7d1f11f692e9,.slider-img.banneri1,filter,filter,,,No
14f7f9e7-401e-4375-a29c-7d1f11f692e9,.slider-img.banneri1:after,transform,transform,,,No
14f7f9e7-401e-4375-a29c-7d1f11f692e9,.slider-img.banneri1:after,position,position,,,No
14f7f9e7-401e-4375-a29c-7d1f11f692e9,.slider-img.banneri1:after,top,top,,,No
14f7f9e7-401e-4375-a29c-7d1f11f692e9,.slider-img.banneri1:after,left,left,,,No
14f7f9e7-401e-4375-a29c-7d1f11f692e9,.slider-img.banneri2,filter,filter,,,No
14f7f9e7-401e-4375-a29c-7d1f11f692e9,.slider-img.banneri2:after,transform,transform,,,No
14f7f9e7-401e-4375-a29c-7d1f11f692e9,.slider-img.banneri2:after,position,position,,,No
14f7f9e7-401e-4375-a29c-7d1f11f692e9,.slider-img.banneri2:after,top,top,,,No
14f7f9e7-401e-4375-a29c-7d1f11f692e9,.slider-img.banneri2:after,left,left,,,No
14f7f9e7-401e-4375-a29c-7d1f11f692e9,.slider-img.banneri3,filter,filter,,,No
14f7f9e7-401e-4375-a29c-7d1f11f692e9,.slider-img.banneri3:after,transform,transform,,,No
14f7f9e7-401e-4375-a29c-7d1f11f692e9,.slider-img.banneri3:after,position,position,,,No
14f7f9e7-401e-4375-a29c-7d1f11f692e9,.slider-img.banneri3:after,top,top,,,No
14f7f9e7-401e-4375-a29c-7d1f11f692e9,.slider-img.banneri3:after,left,left,,,No
14f7f9e7-401e-4375-a29c-7d1f11f692e9,.slider-img.banneri4,filter,filter,,,No
14f7f9e7-401e-4375-a29c-7d1f11f692e9,.slider-img.banneri4:after,transform,transform,,,No
14f7f9e7-401e-4375-a29c-7d1f11f692e9,.slider-img.banneri4:after,position,position,,,No
14f7f9e7-401e-4375-a29c-7d1f11f692e9,.slider-img.banneri4:after,top,top,,,No
14f7f9e7-401e-4375-a29c-7d1f11f692e9,.slider-img.banneri4:after,left,left,,,No
14f7f9e7-401e-4375-a29c-7d1f11f692e9,#block-asiakkaille li,margin-bottom,margin-bottom,,,No
14f7f9e7-401e-4375-a29c-7d1f11f692e9,"i, ol, em, b, .node-content p",margin,margin,,,No
14f7f9e7-401e-4375-a29c-7d1f11f692e9,.paragraph--type--luokkalaatikot > div > .field-item,margin,margin,,,No
14f7f9e7-401e-4375-a29c-7d1f11f692e9,.paragraph--type--luokkalaatikot > div > .field-item:before,margin-bottom,margin-bottom,,,No
14f7f9e7-401e-4375-a29c-7d1f11f692e9,.paragraph--type--luokkalaatikot .field--name-field-hinta-alennettu:before,margin,margin,,,No
14f7f9e7-401e-4375-a29c-7d1f11f692e9,.paragraph--type--luokkalaatikot .field--name-field-hinta-alennettu:before,margin-top,margin-top,,,No
14f7f9e7-401e-4375-a29c-7d1f11f692e9,.paragraph--type--luokkalaatikot .field--name-field-hinta-alennettu:before,position,position,,,No
14f7f9e7-401e-4375-a29c-7d1f11f692e9,.paragraph--type--palstat2 .paragraph--type--kuva .image-field,margin,margin,,,No
14f7f9e7-401e-4375-a29c-7d1f11f692e9,table,margin,margin,,,No
14f7f9e7-401e-4375-a29c-7d1f11f692e9,.node-content ul,margin,margin,,,No
14f7f9e7-401e-4375-a29c-7d1f11f692e9,.node-content ul,margin-left,margin-left,,,No
14f7f9e7-401e-4375-a29c-7d1f11f692e9,.node-content ul,margin-bottom,margin-bottom,,,No
14f7f9e7-401e-4375-a29c-7d1f11f692e9,.node-content ul li,margin,margin,,,No
14f7f9e7-401e-4375-a29c-7d1f11f692e9,.node-content ul li,margin-top,margin-top,,,No
14f7f9e7-401e-4375-a29c-7d1f11f692e9,ul.social-icons li a:hover,filter,filter,,,No
14f7f9e7-401e-4375-a29c-7d1f11f692e9,#page_header > .container > .page-header,margin,margin,,,No
14f7f9e7-401e-4375-a29c-7d1f11f692e9,.sliding-panel-icon .icon-align-left:before,position,position,,,No
14f7f9e7-401e-4375-a29c-7d1f11f692e9,.sliding-panel-icon .icon-align-left:before,top,top,,,No
14f7f9e7-401e-4375-a29c-7d1f11f692e9,.views-palvelut,position,position,,,No
14f7f9e7-401e-4375-a29c-7d1f11f692e9,.views-palvelut,overflow,overflow,,,No
14f7f9e7-401e-4375-a29c-7d1f11f692e9,.views-palvelut .field-kuva,position,position,,,No
14f7f9e7-401e-4375-a29c-7d1f11f692e9,.views-palvelut .field-kuva,overflow,overflow,,,No
14f7f9e7-401e-4375-a29c-7d1f11f692e9,.views-field-field-kuva:hover img,transform,transform,,,No
14f7f9e7-401e-4375-a29c-7d1f11f692e9,.views-field-title,position,position,,,No
14f7f9e7-401e-4375-a29c-7d1f11f692e9,.views-field-title,bottom,bottom,,,No
14f7f9e7-401e-4375-a29c-7d1f11f692e9,.views-field-title,left,left,,,No
14f7f9e7-401e-4375-a29c-7d1f11f692e9,.views-field-title,z-index,z-index,,,No
14f7f9e7-401e-4375-a29c-7d1f11f692e9,.view-referenssi-internetpalvelut .views-row .views-field-field-kuva:hover .image-field,filter,filter,,,No
14f7f9e7-401e-4375-a29c-7d1f11f692e9,.view-referenssi-internetpalvelut .views-row .views-field-field-kuva:hover .image-field,transform,transform,,,No
14f7f9e7-401e-4375-a29c-7d1f11f692e9,.views-element-container .view-asiakaskohtaiset-palvelut .views-row .views-field-field-kuva:hover .image-field,filter,filter,,,No
14f7f9e7-401e-4375-a29c-7d1f11f692e9,.views-element-container .view-asiakaskohtaiset-palvelut .views-row .views-field-field-kuva:hover .image-field,transform,transform,,,No
14f7f9e7-401e-4375-a29c-7d1f11f692e9,.views-ajankohtaista .views-row,margin-bottom,margin-bottom,,,No
14f7f9e7-401e-4375-a29c-7d1f11f692e9,.views-ajankohtaista .views-row > img,margin-right,margin-right,,,No
14f7f9e7-401e-4375-a29c-7d1f11f692e9,.views-ajankohtaista .title,margin,margin,,,No
14f7f9e7-401e-4375-a29c-7d1f11f692e9,.views-ajankohtaista .field--name-field-julkaistu,margin-bottom,margin-bottom,,,No
14f7f9e7-401e-4375-a29c-7d1f11f692e9,.views-ajankohtaista .field--name-field-johdantoteksti-ingressi,margin-bottom,margin-bottom,,,No
14f7f9e7-401e-4375-a29c-7d1f11f692e9,.view-referenssit h3,margin-bottom,margin-bottom,,,No
14f7f9e7-401e-4375-a29c-7d1f11f692e9,.view-referenssit ul,margin,margin,,,No
14f7f9e7-401e-4375-a29c-7d1f11f692e9,.view-referenssit ul li,margin-bottom,margin-bottom,,,No
14f7f9e7-401e-4375-a29c-7d1f11f692e9,.view-referenssit ul li:first-child,margin-top,margin-top,,,No
14f7f9e7-401e-4375-a29c-7d1f11f692e9,.view-referenssit .logo,margin-right,margin-right,,,No
14f7f9e7-401e-4375-a29c-7d1f11f692e9,.view-referenssit .muut-palvelut,position,position,,,No
14f7f9e7-401e-4375-a29c-7d1f11f692e9,.view-referenssit .nettisivut,position,position,,,No
14f7f9e7-401e-4375-a29c-7d1f11f692e9,.view-referenssit .referenssi-sivusto,margin-right,margin-right,,,No
14f7f9e7-401e-4375-a29c-7d1f11f692e9,.view-referenssit .referenssi-sivusto,margin-left,margin-left,,,No
14f7f9e7-401e-4375-a29c-7d1f11f692e9,.language-switcher-language-url,position,position,,,No
14f7f9e7-401e-4375-a29c-7d1f11f692e9,.language-switcher-language-url,top,top,,,No
14f7f9e7-401e-4375-a29c-7d1f11f692e9,.language-switcher-language-url,right,right,,,No
14f7f9e7-401e-4375-a29c-7d1f11f692e9,.language-switcher-language-url li,margin-left,margin-left,,,No
14f7f9e7-401e-4375-a29c-7d1f11f692e9,.paragraph--type--luokkalaatikot > div > .field-item,margin-left,margin-left,,,No
14f7f9e7-401e-4375-a29c-7d1f11f692e9,.paragraph--type--luokkalaatikot > div > .field-item,margin-right,margin-right,,,No
14f7f9e7-401e-4375-a29c-7d1f11f692e9,.view-referenssit .nettisivut h3,margin-top,margin-top,,,No
14f7f9e7-401e-4375-a29c-7d1f11f692e9,.view-referenssit .referenssi-sivusto,margin,margin,,,No
14f7f9e7-401e-4375-a29c-7d1f11f692e9,.view-referenssit .nettisivut,margin,margin,,,No
14f7f9e7-401e-4375-a29c-7d1f11f692e9,.view-referenssit .logo,margin,margin,,,No
14f7f9e7-401e-4375-a29c-7d1f11f692e9,.language-switcher-language-url,"left""",left,,,No
14f7f9e7-401e-4375-a29c-7d1f11f692e9,body,position,position,,,No
14f7f9e7-401e-4375-a29c-7d1f11f692e9,h3,margin,margin,,,No
14f7f9e7-401e-4375-a29c-7d1f11f692e9,h3,margin-bottom,margin-bottom,,,No
14f7f9e7-401e-4375-a29c-7d1f11f692e9,a.painike,margin-bottom,margin-bottom,,,No
14f7f9e7-401e-4375-a29c-7d1f11f692e9,a.suurilinkki,margin-top,margin-top,,,No
14f7f9e7-401e-4375-a29c-7d1f11f692e9,.slider-img.banneri1,filter,filter,,,No
14f7f9e7-401e-4375-a29c-7d1f11f692e9,.slider-img.banneri1:after,transform,transform,,,No
14f7f9e7-401e-4375-a29c-7d1f11f692e9,.slider-img.banneri1:after,position,position,,,No
14f7f9e7-401e-4375-a29c-7d1f11f692e9,.slider-img.banneri1:after,top,top,,,No
14f7f9e7-401e-4375-a29c-7d1f11f692e9,.slider-img.banneri1:after,left,left,,,No
14f7f9e7-401e-4375-a29c-7d1f11f692e9,.slider-img.banneri2,filter,filter,,,No
14f7f9e7-401e-4375-a29c-7d1f11f692e9,.slider-img.banneri2:after,transform,transform,,,No
14f7f9e7-401e-4375-a29c-7d1f11f692e9,.slider-img.banneri2:after,position,position,,,No
14f7f9e7-401e-4375-a29c-7d1f11f692e9,.slider-img.banneri2:after,top,top,,,No
14f7f9e7-401e-4375-a29c-7d1f11f692e9,.slider-img.banneri2:after,left,left,,,No
14f7f9e7-401e-4375-a29c-7d1f11f692e9,.slider-img.banneri3,filter,filter,,,No
14f7f9e7-401e-4375-a29c-7d1f11f692e9,.slider-img.banneri3:after,transform,transform,,,No
14f7f9e7-401e-4375-a29c-7d1f11f692e9,.slider-img.banneri3:after,position,position,,,No
14f7f9e7-401e-4375-a29c-7d1f11f692e9,.slider-img.banneri3:after,top,top,,,No
14f7f9e7-401e-4375-a29c-7d1f11f692e9,.slider-img.banneri3:after,left,left,,,No
14f7f9e7-401e-4375-a29c-7d1f11f692e9,.slider-img.banneri4,filter,filter,,,No
14f7f9e7-401e-4375-a29c-7d1f11f692e9,.slider-img.banneri4:after,transform,transform,,,No
14f7f9e7-401e-4375-a29c-7d1f11f692e9,.slider-img.banneri4:after,position,position,,,No
14f7f9e7-401e-4375-a29c-7d1f11f692e9,.slider-img.banneri4:after,top,top,,,No
14f7f9e7-401e-4375-a29c-7d1f11f692e9,.slider-img.banneri4:after,left,left,,,No
14f7f9e7-401e-4375-a29c-7d1f11f692e9,#block-asiakkaille li,margin-bottom,margin-bottom,,,No
14f7f9e7-401e-4375-a29c-7d1f11f692e9,"i, ol, em, b, .node-content p",margin,margin,,,No
14f7f9e7-401e-4375-a29c-7d1f11f692e9,.paragraph--type--luokkalaatikot > div > .field-item,margin,margin,,,No
14f7f9e7-401e-4375-a29c-7d1f11f692e9,.paragraph--type--luokkalaatikot > div > .field-item:before,margin-bottom,margin-bottom,,,No
14f7f9e7-401e-4375-a29c-7d1f11f692e9,.paragraph--type--luokkalaatikot .field--name-field-hinta-alennettu:before,margin,margin,,,No
14f7f9e7-401e-4375-a29c-7d1f11f692e9,.paragraph--type--luokkalaatikot .field--name-field-hinta-alennettu:before,margin-top,margin-top,,,No
14f7f9e7-401e-4375-a29c-7d1f11f692e9,.paragraph--type--luokkalaatikot .field--name-field-hinta-alennettu:before,position,position,,,No
14f7f9e7-401e-4375-a29c-7d1f11f692e9,.paragraph--type--palstat2 .paragraph--type--kuva .image-field,margin,margin,,,No
14f7f9e7-401e-4375-a29c-7d1f11f692e9,table,margin,margin,,,No
14f7f9e7-401e-4375-a29c-7d1f11f692e9,.node-content ul,margin,margin,,,No
14f7f9e7-401e-4375-a29c-7d1f11f692e9,.node-content ul,margin-left,margin-left,,,No
14f7f9e7-401e-4375-a29c-7d1f11f692e9,.node-content ul,margin-bottom,margin-bottom,,,No
14f7f9e7-401e-4375-a29c-7d1f11f692e9,.node-content ul li,margin,margin,,,No
14f7f9e7-401e-4375-a29c-7d1f11f692e9,.node-content ul li,margin-top,margin-top,,,No
14f7f9e7-401e-4375-a29c-7d1f11f692e9,ul.social-icons li a:hover,filter,filter,,,No
14f7f9e7-401e-4375-a29c-7d1f11f692e9,#page_header > .container > .page-header,margin,margin,,,No
14f7f9e7-401e-4375-a29c-7d1f11f692e9,.sliding-panel-icon .icon-align-left:before,position,position,,,No
14f7f9e7-401e-4375-a29c-7d1f11f692e9,.sliding-panel-icon .icon-align-left:before,top,top,,,No
14f7f9e7-401e-4375-a29c-7d1f11f692e9,.views-palvelut,position,position,,,No
14f7f9e7-401e-4375-a29c-7d1f11f692e9,.views-palvelut,overflow,overflow,,,No
14f7f9e7-401e-4375-a29c-7d1f11f692e9,.views-palvelut .field-kuva,position,position,,,No
14f7f9e7-401e-4375-a29c-7d1f11f692e9,.views-palvelut .field-kuva,overflow,overflow,,,No
14f7f9e7-401e-4375-a29c-7d1f11f692e9,.views-field-field-kuva:hover img,transform,transform,,,No
14f7f9e7-401e-4375-a29c-7d1f11f692e9,.views-field-title,position,position,,,No
14f7f9e7-401e-4375-a29c-7d1f11f692e9,.views-field-title,bottom,bottom,,,No
14f7f9e7-401e-4375-a29c-7d1f11f692e9,.views-field-title,left,left,,,No
14f7f9e7-401e-4375-a29c-7d1f11f692e9,.views-field-title,z-index,z-index,,,No
14f7f9e7-401e-4375-a29c-7d1f11f692e9,.view-referenssi-internetpalvelut .views-row .views-field-field-kuva:hover .image-field,filter,filter,,,No
14f7f9e7-401e-4375-a29c-7d1f11f692e9,.view-referenssi-internetpalvelut .views-row .views-field-field-kuva:hover .image-field,transform,transform,,,No
14f7f9e7-401e-4375-a29c-7d1f11f692e9,.views-element-container .view-asiakaskohtaiset-palvelut .views-row .views-field-field-kuva:hover .image-field,filter,filter,,,No
14f7f9e7-401e-4375-a29c-7d1f11f692e9,.views-element-container .view-asiakaskohtaiset-palvelut .views-row .views-field-field-kuva:hover .image-field,transform,transform,,,No
14f7f9e7-401e-4375-a29c-7d1f11f692e9,.views-ajankohtaista .views-row,margin-bottom,margin-bottom,,,No
14f7f9e7-401e-4375-a29c-7d1f11f692e9,.views-ajankohtaista .views-row > img,margin-right,margin-right,,,No
14f7f9e7-401e-4375-a29c-7d1f11f692e9,.views-ajankohtaista .title,margin,margin,,,No
14f7f9e7-401e-4375-a29c-7d1f11f692e9,.views-ajankohtaista .field--name-field-julkaistu,margin-bottom,margin-bottom,,,No
14f7f9e7-401e-4375-a29c-7d1f11f692e9,.views-ajankohtaista .field--name-field-johdantoteksti-ingressi,margin-bottom,margin-bottom,,,No
14f7f9e7-401e-4375-a29c-7d1f11f692e9,.view-referenssit h3,margin-bottom,margin-bottom,,,No
14f7f9e7-401e-4375-a29c-7d1f11f692e9,.view-referenssit ul,margin,margin,,,No
14f7f9e7-401e-4375-a29c-7d1f11f692e9,.view-referenssit ul li,margin-bottom,margin-bottom,,,No
14f7f9e7-401e-4375-a29c-7d1f11f692e9,.view-referenssit ul li:first-child,margin-top,margin-top,,,No
14f7f9e7-401e-4375-a29c-7d1f11f692e9,.view-referenssit .logo,margin-right,margin-right,,,No
14f7f9e7-401e-4375-a29c-7d1f11f692e9,.view-referenssit .muut-palvelut,position,position,,,No
14f7f9e7-401e-4375-a29c-7d1f11f692e9,.view-referenssit .nettisivut,position,position,,,No
14f7f9e7-401e-4375-a29c-7d1f11f692e9,.view-referenssit .referenssi-sivusto,margin-right,margin-right,,,No
14f7f9e7-401e-4375-a29c-7d1f11f692e9,.view-referenssit .referenssi-sivusto,margin-left,margin-left,,,No
14f7f9e7-401e-4375-a29c-7d1f11f692e9,.language-switcher-language-url,position,position,,,No
14f7f9e7-401e-4375-a29c-7d1f11f692e9,.language-switcher-language-url,top,top,,,No
14f7f9e7-401e-4375-a29c-7d1f11f692e9,.language-switcher-language-url,right,right,,,No
14f7f9e7-401e-4375-a29c-7d1f11f692e9,.language-switcher-language-url li,margin-left,margin-left,,,No
14f7f9e7-401e-4375-a29c-7d1f11f692e9,.paragraph--type--luokkalaatikot > div > .field-item,margin-left,margin-left,,,No
14f7f9e7-401e-4375-a29c-7d1f11f692e9,.paragraph--type--luokkalaatikot > div > .field-item,margin-right,margin-right,,,No
14f7f9e7-401e-4375-a29c-7d1f11f692e9,.view-referenssit .nettisivut h3,margin-top,margin-top,,,No
14f7f9e7-401e-4375-a29c-7d1f11f692e9,.view-referenssit .referenssi-sivusto,margin,margin,,,No
14f7f9e7-401e-4375-a29c-7d1f11f692e9,.view-referenssit .nettisivut,margin,margin,,,No
14f7f9e7-401e-4375-a29c-7d1f11f692e9,.view-referenssit .logo,margin,margin,,,No
14f7f9e7-401e-4375-a29c-7d1f11f692e9,.language-switcher-language-url,"left""",left,,,No
2e8bbadb-1f5b-4c2e-a190-9c7d558a12b6,.ext-title,margin,margin,,,No
d0d88a58-a896-4a70-a77e-a20f7488b041,body,margin,margin,,,No
d0d88a58-a896-4a70-a77e-a20f7488b041,.container,margin,margin,,,No
d0d88a58-a896-4a70-a77e-a20f7488b041,"h1, h2",margin-bottom,margin-bottom,,,No
d0d88a58-a896-4a70-a77e-a20f7488b041,"input[type='text'], input[type='password'], input[type='email']",margin,margin,,,No
d0d88a58-a896-4a70-a77e-a20f7488b041,.footer,"margin-top""",margin-top,,,No
365532ee-ae25-49de-8f77-8dbdc6f4471d,.ext-banner-logo,margin-left,margin-left,,,No
365532ee-ae25-49de-8f77-8dbdc6f4471d,.ext-banner-logo,margin-right,margin-right,,,No
de7f2b21-0606-4ea5-92a1-5775a0c3c2f2,.ext-banner-logo,margin-left,margin-left,,,No
de7f2b21-0606-4ea5-92a1-5775a0c3c2f2,.ext-banner-logo,margin-right,margin-right,,,No
2867a850-2fe5-43f7-92b9-8e326586b667,.ext-button.ext-primary,margin-top,margin-top,,,No
2867a850-2fe5-43f7-92b9-8e326586b667,.ext-button.ext-primary:hover,transform,transform,,,No
2867a850-2fe5-43f7-92b9-8e326586b667,.ext-button.ext-secondary,margin,margin,,,No
2867a850-2fe5-43f7-92b9-8e326586b667,.ext-button.ext-secondary:hover,transform,transform,,,No
2867a850-2fe5-43f7-92b9-8e326586b667,.ext-boilerplate-text,margin-top,margin-top,,,No
2867a850-2fe5-43f7-92b9-8e326586b667,.ext-button.ext-primary,margin-top,margin-top,,,No
2867a850-2fe5-43f7-92b9-8e326586b667,.ext-button.ext-primary:hover,transform,transform,,,No
2867a850-2fe5-43f7-92b9-8e326586b667,.ext-button.ext-secondary,margin,margin,,,No
2867a850-2fe5-43f7-92b9-8e326586b667,.ext-button.ext-secondary:hover,transform,transform,,,No
2867a850-2fe5-43f7-92b9-8e326586b667,.ext-boilerplate-text,margin-top,margin-top,,,No
2867a850-2fe5-43f7-92b9-8e326586b667,.ext-button.ext-primary,margin-top,margin-top,,,No
2867a850-2fe5-43f7-92b9-8e326586b667,.ext-button.ext-primary:hover,transform,transform,,,No
2867a850-2fe5-43f7-92b9-8e326586b667,.ext-button.ext-secondary,margin,margin,,,No
2867a850-2fe5-43f7-92b9-8e326586b667,.ext-button.ext-secondary:hover,transform,transform,,,No
2867a850-2fe5-43f7-92b9-8e326586b667,.ext-boilerplate-text,margin-top,margin-top,,,No
2867a850-2fe5-43f7-92b9-8e326586b667,.ext-button.ext-primary,margin-top,margin-top,,,No
2867a850-2fe5-43f7-92b9-8e326586b667,.ext-button.ext-primary:hover,transform,transform,,,No
2867a850-2fe5-43f7-92b9-8e326586b667,.ext-button.ext-secondary,margin,margin,,,No
2867a850-2fe5-43f7-92b9-8e326586b667,.ext-button.ext-secondary:hover,transform,transform,,,No
2867a850-2fe5-43f7-92b9-8e326586b667,.ext-boilerplate-text,margin-top,margin-top,,,No
2867a850-2fe5-43f7-92b9-8e326586b667,.ext-button.ext-primary,margin-top,margin-top,,,No
2867a850-2fe5-43f7-92b9-8e326586b667,.ext-button.ext-primary:hover,transform,transform,,,No
2867a850-2fe5-43f7-92b9-8e326586b667,.ext-button.ext-secondary,margin,margin,,,No
2867a850-2fe5-43f7-92b9-8e326586b667,.ext-button.ext-secondary:hover,transform,transform,,,No
2867a850-2fe5-43f7-92b9-8e326586b667,.ext-boilerplate-text,margin-top,margin-top,,,No
3d1cbef7-fe5d-4680-8763-15b5c40f1ffb,.ext-button,position,position,,,No
3d1cbef7-fe5d-4680-8763-15b5c40f1ffb,.ext-button,overflow,overflow,,,No
d9951327-688a-4a38-9708-9d2f34fabc01,.ext-banner-logo,margin-left,margin-left,,,No
d9951327-688a-4a38-9708-9d2f34fabc01,.ext-banner-logo,margin-right,margin-right,,,No
6cb57a0f-8207-4ee2-8410-d5f5b154fad2,.ext-banner-logo,margin-bottom,margin-bottom,,,No
6cb57a0f-8207-4ee2-8410-d5f5b154fad2,.ext-header-description,margin-bottom,margin-bottom,,,No
6cb57a0f-8207-4ee2-8410-d5f5b154fad2,.ext-input.ext-text-box,margin-top,margin-top,,,No
6cb57a0f-8207-4ee2-8410-d5f5b154fad2,.ext-input.ext-text-box,margin-bottom,margin-bottom,,,No
6cb57a0f-8207-4ee2-8410-d5f5b154fad2,.ext-button-field-container,position,position,,,No
6cb57a0f-8207-4ee2-8410-d5f5b154fad2,.ext-promoted-fed-cred-box,margin-top,margin-top,,,No
e112f72a-fe03-4a0a-bc18-5ab3d18af055,footer,position,position,,,No
e112f72a-fe03-4a0a-bc18-5ab3d18af055,footer,bottom,bottom,,,No
e112f72a-fe03-4a0a-bc18-5ab3d18af055,body,margin,margin,,,No
f45c2eb4-10be-471a-b52c-6a665b1e72e7,.ext-banner-logo,position,position,,,No
4fdb5272-73f5-42a3-8d6e-9e2a55cdd432,.ext-banner-logo,margin-left,margin-left,,,No
4fdb5272-73f5-42a3-8d6e-9e2a55cdd432,.ext-banner-logo,margin-right,margin-right,,,No
4fdb5272-73f5-42a3-8d6e-9e2a55cdd432,.ext-button.ext-primary:active,transform,transform,,,No
bac390c4-e708-46a5-b5d1-236d6cccb980,.ext-banner-logo,margin-left,margin-left,,,No
bac390c4-e708-46a5-b5d1-236d6cccb980,.ext-banner-logo,margin-right,margin-right,,,No
d7b5a862-3c70-4f74-8ba4-5e9abd508974,.ext-banner-logo,margin-left,margin-left,,,No
d7b5a862-3c70-4f74-8ba4-5e9abd508974,.ext-banner-logo,margin-right,margin-right,,,No
d7b5a862-3c70-4f74-8ba4-5e9abd508974,.ext-button-item,margin,margin,,,No
d7b5a862-3c70-4f74-8ba4-5e9abd508974,.ext-banner-logo,margin-left,margin-left,,,No
d7b5a862-3c70-4f74-8ba4-5e9abd508974,.ext-banner-logo,margin-right,margin-right,,,No
17380224-b791-4d42-9c6d-6f619753ee15,.ext-button-item,margin-right,margin-right,,,No
17380224-b791-4d42-9c6d-6f619753ee15,.ext-button-item,margin-left,margin-left,,,No
17380224-b791-4d42-9c6d-6f619753ee15,.ext-button.ext-primary:hover,transform,transform,,,No
17380224-b791-4d42-9c6d-6f619753ee15,.ext-button.ext-primary:active,transform,transform,,,No
17380224-b791-4d42-9c6d-6f619753ee15,.ext-button.ext-primary:focus,transform,transform,,,No
17380224-b791-4d42-9c6d-6f619753ee15,.ext-button.ext-primary:focus:hover,transform,transform,,,No
17380224-b791-4d42-9c6d-6f619753ee15,.ext-button.ext-secondary:hover,transform,transform,,,No
17380224-b791-4d42-9c6d-6f619753ee15,.ext-button.ext-secondary:active,transform,transform,,,No
17380224-b791-4d42-9c6d-6f619753ee15,.ext-button.ext-secondary:focus,transform,transform,,,No
17380224-b791-4d42-9c6d-6f619753ee15,.ext-button.ext-secondary:focus:hover,transform,transform,,,No
17380224-b791-4d42-9c6d-6f619753ee15,.ext-promoted-fed-cred-box,margin-top,margin-top,,,No
17380224-b791-4d42-9c6d-6f619753ee15,.ext-button-field-container,bottom,bottom,,,No
17380224-b791-4d42-9c6d-6f619753ee15,.ext-button-item,margin-right,margin-right,,,No
17380224-b791-4d42-9c6d-6f619753ee15,.ext-button-item,margin-left,margin-left,,,No
17380224-b791-4d42-9c6d-6f619753ee15,.ext-button.ext-primary:hover,transform,transform,,,No
17380224-b791-4d42-9c6d-6f619753ee15,.ext-button.ext-primary:active,transform,transform,,,No
17380224-b791-4d42-9c6d-6f619753ee15,.ext-button.ext-primary:focus,transform,transform,,,No
17380224-b791-4d42-9c6d-6f619753ee15,.ext-button.ext-primary:focus:hover,transform,transform,,,No
17380224-b791-4d42-9c6d-6f619753ee15,.ext-button.ext-secondary:hover,transform,transform,,,No
17380224-b791-4d42-9c6d-6f619753ee15,.ext-button.ext-secondary:active,transform,transform,,,No
17380224-b791-4d42-9c6d-6f619753ee15,.ext-button.ext-secondary:focus,transform,transform,,,No
17380224-b791-4d42-9c6d-6f619753ee15,.ext-button.ext-secondary:focus:hover,transform,transform,,,No
17380224-b791-4d42-9c6d-6f619753ee15,.ext-promoted-fed-cred-box,margin-top,margin-top,,,No
17380224-b791-4d42-9c6d-6f619753ee15,.ext-button-field-container,bottom,bottom,,,No
17380224-b791-4d42-9c6d-6f619753ee15,.ext-button-item,margin-right,margin-right,,,No
17380224-b791-4d42-9c6d-6f619753ee15,.ext-button-item,margin-left,margin-left,,,No
17380224-b791-4d42-9c6d-6f619753ee15,.ext-button.ext-primary:hover,transform,transform,,,No
17380224-b791-4d42-9c6d-6f619753ee15,.ext-button.ext-primary:active,transform,transform,,,No
17380224-b791-4d42-9c6d-6f619753ee15,.ext-button.ext-primary:focus,transform,transform,,,No
17380224-b791-4d42-9c6d-6f619753ee15,.ext-button.ext-primary:focus:hover,transform,transform,,,No
17380224-b791-4d42-9c6d-6f619753ee15,.ext-button.ext-secondary:hover,transform,transform,,,No
17380224-b791-4d42-9c6d-6f619753ee15,.ext-button.ext-secondary:active,transform,transform,,,No
17380224-b791-4d42-9c6d-6f619753ee15,.ext-button.ext-secondary:focus,transform,transform,,,No
17380224-b791-4d42-9c6d-6f619753ee15,.ext-button.ext-secondary:focus:hover,transform,transform,,,No
17380224-b791-4d42-9c6d-6f619753ee15,.ext-promoted-fed-cred-box,margin-top,margin-top,,,No
17380224-b791-4d42-9c6d-6f619753ee15,.ext-button-field-container,bottom,bottom,,,No
d47e6566-b661-4834-83da-9a318f93368b,import url('https: .ext-banner-logo,margin-bottom,margin-bottom,,,No
d47e6566-b661-4834-83da-9a318f93368b,.ext-title,margin-bottom,margin-bottom,,,No
d47e6566-b661-4834-83da-9a318f93368b,.ext-title,margin-top,margin-top,,,No
945f8d1a-cf13-48d0-a366-81d02da5e047,"body, html",margin,margin,,,No
945f8d1a-cf13-48d0-a366-81d02da5e047,.background,position,position,,,No
945f8d1a-cf13-48d0-a366-81d02da5e047,.corner-image,position,position,,,No
945f8d1a-cf13-48d0-a366-81d02da5e047,.left-corner,left,left,,,No
945f8d1a-cf13-48d0-a366-81d02da5e047,.left-corner,top,top,,,No
945f8d1a-cf13-48d0-a366-81d02da5e047,.top-logo,position,position,,,No
945f8d1a-cf13-48d0-a366-81d02da5e047,.top-logo,top,top,,,No
945f8d1a-cf13-48d0-a366-81d02da5e047,.top-logo,left,left,,,No
945f8d1a-cf13-48d0-a366-81d02da5e047,.top-logo,transform,transform,,,No
945f8d1a-cf13-48d0-a366-81d02da5e047,.bottom-tagline,position,position,,,No
945f8d1a-cf13-48d0-a366-81d02da5e047,.bottom-tagline,bottom,bottom,,,No
945f8d1a-cf13-48d0-a366-81d02da5e047,.bottom-tagline,left,left,,,No
945f8d1a-cf13-48d0-a366-81d02da5e047,.bottom-tagline,"transform""",transform,,,No
83a1f820-b56d-49e5-ba36-fc74183bed13,.fullwidth-carousel__image.banner_mobile,position,position,,,No
83a1f820-b56d-49e5-ba36-fc74183bed13,.fullwidth-carousel__text,position,position,,,No
abe822e2-9b4e-46fa-a75c-4f7d6f630f79,.ext-banner-logo,margin,margin,,,No
abe822e2-9b4e-46fa-a75c-4f7d6f630f79,.ext-title,margin-top,margin-top,,,No
bfef2f6c-8c56-40db-8c83-d5f52c32bb4f,import url('https: body,margin,margin,,,No
bfef2f6c-8c56-40db-8c83-d5f52c32bb4f,h1,margin-bottom,margin-bottom,,,No
bfef2f6c-8c56-40db-8c83-d5f52c32bb4f,"input[type='text'], input[type='email'], input[type='password']",margin-bottom,margin-bottom,,,No
bfef2f6c-8c56-40db-8c83-d5f52c32bb4f,button,margin-top,margin-top,,,No
bfef2f6c-8c56-40db-8c83-d5f52c32bb4f,a,"margin-top""",margin-top,,,No
508dcc50-001c-4e18-83dd-98620d9864df,.ext-button.ext-primary,position,position,,,No
508dcc50-001c-4e18-83dd-98620d9864df,".ext-button.ext-primary:hover, .ext-button.ext-primary:focus, .ext-button.ext-primary:focus:hover, .ext-button.ext-primary:active",opacity,opacity,,,No
508dcc50-001c-4e18-83dd-98620d9864df,.ext-button.ext-secondary,position,position,,,No
508dcc50-001c-4e18-83dd-98620d9864df,".ext-button.ext-secondary:hover, .ext-button.ext-secondary:focus, .ext-button.ext-secondary:focus:hover, .ext-button.ext-secondary:active","opacity""",opacity,,,No
ec5a6aca-4fb9-477e-9573-0f9a194a46db,.ext-button.ext-primary,position,position,,,No
ec5a6aca-4fb9-477e-9573-0f9a194a46db,".ext-button.ext-primary:hover, .ext-button.ext-primary:focus, .ext-button.ext-primary:focus:hover, .ext-button.ext-primary:active",opacity,opacity,,,No
ec5a6aca-4fb9-477e-9573-0f9a194a46db,.ext-button.ext-secondary,position,position,,,No
ec5a6aca-4fb9-477e-9573-0f9a194a46db,".ext-button.ext-secondary:hover, .ext-button.ext-secondary:focus, .ext-button.ext-secondary:focus:hover, .ext-button.ext-secondary:active","opacity""",opacity,,,No
41f4d2b8-9352-4780-9ece-e8f380be925c,.ext-button.ext-primary,position,position,,,No
41f4d2b8-9352-4780-9ece-e8f380be925c,".ext-button.ext-primary:hover, .ext-button.ext-primary:focus, .ext-button.ext-primary:focus:hover, .ext-button.ext-primary:active",opacity,opacity,,,No
41f4d2b8-9352-4780-9ece-e8f380be925c,.ext-button.ext-secondary,position,position,,,No
41f4d2b8-9352-4780-9ece-e8f380be925c,".ext-button.ext-secondary:hover, .ext-button.ext-secondary:focus, .ext-button.ext-secondary:focus:hover, .ext-button.ext-secondary:active","opacity""",opacity,,,No
0130cffe-22d7-4096-9ac7-6c70ec5fd796,.ext-sign-in-box,clip-path,clip-path,,,No
2f4c7f33-fbfc-4422-90ce-1132539ad1a5,.ext-banner-logo,margin-left,margin-left,,,No
2f4c7f33-fbfc-4422-90ce-1132539ad1a5,.ext-banner-logo,margin-right,margin-right,,,No
2f4c7f33-fbfc-4422-90ce-1132539ad1a5,.ext-button.ext-primary:active,transform,transform,,,No
4721330b-fc1f-4986-b6aa-10a953a824ff,body,margin,margin,,,No
4721330b-fc1f-4986-b6aa-10a953a824ff,nav a,margin-right,margin-right,,,No
4721330b-fc1f-4986-b6aa-10a953a824ff,".card, .content-block",margin-bottom,margin-bottom,,,No
4721330b-fc1f-4986-b6aa-10a953a824ff,.mt-1,margin-top,margin-top,,,No
4721330b-fc1f-4986-b6aa-10a953a824ff,.mb-2,"margin-bottom""",margin-bottom,,,No
cf7fa2a0-69d3-4d52-845c-cb995321151f,.ext-banner-logo,margin-left,margin-left,,,No
cf7fa2a0-69d3-4d52-845c-cb995321151f,.ext-banner-logo,margin-right,margin-right,,,No
8df8f2a8-cdec-4839-b019-b3fd783468e3,.ext-background-overlay,position,position,,,No
8df8f2a8-cdec-4839-b019-b3fd783468e3,.ext-background-overlay,top,top,,,No
b3a46b06-5238-409c-ba60-fc98bcd9440b,.ext-sign-in-box,margin-top,margin-top,,,No
b3a46b06-5238-409c-ba60-fc98bcd9440b,.ext-sign-in-box,margin-left,margin-left,,,No
b3a46b06-5238-409c-ba60-fc98bcd9440b,.ext-sign-in-box,margin-right,margin-right,,,No
b3a46b06-5238-409c-ba60-fc98bcd9440b,.ext-banner-logo,margin-left,margin-left,,,No
b3a46b06-5238-409c-ba60-fc98bcd9440b,.ext-banner-logo,margin-right,margin-right,,,No
e7e159c7-b756-4dea-bcef-21d26c444225,.ext-banner-logo,margin-left,margin-left,,,No
e7e159c7-b756-4dea-bcef-21d26c444225,.ext-banner-logo,margin-right,margin-right,,,No
5e555a19-83e1-472c-bf31-d91ab3aaf136,.ext-header,margin,margin,,,No
5e555a19-83e1-472c-bf31-d91ab3aaf136,.ext-error,margin-bottom,margin-bottom,,,No
a3e1338f-293c-4d62-8321-7fbbd767c697,.ext-banner-logo,margin-bottom,margin-bottom,,,No
a3e1338f-293c-4d62-8321-7fbbd767c697,.ext-header-description,margin-bottom,margin-bottom,,,No
a3e1338f-293c-4d62-8321-7fbbd767c697,.ext-password-reset-links-container,margin-top,margin-top,,,No
a3e1338f-293c-4d62-8321-7fbbd767c697,.ext-password-reset-links-container,margin-bottom,margin-bottom,,,No
a3e1338f-293c-4d62-8321-7fbbd767c697,.ext-button-item,margin-bottom,margin-bottom,,,No
a3e1338f-293c-4d62-8321-7fbbd767c697,.ext-boilerplate-text,margin-top,margin-top,,,No
a3e1338f-293c-4d62-8321-7fbbd767c697,.ext-boilerplate-text,margin-left,margin-left,,,No
a3e1338f-293c-4d62-8321-7fbbd767c697,.ext-boilerplate-text,margin-right,margin-right,,,No
a3e1338f-293c-4d62-8321-7fbbd767c697,.ext-footer,margin-top,margin-top,,,No
9cc072d9-bfb2-4a30-ad9a-a185bd2e4b07,body,margin,margin,,,No
9cc072d9-bfb2-4a30-ad9a-a185bd2e4b07,body,overflow,overflow,,,No
9cc072d9-bfb2-4a30-ad9a-a185bd2e4b07,button,margin,margin,,,No
9cc072d9-bfb2-4a30-ad9a-a185bd2e4b07,button:active,transform,transform,,,No
9cc072d9-bfb2-4a30-ad9a-a185bd2e4b07,"input[type=text], input[type=password]","margin""",margin,,,No
6143d91d-bddd-485e-ba6f-efa717e16681,.ext-sign-in-box,opacity,opacity,,,No
5c7ae73c-889c-41d0-9d41-d4a77b3dda14,h1,margin,margin,,,No
5c7ae73c-889c-41d0-9d41-d4a77b3dda14,h2,margin,margin,,,No
5c7ae73c-889c-41d0-9d41-d4a77b3dda14,h3,margin,margin,,,No
5c7ae73c-889c-41d0-9d41-d4a77b3dda14,h4,margin,margin,,,No
5c7ae73c-889c-41d0-9d41-d4a77b3dda14,h5,margin,margin,,,No
5c7ae73c-889c-41d0-9d41-d4a77b3dda14,h6,margin,margin,,,No
5c7ae73c-889c-41d0-9d41-d4a77b3dda14,p,margin,margin,,,No
5c7ae73c-889c-41d0-9d41-d4a77b3dda14,ul,margin,margin,,,No
5c7ae73c-889c-41d0-9d41-d4a77b3dda14,ul li::before,margin-left,margin-left,,,No
5c7ae73c-889c-41d0-9d41-d4a77b3dda14,"input[type=text], textarea, select, [type=password]",margin-top,margin-top,,,No
5c7ae73c-889c-41d0-9d41-d4a77b3dda14,"input[type=text], textarea, select, [type=password]",margin-bottom,margin-bottom,,,No
5c7ae73c-889c-41d0-9d41-d4a77b3dda14,.error,margin,margin,,,No
5c7ae73c-889c-41d0-9d41-d4a77b3dda14,.showcase-words,margin,margin,,,No
5c7ae73c-889c-41d0-9d41-d4a77b3dda14,.showcase-words,position,position,,,No
5c7ae73c-889c-41d0-9d41-d4a77b3dda14,.showcase-words,bottom,bottom,,,No
5c7ae73c-889c-41d0-9d41-d4a77b3dda14,.showcase-words,"right""",right,,,No
7c88cec8-6411-4f32-9333-cf6877fd3515,body,margin,margin,,,No
7c88cec8-6411-4f32-9333-cf6877fd3515,.ext-subtitle,margin-bottom,margin-bottom,,,No
7c88cec8-6411-4f32-9333-cf6877fd3515,.ext-input.ext-text-box,margin-top,margin-top,,,No
7c88cec8-6411-4f32-9333-cf6877fd3515,.ext-input.ext-text-box,margin-bottom,margin-bottom,,,No
7c88cec8-6411-4f32-9333-cf6877fd3515,.ext-button.ext-primary,margin-right,margin-right,,,No
7c88cec8-6411-4f32-9333-cf6877fd3515,.ext-button.ext-secondary,margin-right,margin-right,,,No
f9d1b93b-0ba8-4ecf-af7d-1a41dd43e4d9,.ext-banner-logo,margin-left,margin-left,,,No
f9d1b93b-0ba8-4ecf-af7d-1a41dd43e4d9,.ext-banner-logo,margin-right,margin-right,,,No
84343fd9-d0ad-4622-af1c-e3e792857278,body,margin,margin,,,No
84343fd9-d0ad-4622-af1c-e3e792857278,.header .nav a,position,position,,,No
84343fd9-d0ad-4622-af1c-e3e792857278,.header .nav a::after,position,position,,,No
84343fd9-d0ad-4622-af1c-e3e792857278,.header .nav a::after,bottom,bottom,,,No
84343fd9-d0ad-4622-af1c-e3e792857278,.header .nav a::after,left,left,,,No
84343fd9-d0ad-4622-af1c-e3e792857278,.button:hover,transform,transform,,,No
84343fd9-d0ad-4622-af1c-e3e792857278,.button:active,transform,transform,,,No
84343fd9-d0ad-4622-af1c-e3e792857278,.card,margin,margin,,,No
84343fd9-d0ad-4622-af1c-e3e792857278,.card:hover,transform,transform,,,No
84343fd9-d0ad-4622-af1c-e3e792857278,.card-title,margin-bottom,margin-bottom,,,No
84343fd9-d0ad-4622-af1c-e3e792857278,.header .nav,margin-top,margin-top,,,No
928a2a26-2df5-4ae4-ba4d-5f7cc7560ee2,body,margin,margin,,,No
928a2a26-2df5-4ae4-ba4d-5f7cc7560ee2,#container,margin,margin,,,No
928a2a26-2df5-4ae4-ba4d-5f7cc7560ee2,#container::before,margin-bottom,margin-bottom,,,No
928a2a26-2df5-4ae4-ba4d-5f7cc7560ee2,"input[type='email'], input[type='password']",margin-bottom,margin-bottom,,,No
928a2a26-2df5-4ae4-ba4d-5f7cc7560ee2,#confidentialityNotice,margin-top,margin-top,,,No
928a2a26-2df5-4ae4-ba4d-5f7cc7560ee2,#footer,"margin-top""",margin-top,,,No
e9da990e-634d-4e0c-ac80-1fa02c81b95f,.ext-promoted-fed-cred-box,overflow,overflow,,,No
e9da990e-634d-4e0c-ac80-1fa02c81b95f,.ext-banner-logo,margin,margin,,,No
1e7049db-b3d8-4bdd-b3de-bd0f5c288aea,body,margin,margin,,,No
1e7049db-b3d8-4bdd-b3de-bd0f5c288aea,h1,margin-bottom,margin-bottom,,,No
1e7049db-b3d8-4bdd-b3de-bd0f5c288aea,h2,margin-bottom,margin-bottom,,,No
1e7049db-b3d8-4bdd-b3de-bd0f5c288aea,p,margin-bottom,margin-bottom,,,No
1e7049db-b3d8-4bdd-b3de-bd0f5c288aea,a,margin-bottom,margin-bottom,,,No
1e7049db-b3d8-4bdd-b3de-bd0f5c288aea,hr,margin,margin,,,No
1e7049db-b3d8-4bdd-b3de-bd0f5c288aea,body > p,margin-top,margin-top,,,No
1e7049db-b3d8-4bdd-b3de-bd0f5c288aea,.ext-button.ext-primary,margin,margin,,,No
1e7049db-b3d8-4bdd-b3de-bd0f5c288aea,.ext-button.ext-primary:hover,transform,transform,,,No
1e7049db-b3d8-4bdd-b3de-bd0f5c288aea,strong,margin-top,margin-top,,,No
8b5d4814-726b-452e-95b7-ced692fd271c,.ext-subtitle::before,margin-bottom,margin-bottom,,,No
14390713-2c86-4e84-a04d-fbd96418e1fa,.ext-banner-logo,margin-left,margin-left,,,No
14390713-2c86-4e84-a04d-fbd96418e1fa,.ext-banner-logo,margin-right,margin-right,,,No
79972d5d-7aa6-40e9-87ff-bdbe4ad0ecaf,.ext-background-overlay,position,position,,,No
79972d5d-7aa6-40e9-87ff-bdbe4ad0ecaf,.ext-background-overlay,top,top,,,No
ee231c15-fd86-4a34-a941-67c207e93003,.ext-banner-logo,position,position,,,Yes
ee231c15-fd86-4a34-a941-67c207e93003,.ext-banner-logo,left,left,,,Yes
ee231c15-fd86-4a34-a941-67c207e93003,.ext-banner-logo,margin-bottom,margin-bottom,,,Yes
ee231c15-fd86-4a34-a941-67c207e93003,.ext-banner-logo,margin-top,margin-top,,,Yes
ee231c15-fd86-4a34-a941-67c207e93003,.ext-sign-in-box,margin-bottom,margin-bottom,,,Yes
ee231c15-fd86-4a34-a941-67c207e93003,.ext-boilerplate-text,margin-top,margin-top,,,Yes
ee231c15-fd86-4a34-a941-67c207e93003,.ext-promoted-fed-cred-box,margin-bottom,margin-bottom,,,Yes
8b047ec6-6d2e-481d-acfa-5d562c09f49a,"blockquote,body,dd,dl,fieldset,figure,h1,h2,h3,h4,h5,h6,hr,menu,ol,p,pre,ul",margin,margin,,,No
8b047ec6-6d2e-481d-acfa-5d562c09f49a,".hide-modal,.pointer-events-none",pointer-events,pointer-events,,,No
8b047ec6-6d2e-481d-acfa-5d562c09f49a,"sub,sup",position,position,,,No
8b047ec6-6d2e-481d-acfa-5d562c09f49a,sub,bottom,bottom,,,No
8b047ec6-6d2e-481d-acfa-5d562c09f49a,sup,top,top,,,No
8b047ec6-6d2e-481d-acfa-5d562c09f49a,"button,input,optgroup,select,textarea",margin,margin,,,No
8b047ec6-6d2e-481d-acfa-5d562c09f49a,"input::-moz-placeholder,textarea::-moz-placeholder",opacity,opacity,,,No
8b047ec6-6d2e-481d-acfa-5d562c09f49a,"input::placeholder,textarea::placeholder","opacity""",opacity,,,No
3a1c9918-c66f-4ea3-aa05-2c645ea77908,.ext-banner-logo,margin-left,margin-left,,,No
3a1c9918-c66f-4ea3-aa05-2c645ea77908,.ext-banner-logo,margin-right,margin-right,,,No
0d03b8ff-847f-4867-9f31-d26ff2a4b696,.ext-background-overlay,opacity,opacity,,,No
0d03b8ff-847f-4867-9f31-d26ff2a4b696,.ext-boilerplate-text p,margin-top,margin-top,,,No
0d03b8ff-847f-4867-9f31-d26ff2a4b696,.ext-boilerplate-text p,margin-bottom,margin-bottom,,,No
2ea31d1d-ad69-4e74-af6e-00c48b5edc77,.ext-banner-logo,margin-left,margin-left,,,No
2ea31d1d-ad69-4e74-af6e-00c48b5edc77,.ext-banner-logo,margin-right,margin-right,,,No
2ea31d1d-ad69-4e74-af6e-00c48b5edc77,.ext-promoted-fed-cred-box,overflow,overflow,,,No
2ea31d1d-ad69-4e74-af6e-00c48b5edc77,.ext-button.ext-primary,margin-top,margin-top,,,No
2ea31d1d-ad69-4e74-af6e-00c48b5edc77,.ext-button.ext-secondary,margin-top,margin-top,,,No
2ea31d1d-ad69-4e74-af6e-00c48b5edc77,body,margin,margin,,,No
2ea31d1d-ad69-4e74-af6e-00c48b5edc77,#signinPanel,position,position,,,No
2ea31d1d-ad69-4e74-af6e-00c48b5edc77,#signinPanel,top,top,,,No
2ea31d1d-ad69-4e74-af6e-00c48b5edc77,#signinPanel,right,right,,,No
2ea31d1d-ad69-4e74-af6e-00c48b5edc77,#signinPanel,transform,transform,,,No
2ea31d1d-ad69-4e74-af6e-00c48b5edc77,#rightStripe,position,position,,,No
2ea31d1d-ad69-4e74-af6e-00c48b5edc77,#rightStripe,top,top,,,No
2ea31d1d-ad69-4e74-af6e-00c48b5edc77,#rightStripe,right,right,,,No
e084a8c6-b2c5-41f1-a672-7dfb01468fb2,.ext-footer-content.ext-footer-item,margin,margin,,,No
24618be3-9cf0-4f96-957b-b9066b52fbb2,*,margin,margin,,,No
24618be3-9cf0-4f96-957b-b9066b52fbb2,body,margin,margin,,,No
24618be3-9cf0-4f96-957b-b9066b52fbb2,#link_to_index,margin,margin,,,No
24618be3-9cf0-4f96-957b-b9066b52fbb2,#h1_mobile,margin,margin,,,No
24618be3-9cf0-4f96-957b-b9066b52fbb2,#header_nav,margin,margin,,,No
24618be3-9cf0-4f96-957b-b9066b52fbb2,#index_header_div,position,position,,,No
24618be3-9cf0-4f96-957b-b9066b52fbb2,#index_header_div p,position,position,,,No
24618be3-9cf0-4f96-957b-b9066b52fbb2,#index_header_div p,top,top,,,No
24618be3-9cf0-4f96-957b-b9066b52fbb2,#index_header_div p,left,left,,,No
24618be3-9cf0-4f96-957b-b9066b52fbb2,#index_header_div p,transform,transform,,,No
24618be3-9cf0-4f96-957b-b9066b52fbb2,#index_slogan,position,position,,,No
24618be3-9cf0-4f96-957b-b9066b52fbb2,#index_slogan,top,top,,,No
24618be3-9cf0-4f96-957b-b9066b52fbb2,#index_slogan,left,left,,,No
24618be3-9cf0-4f96-957b-b9066b52fbb2,#index_slogan,transform,transform,,,No
24618be3-9cf0-4f96-957b-b9066b52fbb2,#index_gold_div,position,position,,,No
24618be3-9cf0-4f96-957b-b9066b52fbb2,#index_gold_div,top,top,,,No
24618be3-9cf0-4f96-957b-b9066b52fbb2,#index_gold_div,left,left,,,No
24618be3-9cf0-4f96-957b-b9066b52fbb2,#index_gold_div,transform,transform,,,No
24618be3-9cf0-4f96-957b-b9066b52fbb2,#index_gold_div,margin-top,margin-top,,,No
24618be3-9cf0-4f96-957b-b9066b52fbb2,#menu_mobile,position,position,,,No
24618be3-9cf0-4f96-957b-b9066b52fbb2,#menu_mobile,z-index,z-index,,,No
24618be3-9cf0-4f96-957b-b9066b52fbb2,#menu_mobile,right,right,,,No
24618be3-9cf0-4f96-957b-b9066b52fbb2,#menu_mobile,top,top,,,No
24618be3-9cf0-4f96-957b-b9066b52fbb2,.mobileDropDownLinks,position,position,,,No
24618be3-9cf0-4f96-957b-b9066b52fbb2,.mobileDropDownLinks,margin-top,margin-top,,,No
24618be3-9cf0-4f96-957b-b9066b52fbb2,.mobileNormalLinks,position,position,,,No
24618be3-9cf0-4f96-957b-b9066b52fbb2,.mobileNormalLinks,margin-top,margin-top,,,No
24618be3-9cf0-4f96-957b-b9066b52fbb2,#h1_mobile_green,position,position,,,No
24618be3-9cf0-4f96-957b-b9066b52fbb2,#nav_btn_mobile_green,position,position,,,No
24618be3-9cf0-4f96-957b-b9066b52fbb2,footer p,margin-left,margin-left,,,No
24618be3-9cf0-4f96-957b-b9066b52fbb2,footer h3,margin-left,margin-left,,,No
24618be3-9cf0-4f96-957b-b9066b52fbb2,footer li,margin,margin,,,No
24618be3-9cf0-4f96-957b-b9066b52fbb2,#social_media_ul li,margin,margin,,,No
24618be3-9cf0-4f96-957b-b9066b52fbb2,.sportArticle,margin,margin,,,No
24618be3-9cf0-4f96-957b-b9066b52fbb2,#index_sport article p,margin,margin,,,No
24618be3-9cf0-4f96-957b-b9066b52fbb2,#judo_article,position,position,,,No
24618be3-9cf0-4f96-957b-b9066b52fbb2,#swimming_article,position,position,,,No
24618be3-9cf0-4f96-957b-b9066b52fbb2,#kickboxing_article,position,position,,,No
24618be3-9cf0-4f96-957b-b9066b52fbb2,.indexSportsImg,margin,margin,,,No
24618be3-9cf0-4f96-957b-b9066b52fbb2,.indexSportsImg,position,position,,,No
24618be3-9cf0-4f96-957b-b9066b52fbb2,.indexSportsImg,bottom,bottom,,,No
24618be3-9cf0-4f96-957b-b9066b52fbb2,.indexSportsImg,left,left,,,No
24618be3-9cf0-4f96-957b-b9066b52fbb2,#renovations article,margin,margin,,,No
24618be3-9cf0-4f96-957b-b9066b52fbb2,#renovations article,position,position,,,No
24618be3-9cf0-4f96-957b-b9066b52fbb2,#renovations_img,position,position,,,No
24618be3-9cf0-4f96-957b-b9066b52fbb2,#renovations_img,bottom,bottom,,,No
24618be3-9cf0-4f96-957b-b9066b52fbb2,#renovations_img,left,left,,,No
24618be3-9cf0-4f96-957b-b9066b52fbb2,#open_times,margin,margin,,,No
24618be3-9cf0-4f96-957b-b9066b52fbb2,#shower_room div,margin,margin,,,No
24618be3-9cf0-4f96-957b-b9066b52fbb2,#gym_locations,margin,margin,,,No
24618be3-9cf0-4f96-957b-b9066b52fbb2,#gym_locations_countries,margin-top,margin-top,,,No
24618be3-9cf0-4f96-957b-b9066b52fbb2,#member_memberships_section div,position,position,,,No
24618be3-9cf0-4f96-957b-b9066b52fbb2,#member_memberships_section div,margin,margin,,,No
24618be3-9cf0-4f96-957b-b9066b52fbb2,#member_memberships_section h3,position,position,,,No
24618be3-9cf0-4f96-957b-b9066b52fbb2,#member_memberships_section h3,top,top,,,No
24618be3-9cf0-4f96-957b-b9066b52fbb2,#member_memberships_section h3,left,left,,,No
24618be3-9cf0-4f96-957b-b9066b52fbb2,#member_memberships_section h3,transform,transform,,,No
24618be3-9cf0-4f96-957b-b9066b52fbb2,#member_memberships_div p,position,position,,,No
24618be3-9cf0-4f96-957b-b9066b52fbb2,#member_memberships_div p,top,top,,,No
24618be3-9cf0-4f96-957b-b9066b52fbb2,#member_memberships_div p,transform,transform,,,No
24618be3-9cf0-4f96-957b-b9066b52fbb2,#member_compare_memberships,margin-top,margin-top,,,No
24618be3-9cf0-4f96-957b-b9066b52fbb2,#member_compare_memberships p,margin-top,margin-top,,,No
24618be3-9cf0-4f96-957b-b9066b52fbb2,#member_basic_membership p,margin-top,margin-top,,,No
24618be3-9cf0-4f96-957b-b9066b52fbb2,#member_bronze_membership p,margin-top,margin-top,,,No
24618be3-9cf0-4f96-957b-b9066b52fbb2,#member_silver_membership p,margin-top,margin-top,,,No
24618be3-9cf0-4f96-957b-b9066b52fbb2,#member_gold_membership p,margin-top,margin-top,,,No
24618be3-9cf0-4f96-957b-b9066b52fbb2,.memberSection,margin,margin,,,No
24618be3-9cf0-4f96-957b-b9066b52fbb2,.membershipsMain img,margin,margin,,,No
24618be3-9cf0-4f96-957b-b9066b52fbb2,.membershipsMainH2,position,position,,,No
24618be3-9cf0-4f96-957b-b9066b52fbb2,.membershipsMainH2,margin,margin,,,No
24618be3-9cf0-4f96-957b-b9066b52fbb2,.membershipsMainH2 h2,position,position,,,No
24618be3-9cf0-4f96-957b-b9066b52fbb2,.membershipsMainH2 h2,top,top,,,No
24618be3-9cf0-4f96-957b-b9066b52fbb2,.membershipsMainH2 h2,left,left,,,No
24618be3-9cf0-4f96-957b-b9066b52fbb2,.membershipsMainH2 h2,transform,transform,,,No
24618be3-9cf0-4f96-957b-b9066b52fbb2,.membershipsMainDesc,margin,margin,,,No
24618be3-9cf0-4f96-957b-b9066b52fbb2,.membershipsMainCardP,position,position,,,No
24618be3-9cf0-4f96-957b-b9066b52fbb2,.membershipsMainCardP,margin,margin,,,No
24618be3-9cf0-4f96-957b-b9066b52fbb2,.membershipsMainCardP p,position,position,,,No
24618be3-9cf0-4f96-957b-b9066b52fbb2,.membershipsMainCardP p,top,top,,,No
24618be3-9cf0-4f96-957b-b9066b52fbb2,.membershipsMainCardP p,left,left,,,No
24618be3-9cf0-4f96-957b-b9066b52fbb2,.membershipsMainCardP p,transform,transform,,,No
24618be3-9cf0-4f96-957b-b9066b52fbb2,.courseDesc,margin,margin,,,No
24618be3-9cf0-4f96-957b-b9066b52fbb2,.sportCourses2,margin,margin,,,No
24618be3-9cf0-4f96-957b-b9066b52fbb2,.sportCourses3,margin,margin,,,No
24618be3-9cf0-4f96-957b-b9066b52fbb2,.coursesComptetions,margin,margin,,,No
24618be3-9cf0-4f96-957b-b9066b52fbb2,#training_program_main>*,margin,margin,,,No
24618be3-9cf0-4f96-957b-b9066b52fbb2,#training_program_main section>*,margin,margin,,,No
24618be3-9cf0-4f96-957b-b9066b52fbb2,#training_program_main_swimming,margin-left,margin-left,,,No
24618be3-9cf0-4f96-957b-b9066b52fbb2,#training_program_main_judo,margin-right,margin-right,,,No
24618be3-9cf0-4f96-957b-b9066b52fbb2,#profile_main,margin,margin,,,No
24618be3-9cf0-4f96-957b-b9066b52fbb2,#profile_main img,margin,margin,,,No
24618be3-9cf0-4f96-957b-b9066b52fbb2,#profile_main h2,margin,margin,,,No
24618be3-9cf0-4f96-957b-b9066b52fbb2,#profile_main input,margin,margin,,,No
24618be3-9cf0-4f96-957b-b9066b52fbb2,#profile_main label,margin,margin,,,No
24618be3-9cf0-4f96-957b-b9066b52fbb2,#profile_main button,margin,margin,,,No
24618be3-9cf0-4f96-957b-b9066b52fbb2,#profile_main button:hover,opacity,opacity,,,No
24618be3-9cf0-4f96-957b-b9066b52fbb2,#info_main_questions div,margin,margin,,,No
24618be3-9cf0-4f96-957b-b9066b52fbb2,#info_main_policy div,margin,margin,,,No
24618be3-9cf0-4f96-957b-b9066b52fbb2,#info_main_policy li,margin-left,margin-left,,,No
24618be3-9cf0-4f96-957b-b9066b52fbb2,#settings_main,margin,margin,,,No
24618be3-9cf0-4f96-957b-b9066b52fbb2,#settings_main select,margin-left,margin-left,,,No
24618be3-9cf0-4f96-957b-b9066b52fbb2,#settings_main h2,margin-top,margin-top,,,No
24618be3-9cf0-4f96-957b-b9066b52fbb2,#settings_main p,margin-top,margin-top,,,No
24618be3-9cf0-4f96-957b-b9066b52fbb2,#organisation_main section,margin,margin,,,No
24618be3-9cf0-4f96-957b-b9066b52fbb2,.navListItem,margin,margin,,,No
24618be3-9cf0-4f96-957b-b9066b52fbb2,.navImg,margin-top,margin-top,,,No
24618be3-9cf0-4f96-957b-b9066b52fbb2,#settings,position,position,,,No
24618be3-9cf0-4f96-957b-b9066b52fbb2,#log_in,position,position,,,No
24618be3-9cf0-4f96-957b-b9066b52fbb2,#settings_hover_img,position,position,,,No
24618be3-9cf0-4f96-957b-b9066b52fbb2,#settings_hover_img,right,right,,,No
24618be3-9cf0-4f96-957b-b9066b52fbb2,#settings_hover_img,opacity,opacity,,,No
24618be3-9cf0-4f96-957b-b9066b52fbb2,#log_in_hover_img,position,position,,,No
24618be3-9cf0-4f96-957b-b9066b52fbb2,#log_in_hover_img,right,right,,,No
24618be3-9cf0-4f96-957b-b9066b52fbb2,#log_in_hover_img,opacity,opacity,,,No
24618be3-9cf0-4f96-957b-b9066b52fbb2,footer,margin-top,margin-top,,,No
24618be3-9cf0-4f96-957b-b9066b52fbb2,#index_sport div,margin,margin,,,No
24618be3-9cf0-4f96-957b-b9066b52fbb2,#index_sport div h2,margin-top,margin-top,,,No
24618be3-9cf0-4f96-957b-b9066b52fbb2,#shower_room,margin,margin,,,No
24618be3-9cf0-4f96-957b-b9066b52fbb2,#shower_room img,margin,margin,,,No
24618be3-9cf0-4f96-957b-b9066b52fbb2,#shower_room h3,margin,margin,,,No
24618be3-9cf0-4f96-957b-b9066b52fbb2,#shower_room p,margin,margin,,,No
24618be3-9cf0-4f96-957b-b9066b52fbb2,#member_memberships_div,margin,margin,,,No
24618be3-9cf0-4f96-957b-b9066b52fbb2,.courseDesc img,margin-left,margin-left,,,No
24618be3-9cf0-4f96-957b-b9066b52fbb2,.sportCourses3 img,margin,margin,,,No
66dc89fa-ed70-457d-9702-bc327ec49603,.ext-banner-logo,margin-left,margin-left,,,No
66dc89fa-ed70-457d-9702-bc327ec49603,.ext-banner-logo,margin-right,margin-right,,,No
56f6d8dd-74e9-43c9-8969-818d68518104,.ext-banner-logo,margin-left,margin-left,,,No
56f6d8dd-74e9-43c9-8969-818d68518104,.ext-banner-logo,margin-right,margin-right,,,No
6b8f1635-35d0-47de-af98-670a2b240abe,.ext-banner-logo,margin-left,margin-left,,,No
6b8f1635-35d0-47de-af98-670a2b240abe,.ext-banner-logo,margin-right,margin-right,,,No
359033cf-914d-4b98-980b-9700c6f7f04f,import url('https: body,margin,margin,,,No
99eee4fb-646a-4d32-ab5c-5f9e985a1b90,.ext-banner-logo,margin-top,margin-top,,,No
30be94bc-7211-46d1-a5a0-705e859fa489,.ext-background-overlay,position,position,,,No
30be94bc-7211-46d1-a5a0-705e859fa489,.ext-banner-logo,margin-left,margin-left,,,No
30be94bc-7211-46d1-a5a0-705e859fa489,.ext-banner-logo,margin-right,margin-right,,,No
f944e683-99e7-4312-b628-82b1b28bbbde,.ext-banner-logo,margin-left,margin-left,,,No
f944e683-99e7-4312-b628-82b1b28bbbde,.ext-banner-logo,margin-right,margin-right,,,No
189afc5f-0f6f-43fb-8781-014793796d7b,.ext-banner-logo,margin-left,margin-left,,,No
189afc5f-0f6f-43fb-8781-014793796d7b,.ext-banner-logo,margin-right,margin-right,,,No
9ff76c8a-2f85-47b2-a2e3-23ebd7c3e501,.ext-header,margin-top,margin-top,,,No
9ff76c8a-2f85-47b2-a2e3-23ebd7c3e501,.ext-header,position,position,,,No
1c784f76-60d6-4a82-996f-82ee027e5d08,.ext-sign-in-box,opacity,opacity,,,No
c04fd280-be73-4a38-a4fe-f9a874e399ef,body,margin,margin,,,No
c04fd280-be73-4a38-a4fe-f9a874e399ef,".ext-header-logo, .ext-banner-logo",margin,margin,,,No
c04fd280-be73-4a38-a4fe-f9a874e399ef,.ext-password-reset-links-container,margin-top,margin-top,,,No
c04fd280-be73-4a38-a4fe-f9a874e399ef,.ext-button.ext-primary,"margin""",margin,,,No
d0cbdf3c-8a94-4d94-98e5-b7eac4f2fadd,body,margin,margin,,,No
d0cbdf3c-8a94-4d94-98e5-b7eac4f2fadd,button,margin,margin,,,No
d0cbdf3c-8a94-4d94-98e5-b7eac4f2fadd,.card,margin,margin,,,No
d0cbdf3c-8a94-4d94-98e5-b7eac4f2fadd,footer,position,position,,,No
d0cbdf3c-8a94-4d94-98e5-b7eac4f2fadd,footer,bottom,bottom,,,No
d0cbdf3c-8a94-4d94-98e5-b7eac4f2fadd,"input[type='text'], input[type='email'], textarea","margin-bottom""",margin-bottom,,,No
f6e417c5-1a6c-49a8-807f-ba4d1e188479,.ext-title,margin-bottom,margin-bottom,,,No
f6e417c5-1a6c-49a8-807f-ba4d1e188479,.ext-boilerplate-text,margin-top,margin-top,,,No
f6e417c5-1a6c-49a8-807f-ba4d1e188479,.ext-promoted-fed-cred-box,margin-top,margin-top,,,No
5fc113d8-9a04-4198-9046-d2f0b1061d27,#logo,filter,filter,,,No
afc0b3f4-227d-46e0-8ab5-39e6cabcf63b,.ext-header-logo,margin,margin,,,No
fff7cfe8-d84c-4a9c-b4db-5299c2e8f74e,.header,position,position,,,No
fff7cfe8-d84c-4a9c-b4db-5299c2e8f74e,.header,top,top,,,No
fff7cfe8-d84c-4a9c-b4db-5299c2e8f74e,.header,left,left,,,No
fff7cfe8-d84c-4a9c-b4db-5299c2e8f74e,.header,z-index,z-index,,,No
fff7cfe8-d84c-4a9c-b4db-5299c2e8f74e,.header-logo,opacity,opacity,,,No
fff7cfe8-d84c-4a9c-b4db-5299c2e8f74e,.ext-header,position,position,,,No
fff7cfe8-d84c-4a9c-b4db-5299c2e8f74e,.ext-header,top,top,,,No
fff7cfe8-d84c-4a9c-b4db-5299c2e8f74e,.ext-header,left,left,,,No
fff7cfe8-d84c-4a9c-b4db-5299c2e8f74e,.ext-header,z-index,z-index,,,No
fff7cfe8-d84c-4a9c-b4db-5299c2e8f74e,.ext-header,filter,filter,,,No
fff7cfe8-d84c-4a9c-b4db-5299c2e8f74e,.ext-header-logo,opacity,opacity,,,No
f32cc153-e857-4bae-87ca-0199e1c5dfed,from,transform,transform,,,No
f32cc153-e857-4bae-87ca-0199e1c5dfed,to,transform,transform,,,No
0b5b5667-a9f4-4a58-9889-fc9ab35fdc35,.ext-banner-logo,margin-left,margin-left,,,No
0b5b5667-a9f4-4a58-9889-fc9ab35fdc35,.ext-banner-logo,margin-right,margin-right,,,No
872332d5-815b-4332-b267-4abed3749eb0,body,margin,margin,,,No
872332d5-815b-4332-b267-4abed3749eb0,".ext-header-logo, .ext-banner-logo",margin,margin,,,No
872332d5-815b-4332-b267-4abed3749eb0,.ext-password-reset-links-container,margin-top,margin-top,,,No
872332d5-815b-4332-b267-4abed3749eb0,.ext-button.ext-primary,"margin""",margin,,,No
0a0ba87d-f284-4664-b53e-a0a236095ad4,.random-class-3,margin,margin,,,No
345cd18b-5bee-4ac4-b729-a3f7059a28f3,#lightbox,margin,margin,,,No
345cd18b-5bee-4ac4-b729-a3f7059a28f3,#idSIButton9:hover,transform,transform,,,No
78a6eb5d-4bf4-4990-acff-08d25e7265d3,.ext-banner-logo,margin-left,margin-left,,,No
78a6eb5d-4bf4-4990-acff-08d25e7265d3,.ext-banner-logo,margin-right,margin-right,,,No
3a168d93-9064-447d-9ccd-02f611f2726a,.banner-logo,margin-bottom,margin-bottom,,,No
de0d3a65-5bca-4ee6-a3d9-70cf0cdb326c,.ext-banner-logo,margin-left,margin-left,,,No
de0d3a65-5bca-4ee6-a3d9-70cf0cdb326c,.ext-banner-logo,margin-right,margin-right,,,No
a04ebd18-baa5-4a60-b8f1-702fbb144a46,"h1, h2, h3, h4, h5, h6",margin-top,margin-top,,,No
a04ebd18-baa5-4a60-b8f1-702fbb144a46,"button:hover, input[type='button']:hover, input[type='submit']:hover, input[type='reset']:hover, .ms-Button:hover","filter""",filter,,,No
d78b2bf6-959c-4efb-96cf-73eaff027b8b,.ext-banner-logo,margin-top,margin-top,,,No
bc5d1932-a3ca-484c-93f2-2d67fddd5803,.identity,margin-top,margin-top,,,No
bc5d1932-a3ca-484c-93f2-2d67fddd5803,.banner-logo,margin,margin,,,No
e568db56-a27c-4377-bdaa-c3adcff0bab1,.ext-banner-logo,margin-left,margin-left,,,No
e568db56-a27c-4377-bdaa-c3adcff0bab1,.ext-banner-logo,margin-right,margin-right,,,No
1fc5dfc2-4e9a-4d7c-8b26-96e393d8d561,.ext-banner-logo,margin-left,margin-left,,,No
1fc5dfc2-4e9a-4d7c-8b26-96e393d8d561,.ext-banner-logo,margin-right,margin-right,,,No
a1db0dfc-4208-48f2-85e5-9c2ca5b0f4b1,.ext-header-logo,margin,margin,,,No
a1db0dfc-4208-48f2-85e5-9c2ca5b0f4b1,.ext-title,margin-bottom,margin-bottom,,,No
a1db0dfc-4208-48f2-85e5-9c2ca5b0f4b1,.ext-subtitle,margin-bottom,margin-bottom,,,No
a1db0dfc-4208-48f2-85e5-9c2ca5b0f4b1,.ext-input.ext-text-box,margin-bottom,margin-bottom,,,No
a1db0dfc-4208-48f2-85e5-9c2ca5b0f4b1,.ext-input.ext-text-box::placeholder,opacity,opacity,,,No
a1db0dfc-4208-48f2-85e5-9c2ca5b0f4b1,.ext-button.ext-primary,margin-top,margin-top,,,No
a1db0dfc-4208-48f2-85e5-9c2ca5b0f4b1,.ext-button.ext-secondary,margin-top,margin-top,,,No
a1db0dfc-4208-48f2-85e5-9c2ca5b0f4b1,.ext-footer,margin-top,margin-top,,,No
5dc7f20e-1c70-43d6-9eed-165a811fbfa4,.ext-button.ext-primary:hover,translate,translate,,,No
5dc7f20e-1c70-43d6-9eed-165a811fbfa4,.ext-button.ext-secondary:hover,transform,transform,,,No
65540b28-e15c-4070-864b-e4bf8af7e53e,.ext-banner-logo,margin-left,margin-left,,,No
65540b28-e15c-4070-864b-e4bf8af7e53e,.ext-banner-logo,margin-right,margin-right,,,No
65540b28-e15c-4070-864b-e4bf8af7e53e,.ext-title,margin-top,margin-top,,,No
2a7b87a1-c649-41fd-aec3-b9215c5a678f,.ext-banner-logo,margin-left,margin-left,,,No
2a7b87a1-c649-41fd-aec3-b9215c5a678f,.ext-banner-logo,margin-right,margin-right,,,No
07773ec1-8fa1-47b4-8e07-fadeb2b8905d,.ext-banner-logo,margin-left,margin-left,,,No
07773ec1-8fa1-47b4-8e07-fadeb2b8905d,.ext-banner-logo,margin-right,margin-right,,,No
e3bf0573-d789-4529-92a8-26d54b1aac87,.ext-banner-logo,margin-left,margin-left,,,No
e3bf0573-d789-4529-92a8-26d54b1aac87,.ext-banner-logo,margin-right,margin-right,,,No
e3bf0573-d789-4529-92a8-26d54b1aac87,.ext-button.ext-primary:active,transform,transform,,,No
3bdf19c9-9d07-418f-b5b8-349fcb352a34,.ext-banner-logo,margin-left,margin-left,,,No
3bdf19c9-9d07-418f-b5b8-349fcb352a34,.ext-banner-logo,margin-right,margin-right,,,No
3bdf19c9-9d07-418f-b5b8-349fcb352a34,.ext-button.ext-primary:active,transform,transform,,,No
98f3bc65-757e-480e-9afc-485d71b10e29,.ext-banner-logo,margin,margin,,,No
d381929b-e691-4ffa-b826-b9b67055d3f4,*,margin,margin,,,No
d381929b-e691-4ffa-b826-b9b67055d3f4,#noScript,margin,margin,,,No
d381929b-e691-4ffa-b826-b9b67055d3f4,#branding,margin-right,margin-right,,,No
d381929b-e691-4ffa-b826-b9b67055d3f4,#branding,margin-left,margin-left,,,No
d381929b-e691-4ffa-b826-b9b67055d3f4,#contentWrapper,position,position,,,No
d381929b-e691-4ffa-b826-b9b67055d3f4,#contentWrapper,overflow,overflow,,,No
d381929b-e691-4ffa-b826-b9b67055d3f4,#contentWrapper,margin-left,margin-left,,,No
d381929b-e691-4ffa-b826-b9b67055d3f4,#contentWrapper,margin-right,margin-right,,,No
d381929b-e691-4ffa-b826-b9b67055d3f4,#content,margin,margin,,,No
d381929b-e691-4ffa-b826-b9b67055d3f4,#header,margin-bottom,margin-bottom,,,No
d381929b-e691-4ffa-b826-b9b67055d3f4,#header,overflow,overflow,,,No
d381929b-e691-4ffa-b826-b9b67055d3f4,#workArea,margin-bottom,margin-bottom,,,No
d381929b-e691-4ffa-b826-b9b67055d3f4,#footer,position,position,,,No
d381929b-e691-4ffa-b826-b9b67055d3f4,.indent,margin-left,margin-left,,,No
d381929b-e691-4ffa-b826-b9b67055d3f4,.actionLink,margin-bottom,margin-bottom,,,No
d381929b-e691-4ffa-b826-b9b67055d3f4,"h1,h2,h3,h4,h5,label",margin-bottom,margin-bottom,,,No
d381929b-e691-4ffa-b826-b9b67055d3f4,.submitMargin,margin-top,margin-top,,,No
d381929b-e691-4ffa-b826-b9b67055d3f4,.submitMargin,margin-bottom,margin-bottom,,,No
d381929b-e691-4ffa-b826-b9b67055d3f4,.topFieldMargin,margin-top,margin-top,,,No
d381929b-e691-4ffa-b826-b9b67055d3f4,.fieldMargin,margin-bottom,margin-bottom,,,No
d381929b-e691-4ffa-b826-b9b67055d3f4,.groupMargin,margin-bottom,margin-bottom,,,No
d381929b-e691-4ffa-b826-b9b67055d3f4,.sectionMargin,margin-bottom,margin-bottom,,,No
d381929b-e691-4ffa-b826-b9b67055d3f4,.smallTopSpacing,margin-top,margin-top,,,No
d381929b-e691-4ffa-b826-b9b67055d3f4,.mediumTopSpacing,margin-top,margin-top,,,No
d381929b-e691-4ffa-b826-b9b67055d3f4,.largeTopSpacing,margin-top,margin-top,,,No
d381929b-e691-4ffa-b826-b9b67055d3f4,.smallBottomSpacing,margin-bottom,margin-bottom,,,No
d381929b-e691-4ffa-b826-b9b67055d3f4,.mediumBottomSpacing,margin-bottom,margin-bottom,,,No
d381929b-e691-4ffa-b826-b9b67055d3f4,.largeBottomSpacing,margin-bottom,margin-bottom,,,No
d381929b-e691-4ffa-b826-b9b67055d3f4,input,margin-bottom,margin-bottom,,,No
d381929b-e691-4ffa-b826-b9b67055d3f4,"input[type='radio'], input[type='checkbox']",margin-bottom,margin-bottom,,,No
d381929b-e691-4ffa-b826-b9b67055d3f4,"span.submit, input[type='submit']",margin-bottom,margin-bottom,,,No
d381929b-e691-4ffa-b826-b9b67055d3f4,select,margin-bottom,margin-bottom,,,No
d381929b-e691-4ffa-b826-b9b67055d3f4,select,overflow,overflow,,,No
d381929b-e691-4ffa-b826-b9b67055d3f4,.idp,overflow,overflow,,,No
d381929b-e691-4ffa-b826-b9b67055d3f4,#contentWrapper,margin,margin,,,No
d381929b-e691-4ffa-b826-b9b67055d3f4,"#content, #footer, #header",margin-left,margin-left,,,No
d381929b-e691-4ffa-b826-b9b67055d3f4,"#content, #footer, #header",margin-right,margin-right,,,No
d381929b-e691-4ffa-b826-b9b67055d3f4,"#content, #footer",margin-right,margin-right,,,No
d381929b-e691-4ffa-b826-b9b67055d3f4,"#content, #footer",margin-left,margin-left,,,No
d381929b-e691-4ffa-b826-b9b67055d3f4,.fullWidth,margin-left,margin-left,,,No
d381929b-e691-4ffa-b826-b9b67055d3f4,.fullWidth,"margin-right""",margin-right,,,No
98870e44-b4fe-4f2d-94be-968144eac314,.background-overlay,filter,filter,,,No
98870e44-b4fe-4f2d-94be-968144eac314,.background-overlay,position,position,,,No
98870e44-b4fe-4f2d-94be-968144eac314,.background-overlay,top,top,,,No
1090de08-2d67-4c8a-8314-ac3144e99928,.ext-banner-logo,margin-left,margin-left,,,No
1090de08-2d67-4c8a-8314-ac3144e99928,.ext-banner-logo,margin-right,margin-right,,,No
5ad05137-505d-4da4-9948-d42c1dbd09b8,.login-header,margin-bottom,margin-bottom,,,No
5ad05137-505d-4da4-9948-d42c1dbd09b8,.login-container,margin,margin,,,No
34f1cdbe-f633-4330-9d7f-e526310d23ec,div#loginPanel,margin,margin,,,No
34f1cdbe-f633-4330-9d7f-e526310d23ec,div#loginPanel:before,margin,margin,,,No
34f1cdbe-f633-4330-9d7f-e526310d23ec,div#loginPanel h2,margin-bottom,margin-bottom,,,No
34f1cdbe-f633-4330-9d7f-e526310d23ec,a#forgotPassword,margin-top,margin-top,,,No
cda4f315-9b46-4307-8773-320d20c1624b,.ext-banner-logo,margin,margin,,,No
cda4f315-9b46-4307-8773-320d20c1624b,.ext-button-item,margin,margin,,,No
cda4f315-9b46-4307-8773-320d20c1624b,.ext-footer-content.ext-footer-item,margin,margin,,,No
e69b54f9-08f9-4e8f-9021-0dc8a43fcf49,.ext-background-overlay,position,position,,,No
e69b54f9-08f9-4e8f-9021-0dc8a43fcf49,.ext-background-overlay,top,top,,,No
1159e12e-876d-4d59-b2ab-8007b336d129,#bannerLogo,margin-left,margin-left,,,No
1159e12e-876d-4d59-b2ab-8007b336d129,#bannerLogo,margin-right,margin-right,,,No
1159e12e-876d-4d59-b2ab-8007b336d129,#bannerLogo,margin-bottom,margin-bottom,,,No
1159e12e-876d-4d59-b2ab-8007b336d129,#displayName,margin-top,margin-top,,,No
1159e12e-876d-4d59-b2ab-8007b336d129,#lightbox,position,position,,,No
1159e12e-876d-4d59-b2ab-8007b336d129,#lightbox,top,top,,,No
1159e12e-876d-4d59-b2ab-8007b336d129,#lightbox,left,left,,,No
1159e12e-876d-4d59-b2ab-8007b336d129,#lightbox,transform,transform,,,No
eb20f31c-2f48-40b5-a8b3-b54863f469f4,.ext-boilerplate-text,margin,margin,,,No
66715709-1a45-4097-b07d-7d44a56a0c22,.ext-banner-logo,margin-left,margin-left,,,No
66715709-1a45-4097-b07d-7d44a56a0c22,.ext-banner-logo,margin-right,margin-right,,,No
03565d81-aca5-48c5-802f-bf28118a7aca,.ext-banner-logo,margin-left,margin-left,,,No
03565d81-aca5-48c5-802f-bf28118a7aca,.ext-banner-logo,margin-right,margin-right,,,No
d1a76425-7ed1-4b71-99ec-865e4ec3bd72,.ext-banner-logo,margin-left,margin-left,,,No
d1a76425-7ed1-4b71-99ec-865e4ec3bd72,.ext-banner-logo,margin-right,margin-right,,,No
414e19c5-4ea5-4f34-9e31-c9216b882628,.ext-banner-logo,margin-left,margin-left,,,No
414e19c5-4ea5-4f34-9e31-c9216b882628,.ext-banner-logo,margin-right,margin-right,,,No
5a03a130-b257-465d-9a9a-f440cc3aa218,.ext-banner-logo,margin-left,margin-left,,,No
5a03a130-b257-465d-9a9a-f440cc3aa218,.ext-banner-logo,margin-right,margin-right,,,No
7ecb010c-a11c-463d-8a9e-78d3c4fafb03,.ext-banner-logo,margin-bottom,margin-bottom,,,No
7ecb010c-a11c-463d-8a9e-78d3c4fafb03,.ext-button.ext-primary,margin-right,margin-right,,,No
7ecb010c-a11c-463d-8a9e-78d3c4fafb03,.ext-button.ext-secondary,margin-right,margin-right,,,No
7ecb010c-a11c-463d-8a9e-78d3c4fafb03,#credentialList .tile,margin-bottom,margin-bottom,,,No
7ecb010c-a11c-463d-8a9e-78d3c4fafb03,.ext-sign-in-box,margin,margin,,,No
7ecb010c-a11c-463d-8a9e-78d3c4fafb03,".ext-button.ext-primary, .ext-button.ext-secondary","margin-right""",margin-right,,,No
165b9a18-e02c-4e6a-8a72-48c81928a528,.ext-banner-logo,margin-left,margin-left,,,No
165b9a18-e02c-4e6a-8a72-48c81928a528,.ext-banner-logo,margin-right,margin-right,,,No
165b9a18-e02c-4e6a-8a72-48c81928a528,.ext-promoted-fed-cred-box,margin-top,margin-top,,,No
cc20912f-dde5-48ad-a8cb-d7e6923084af,.ext-sign-in-box,opacity,opacity,,,No
27495db2-7d99-48d5-9b90-30f0b60e24a7,.ext-background-overlay,opacity,opacity,,,No
27495db2-7d99-48d5-9b90-30f0b60e24a7,.ext-boilerplate-text p,margin-top,margin-top,,,No
27495db2-7d99-48d5-9b90-30f0b60e24a7,.ext-boilerplate-text p,margin-bottom,margin-bottom,,,No
abdea313-10fa-4cb7-b4bd-068b87744dba,.ext-promoted-fed-cred-box,overflow,overflow,,,No
7da2d80e-57f8-4d1b-aef1-8e87d17ad58d,.ext-sign-in-box,opacity,opacity,,,No
7da2d80e-57f8-4d1b-aef1-8e87d17ad58d,.ext-promoted-fed-cred-box,opacity,opacity,,,No
7da2d80e-57f8-4d1b-aef1-8e87d17ad58d,.ext-promoted-fed-cred-box,overflow,overflow,,,No
fc35a1af-cc02-44d6-b389-322d6d9edb3a,.ext-banner-logo,margin-left,margin-left,,,No
fc35a1af-cc02-44d6-b389-322d6d9edb3a,.ext-banner-logo,margin-right,margin-right,,,No
444abc9a-e2eb-480a-96f3-d272d54f0329,.ext-banner-logo,margin-left,margin-left,,,No
444abc9a-e2eb-480a-96f3-d272d54f0329,.ext-banner-logo,margin-right,margin-right,,,No
b93661d2-3225-41d9-85fa-409963394cd4,.header-logo,margin-bottom,margin-bottom,,,No
f5ad5515-9be6-4e72-a409-a26ca6921278,.ext-banner-logo,margin-left,margin-left,,,No
f5ad5515-9be6-4e72-a409-a26ca6921278,.ext-banner-logo,margin-right,margin-right,,,No
ff64195b-d6bc-4df5-8e8a-bcae0f42dcbe,.background-overlay,filter,filter,,,No
ff64195b-d6bc-4df5-8e8a-bcae0f42dcbe,.background-overlay,position,position,,,No
ff64195b-d6bc-4df5-8e8a-bcae0f42dcbe,.background-overlay,top,top,,,No
3d5791ba-c440-4efc-bd0c-f753e8d4947f,.ext-banner-logo,margin-left,margin-left,,,No
3d5791ba-c440-4efc-bd0c-f753e8d4947f,.ext-banner-logo,margin-right,margin-right,,,No
3fff3a33-6687-402c-8afa-d166ae6f9138,.custom-message,margin-top,margin-top,,,No
f4cfdaf4-09c6-486b-adf5-5baf880ab4c9,.ext-banner-logo,margin-left,margin-left,,,No
f4cfdaf4-09c6-486b-adf5-5baf880ab4c9,.ext-banner-logo,margin-right,margin-right,,,No
c32a8d5d-56d9-412a-995f-d3199b3a2aaa,.ext-button,margin,margin,,,No
c32a8d5d-56d9-412a-995f-d3199b3a2aaa,main,margin,margin,,,No
8c06ed51-a2f4-4317-b407-87226d173fb9,.ext-banner-logo,margin,margin,,,No
8c06ed51-a2f4-4317-b407-87226d173fb9,.ext-button.ext-primary:hover,transform,transform,,,No
8c06ed51-a2f4-4317-b407-87226d173fb9,.ext-button.ext-secondary:hover,transform,transform,,,No
53b2762d-0d65-4946-9656-6073dffb99e3,body,margin,margin,,,No
53b2762d-0d65-4946-9656-6073dffb99e3,".ext-password-heading, .ext-subtitle, h2[role='heading'], h2[aria-level='2']",margin-bottom,margin-bottom,,,No
53b2762d-0d65-4946-9656-6073dffb99e3,.custom-checkbox,position,position,,,No
53b2762d-0d65-4946-9656-6073dffb99e3,.custom-checkbox input[type='checkbox'],opacity,opacity,,,No
53b2762d-0d65-4946-9656-6073dffb99e3,.custom-checkbox span,position,position,,,No
53b2762d-0d65-4946-9656-6073dffb99e3,.custom-checkbox span,top,top,,,No
53b2762d-0d65-4946-9656-6073dffb99e3,.custom-checkbox span,left,left,,,No
53b2762d-0d65-4946-9656-6073dffb99e3,.custom-checkbox input:checked + span::after,position,position,,,No
53b2762d-0d65-4946-9656-6073dffb99e3,.custom-checkbox input:checked + span::after,left,left,,,No
53b2762d-0d65-4946-9656-6073dffb99e3,.custom-checkbox input:checked + span::after,top,top,,,No
53b2762d-0d65-4946-9656-6073dffb99e3,.custom-checkbox input:checked + span::after,"transform""",transform,,,No
c106bea4-1f84-4792-ab17-934055e33ea2,.ext-banner-logo,margin-left,margin-left,,,No
c106bea4-1f84-4792-ab17-934055e33ea2,.ext-banner-logo,margin-right,margin-right,,,No
c106bea4-1f84-4792-ab17-934055e33ea2,.ext-title,margin,margin,,,No
c106bea4-1f84-4792-ab17-934055e33ea2,.ext-button.ext-primary,opacity,opacity,,,No
c106bea4-1f84-4792-ab17-934055e33ea2,.ext-button.ext-secondary,opacity,opacity,,,No
c106bea4-1f84-4792-ab17-934055e33ea2,.ext-boilerplate-text,opacity,opacity,,,No
569c9cf4-2a92-41f8-b655-2938267193e2,.ext-sign-in-box,opacity,opacity,,,No
569c9cf4-2a92-41f8-b655-2938267193e2,.ext-banner-logo,margin-left,margin-left,,,No
569c9cf4-2a92-41f8-b655-2938267193e2,.ext-banner-logo,margin-right,margin-right,,,No
8c444ba2-b294-4579-a79b-edb6f94a056d,.ext-password-reset-links-container,pointer-events,pointer-events,,,No
eb6daaf5-b0b6-4d73-99a7-f7c6009d461e,.ext-banner-logo,margin-left,margin-left,,,No
eb6daaf5-b0b6-4d73-99a7-f7c6009d461e,.ext-banner-logo,margin-right,margin-right,,,No
74c13226-4759-485e-8f04-a349851e73ac,.ext-banner-logo,margin-left,margin-left,,,No
74c13226-4759-485e-8f04-a349851e73ac,.ext-banner-logo,margin-right,margin-right,,,No
386135e0-5b71-4eee-b9d4-8afb2ad11a90,.ext-banner-logo,margin-left,margin-left,,,No
386135e0-5b71-4eee-b9d4-8afb2ad11a90,.ext-banner-logo,margin-right,margin-right,,,No
db136c95-5f0c-4b85-9eee-60470e8fc4c6,.ext-banner-logo,margin,margin,,,No
b1d076ba-e751-458d-bb3c-057aea8e2f71,body,margin,margin,,,No
b1d076ba-e751-458d-bb3c-057aea8e2f71,.ext-vertical-split-background-image-container,position,position,,,No
b1d076ba-e751-458d-bb3c-057aea8e2f71,.ext-vertical-split-background-image-container::before,position,position,,,No
b1d076ba-e751-458d-bb3c-057aea8e2f71,.ext-vertical-split-background-image-container::before,top,top,,,No
b1d076ba-e751-458d-bb3c-057aea8e2f71,.ext-vertical-split-background-image-container::before,left,left,,,No
b1d076ba-e751-458d-bb3c-057aea8e2f71,.ext-vertical-split-background-image-container::before,right,right,,,No
b1d076ba-e751-458d-bb3c-057aea8e2f71,.ext-vertical-split-background-image-container::before,bottom,bottom,,,No
b1d076ba-e751-458d-bb3c-057aea8e2f71,.ext-banner-logo,margin-bottom,margin-bottom,,,No
b1d076ba-e751-458d-bb3c-057aea8e2f71,.ext-title,margin,margin,,,No
b1d076ba-e751-458d-bb3c-057aea8e2f71,.ext-subtitle,margin,margin,,,No
b1d076ba-e751-458d-bb3c-057aea8e2f71,.ext-header-description,margin,margin,,,No
b1d076ba-e751-458d-bb3c-057aea8e2f71,.ext-error,margin,margin,,,No
b1d076ba-e751-458d-bb3c-057aea8e2f71,.ext-error::before,margin-right,margin-right,,,No
b1d076ba-e751-458d-bb3c-057aea8e2f71,.ext-password-reset-links-container,margin,margin,,,No
b1d076ba-e751-458d-bb3c-057aea8e2f71,.ext-button-field-container,margin-top,margin-top,,,No
b1d076ba-e751-458d-bb3c-057aea8e2f71,.ext-button.ext-primary:hover,transform,transform,,,No
b1d076ba-e751-458d-bb3c-057aea8e2f71,.ext-button.ext-primary:active,transform,transform,,,No
b1d076ba-e751-458d-bb3c-057aea8e2f71,.ext-button.ext-primary:disabled,opacity,opacity,,,No
b1d076ba-e751-458d-bb3c-057aea8e2f71,.ext-button.ext-secondary:disabled,opacity,opacity,,,No
b1d076ba-e751-458d-bb3c-057aea8e2f71,.ext-boilerplate-text,margin-top,margin-top,,,No
b1d076ba-e751-458d-bb3c-057aea8e2f71,.ext-promoted-fed-cred-box,margin,margin,,,No
b1d076ba-e751-458d-bb3c-057aea8e2f71,to,transform,transform,,,No
b1d076ba-e751-458d-bb3c-057aea8e2f71,label,margin-bottom,margin-bottom,,,No
b1d076ba-e751-458d-bb3c-057aea8e2f71,.ext-divider,margin,margin,,,No
b1d076ba-e751-458d-bb3c-057aea8e2f71,.ext-divider::before,margin-right,margin-right,,,No
b1d076ba-e751-458d-bb3c-057aea8e2f71,.ext-divider::after,margin-left,margin-left,,,No
b1d076ba-e751-458d-bb3c-057aea8e2f71,.ext-success,margin,margin,,,No
b1d076ba-e751-458d-bb3c-057aea8e2f71,.ext-success::before,margin-right,margin-right,,,No
b1d076ba-e751-458d-bb3c-057aea8e2f71,.ext-info,margin,margin,,,No
b1d076ba-e751-458d-bb3c-057aea8e2f71,.ext-info::before,margin-right,margin-right,,,No
3918e665-36f5-48ea-abc1-035e42f98139,.ext-banner-logo,margin-left,margin-left,,,No
3918e665-36f5-48ea-abc1-035e42f98139,.ext-banner-logo,margin-right,margin-right,,,No
3918e665-36f5-48ea-abc1-035e42f98139,.ext-button.ext-primary:active,transform,transform,,,No
ea63d09c-c5e2-4dec-894a-99076147a8a7,.ext-banner-logo,margin,margin,,,No
09e89d02-ee53-4258-b2ed-0590d72a6f21,.ext-footer-links,position,position,,,No
09e89d02-ee53-4258-b2ed-0590d72a6f21,.ext-footer-links,left,left,,,No
09e89d02-ee53-4258-b2ed-0590d72a6f21,.ext-footer-links,top,top,,,No
09e89d02-ee53-4258-b2ed-0590d72a6f21,.ext-banner-logo,position,position,,,No
09e89d02-ee53-4258-b2ed-0590d72a6f21,.ext-banner-logo,top,top,,,No
09e89d02-ee53-4258-b2ed-0590d72a6f21,.ext-banner-logo,left,left,,,No
3ac3ea06-2549-4cf3-abe7-2a800480df42,.ext-banner-logo,margin-left,margin-left,,,No
3ac3ea06-2549-4cf3-abe7-2a800480df42,.ext-banner-logo,margin-right,margin-right,,,No
58fcd222-6d5f-4b13-b968-a38020f4ca41,.ext-banner-logo,margin-left,margin-left,,,Yes
58fcd222-6d5f-4b13-b968-a38020f4ca41,.ext-banner-logo,margin-right,margin-right,,,Yes
109ff0b7-4e9a-4d9b-a184-527cb216384e,.ext-banner-logo,margin-left,margin-left,,,No
109ff0b7-4e9a-4d9b-a184-527cb216384e,.ext-banner-logo,margin-right,margin-right,,,No
701d5853-d2b9-492b-bdaf-c2798d82d328,.ext-header-logo,margin-top,margin-top,,,No
8fd8cbd2-9d80-4cd7-8c93-4d7e2911e242,.ext-sign-in-box,position,position,,,No
8fd8cbd2-9d80-4cd7-8c93-4d7e2911e242,.ext-sign-in-box,top,top,,,No
8fd8cbd2-9d80-4cd7-8c93-4d7e2911e242,.ext-sign-in-box,left,left,,,No
8fd8cbd2-9d80-4cd7-8c93-4d7e2911e242,.ext-sign-in-box,margin,margin,,,No
8fd8cbd2-9d80-4cd7-8c93-4d7e2911e242,.ext-banner-logo,margin-left,margin-left,,,No
8fd8cbd2-9d80-4cd7-8c93-4d7e2911e242,.ext-banner-logo,margin-right,margin-right,,,No
8fd8cbd2-9d80-4cd7-8c93-4d7e2911e242,.ext-sign-in-box,opacity,opacity,,,No
8fd8cbd2-9d80-4cd7-8c93-4d7e2911e242,.ext-sign-in-box:hover,opacity,opacity,,,No
8fd8cbd2-9d80-4cd7-8c93-4d7e2911e242,.ext-button-field-container,margin-top,margin-top,,,No
8fd8cbd2-9d80-4cd7-8c93-4d7e2911e242,.ext-button,margin,margin,,,No
8fd8cbd2-9d80-4cd7-8c93-4d7e2911e242,main,margin,margin,,,No
1f1844e2-46eb-478d-8fb8-c78cd4e63d3d,.ext-sign-in-box,opacity,opacity,,,No
632c5c6a-de3d-4bd5-aca4-d7d935afe0e1,.ext-background-image,filter,filter,,,No
02b935d4-81c2-41b1-b57d-56f797ae6be5,.ext-banner-logo,margin-left,margin-left,,,No
02b935d4-81c2-41b1-b57d-56f797ae6be5,.ext-banner-logo,margin-right,margin-right,,,No
b00fba27-a8cc-4217-9d41-684b4a5f2a1a,.ext-banner-logo,margin-left,margin-left,,,No
b00fba27-a8cc-4217-9d41-684b4a5f2a1a,.ext-banner-logo,margin-right,margin-right,,,No
8f617d43-7c54-44e9-bc01-0c0c44cb3715,.ext-banner-logo,margin-left,margin-left,,,No
8f617d43-7c54-44e9-bc01-0c0c44cb3715,.ext-banner-logo,margin-right,margin-right,,,No
8f617d43-7c54-44e9-bc01-0c0c44cb3715,.ext-button.ext-primary:active,transform,transform,,,No
8f617d43-7c54-44e9-bc01-0c0c44cb3715,.ext-button.ext-secondary:active,transform,transform,,,No
1e05dce7-b969-461f-b156-d03afa6b0a2b,.ext-banner-logo,margin,margin,,,No
4891cfae-c0d3-4847-9776-5733463b889a,.placeholder-Container,position,position,,,No
e9f7a2f7-d1dd-4d80-8c5a-9b9eae07db0e,.ext-boilerplate-text,margin,margin,,,No
e9f7a2f7-d1dd-4d80-8c5a-9b9eae07db0e,.ext-promoted-fed-cred-box,margin-top,margin-top,,,No
f0e12d68-1078-4f05-b253-992eb121a913,.ext-boilerplate-text,margin-top,margin-top,,,Yes
e3376daf-bd81-4775-a2f3-4564a259605d,".companyLogo, .banner-logo, .branding-wrapper","margin""",margin,,,No
746b2dd4-f5f6-47e9-b014-d169b0fa9f80,.lm-entra-hero,margin,margin,,,No
746b2dd4-f5f6-47e9-b014-d169b0fa9f80,.lm-entra-hero .content,margin,margin,,,No
746b2dd4-f5f6-47e9-b014-d169b0fa9f80,.lm-brand-lockup,position,position,,,No
746b2dd4-f5f6-47e9-b014-d169b0fa9f80,.lm-brand-lockup,right,right,,,No
746b2dd4-f5f6-47e9-b014-d169b0fa9f80,.lm-brand-lockup,bottom,bottom,,,No
746b2dd4-f5f6-47e9-b014-d169b0fa9f80,.lm-brand-lockup,pointer-events,pointer-events,,,No
746b2dd4-f5f6-47e9-b014-d169b0fa9f80,"a, .lm-link",opacity,opacity,,,No
746b2dd4-f5f6-47e9-b014-d169b0fa9f80,"a:hover, .lm-link:hover",opacity,opacity,,,No
746b2dd4-f5f6-47e9-b014-d169b0fa9f80,.lm-button:hover,"transform""",transform,,,No
75571c40-763d-48df-bfff-df9182c04138,.ext-button.ext-primary:hover,transform,transform,,,No
75571c40-763d-48df-bfff-df9182c04138,.ext-button.ext-primary:focus:hover,transform,transform,,,No
75571c40-763d-48df-bfff-df9182c04138,.ext-button.ext-secondary:hover,transform,transform,,,No
ed9496e1-5c62-4666-b750-6494354f4560,.slick-slider,position,position,,,No
ed9496e1-5c62-4666-b750-6494354f4560,.slick-list,position,position,,,No
ed9496e1-5c62-4666-b750-6494354f4560,.slick-list,overflow,overflow,,,No
ed9496e1-5c62-4666-b750-6494354f4560,.slick-list,margin,margin,,,No
ed9496e1-5c62-4666-b750-6494354f4560,".slick-slider .slick-track, .slick-slider .slick-list",transform,transform,,,No
ed9496e1-5c62-4666-b750-6494354f4560,.slick-track,position,position,,,No
ed9496e1-5c62-4666-b750-6494354f4560,.slick-track,top,top,,,No
ed9496e1-5c62-4666-b750-6494354f4560,.slick-track,left,left,,,No
ed9496e1-5c62-4666-b750-6494354f4560,.slick-slide.dragging img,"pointer-events""",pointer-events,,,No
03cd4379-fb69-4d46-bbe2-9b9545fa221f,.ext-banner-logo,margin,margin,,,No
50756f74-6da6-4317-aa2e-957b2b367b8a,.ext-banner-logo,margin-left,margin-left,,,No
50756f74-6da6-4317-aa2e-957b2b367b8a,.ext-banner-logo,margin-right,margin-right,,,No
6eb5c3b7-90d3-4622-a720-772bcc98b5b5,.banner-logo,position,position,,,No
6eb5c3b7-90d3-4622-a720-772bcc98b5b5,.banner-logo,left,left,,,No
61bcb1d2-437c-4245-899e-c9ee73884a07,.ext-background-overlay,opacity,opacity,,,No
61bcb1d2-437c-4245-899e-c9ee73884a07,.ext-boilerplate-text p,margin-top,margin-top,,,No
61bcb1d2-437c-4245-899e-c9ee73884a07,.ext-boilerplate-text p,margin-bottom,margin-bottom,,,No
4988f031-381a-4da2-b02f-30cc63a14f90,.ext-banner-logo,top,top,,,No
4988f031-381a-4da2-b02f-30cc63a14f90,.ext-banner-logo,left,left,,,No
4988f031-381a-4da2-b02f-30cc63a14f90,.ext-banner-logo,position,position,,,No
4988f031-381a-4da2-b02f-30cc63a14f90,.ext-button.ext-primary,position,position,,,No
4988f031-381a-4da2-b02f-30cc63a14f90,.ext-button.ext-secondary,position,position,,,No
4988f031-381a-4da2-b02f-30cc63a14f90,.ext-sign-in-box,margin,margin,,,No
4988f031-381a-4da2-b02f-30cc63a14f90,.ext-boilerplate-text,margin,margin,,,No
4988f031-381a-4da2-b02f-30cc63a14f90,.ext-promoted-fed-cred-box,margin-bottom,margin-bottom,,,No
4988f031-381a-4da2-b02f-30cc63a14f90,.ext-banner-logo,top,top,,,No
4988f031-381a-4da2-b02f-30cc63a14f90,.ext-banner-logo,left,left,,,No
4988f031-381a-4da2-b02f-30cc63a14f90,.ext-banner-logo,position,position,,,No
4988f031-381a-4da2-b02f-30cc63a14f90,.ext-button.ext-primary,position,position,,,No
4988f031-381a-4da2-b02f-30cc63a14f90,.ext-button.ext-secondary,position,position,,,No
4988f031-381a-4da2-b02f-30cc63a14f90,.ext-sign-in-box,margin,margin,,,No
4988f031-381a-4da2-b02f-30cc63a14f90,.ext-boilerplate-text,margin,margin,,,No
4988f031-381a-4da2-b02f-30cc63a14f90,.ext-promoted-fed-cred-box,margin-bottom,margin-bottom,,,No
4988f031-381a-4da2-b02f-30cc63a14f90,.ext-banner-logo,top,top,,,No
4988f031-381a-4da2-b02f-30cc63a14f90,.ext-banner-logo,left,left,,,No
4988f031-381a-4da2-b02f-30cc63a14f90,.ext-banner-logo,position,position,,,No
4988f031-381a-4da2-b02f-30cc63a14f90,.ext-button.ext-primary,position,position,,,No
4988f031-381a-4da2-b02f-30cc63a14f90,.ext-button.ext-secondary,position,position,,,No
4988f031-381a-4da2-b02f-30cc63a14f90,.ext-sign-in-box,margin,margin,,,No
4988f031-381a-4da2-b02f-30cc63a14f90,.ext-boilerplate-text,margin,margin,,,No
4988f031-381a-4da2-b02f-30cc63a14f90,.ext-promoted-fed-cred-box,margin-bottom,margin-bottom,,,No
414156b4-fa33-456e-aa75-c882d2f524c7,.ext-sign-in-box,margin,margin,,,No
9916e3a0-d5c7-4684-8a57-5b925fd213f2,.ext-title,margin-bottom,margin-bottom,,,No
9916e3a0-d5c7-4684-8a57-5b925fd213f2,.ext-button.ext-primary:active,transform,transform,,,No
9916e3a0-d5c7-4684-8a57-5b925fd213f2,.ext-error,margin-top,margin-top,,,No
27d71789-4f75-47b1-8cfc-945e178e04e4,body,margin,margin,,,No
27d71789-4f75-47b1-8cfc-945e178e04e4,#content,margin,margin,,,No
27d71789-4f75-47b1-8cfc-945e178e04e4,.input-field,margin,margin,,,No
27d71789-4f75-47b1-8cfc-945e178e04e4,.error-message,margin-top,margin-top,,,No
27d71789-4f75-47b1-8cfc-945e178e04e4,.loading,opacity,opacity,,,No
27d71789-4f75-47b1-8cfc-945e178e04e4,.loading,pointer-events,pointer-events,,,No
27d71789-4f75-47b1-8cfc-945e178e04e4,0%,transform,transform,,,No
27d71789-4f75-47b1-8cfc-945e178e04e4,100%,transform,transform,,,No
27d71789-4f75-47b1-8cfc-945e178e04e4,.visually-hidden,position,position,,,No
27d71789-4f75-47b1-8cfc-945e178e04e4,.visually-hidden,margin,margin,,,No
27d71789-4f75-47b1-8cfc-945e178e04e4,.visually-hidden,overflow,overflow,,,No
8392ed03-7f96-414a-bc94-4f16dc0b9cf4,"a, a:link",margin-bottom,margin-bottom,,,No
8392ed03-7f96-414a-bc94-4f16dc0b9cf4,.ext-banner-logo,margin-bottom,margin-bottom,,,No
8392ed03-7f96-414a-bc94-4f16dc0b9cf4,.ext-header-description,margin-bottom,margin-bottom,,,No
8392ed03-7f96-414a-bc94-4f16dc0b9cf4,.ext-input.ext-text-box,margin-bottom,margin-bottom,,,No
8392ed03-7f96-414a-bc94-4f16dc0b9cf4,.ext-button-field-container,"position""",position,,,No
fad83d41-719c-4c88-ba67-db6f3e6903ed,.ext-header-logo img,filter,filter,,,No
37c9dee6-9e6e-4ab4-9f37-b5bae67e7af3,.ext-title,margin,margin,,,No
37c9dee6-9e6e-4ab4-9f37-b5bae67e7af3,.ext-button.ext-primary:active,transform,transform,,,No
59ec72b7-e82c-4235-b225-4f4da4460ff8,.ext-banner-logo,margin-left,margin-left,,,No
59ec72b7-e82c-4235-b225-4f4da4460ff8,.ext-banner-logo,margin-right,margin-right,,,No
59ec72b7-e82c-4235-b225-4f4da4460ff8,.ext-banner-logo,margin-bottom,margin-bottom,,,No
513adf77-f668-4236-b8ca-69a3fa99220c,.ext-banner-logo,position,position,,,No
513adf77-f668-4236-b8ca-69a3fa99220c,.ext-banner-logo,bottom,bottom,,,No
e880f0e6-8d29-4675-8fbc-326eb670c840,.ext-background-overlay,filter,filter,,,No
e880f0e6-8d29-4675-8fbc-326eb670c840,.ext-background-overlay,position,position,,,No
e880f0e6-8d29-4675-8fbc-326eb670c840,.ext-background-overlay,top,top,,,No
39b394c3-96d3-4e51-b78f-8105a10f0bd5,.ext-background-overlay,opacity,opacity,,,No
e3da82c1-83fc-43de-ad22-1a0a859fadd5,.ext-banner-logo,margin-left,margin-left,,,No
e3da82c1-83fc-43de-ad22-1a0a859fadd5,.ext-banner-logo,margin-right,margin-right,,,No
5abbf2f8-c20f-4349-81db-1bb940bb9ffa,body,margin,margin,,,No
5abbf2f8-c20f-4349-81db-1bb940bb9ffa,body,overflow,overflow,,,No
5abbf2f8-c20f-4349-81db-1bb940bb9ffa,".pageConatiner, .pageContainer, [data-viewid]",margin,margin,,,No
5abbf2f8-c20f-4349-81db-1bb940bb9ffa,body::before,position,position,,,No
5abbf2f8-c20f-4349-81db-1bb940bb9ffa,body::before,top,top,,,No
5abbf2f8-c20f-4349-81db-1bb940bb9ffa,body::before,left,left,,,No
5abbf2f8-c20f-4349-81db-1bb940bb9ffa,body::before,z-index,z-index,,,No
5abbf2f8-c20f-4349-81db-1bb940bb9ffa,body::after,position,position,,,No
5abbf2f8-c20f-4349-81db-1bb940bb9ffa,body::after,top,top,,,No
5abbf2f8-c20f-4349-81db-1bb940bb9ffa,body::after,left,left,,,No
5abbf2f8-c20f-4349-81db-1bb940bb9ffa,body::after,opacity,opacity,,,No
5abbf2f8-c20f-4349-81db-1bb940bb9ffa,body::after,z-index,z-index,,,No
5abbf2f8-c20f-4349-81db-1bb940bb9ffa,".pageContainer::before, [data-viewid]::before",position,position,,,No
5abbf2f8-c20f-4349-81db-1bb940bb9ffa,".pageContainer::before, [data-viewid]::before",top,top,,,No
5abbf2f8-c20f-4349-81db-1bb940bb9ffa,".pageContainer::before, [data-viewid]::before",left,left,,,No
5abbf2f8-c20f-4349-81db-1bb940bb9ffa,".pageContainer::before, [data-viewid]::before",z-index,z-index,,,No
5abbf2f8-c20f-4349-81db-1bb940bb9ffa,".pageContainer::after, [data-viewid]::after",position,position,,,No
5abbf2f8-c20f-4349-81db-1bb940bb9ffa,".pageContainer::after, [data-viewid]::after",top,top,,,No
5abbf2f8-c20f-4349-81db-1bb940bb9ffa,".pageContainer::after, [data-viewid]::after",left,left,,,No
5abbf2f8-c20f-4349-81db-1bb940bb9ffa,".pageContainer::after, [data-viewid]::after",z-index,z-index,,,No
5abbf2f8-c20f-4349-81db-1bb940bb9ffa,"0%, 100%",transform,transform,,,No
5abbf2f8-c20f-4349-81db-1bb940bb9ffa,50%,transform,transform,,,No
5abbf2f8-c20f-4349-81db-1bb940bb9ffa,body > div:first-child::before,position,position,,,No
5abbf2f8-c20f-4349-81db-1bb940bb9ffa,body > div:first-child::before,top,top,,,No
5abbf2f8-c20f-4349-81db-1bb940bb9ffa,body > div:first-child::before,left,left,,,No
5abbf2f8-c20f-4349-81db-1bb940bb9ffa,body > div:first-child::before,z-index,z-index,,,No
5abbf2f8-c20f-4349-81db-1bb940bb9ffa,0%,opacity,opacity,,,No
5abbf2f8-c20f-4349-81db-1bb940bb9ffa,0%,transform,transform,,,No
5abbf2f8-c20f-4349-81db-1bb940bb9ffa,100%,opacity,opacity,,,No
5abbf2f8-c20f-4349-81db-1bb940bb9ffa,100%,transform,transform,,,No
5abbf2f8-c20f-4349-81db-1bb940bb9ffa,".inner, .self_asserted_container, .panel, form, #api, .api, [role='main'], .entry, .entry-item",position,position,,,No
5abbf2f8-c20f-4349-81db-1bb940bb9ffa,".inner, .self_asserted_container, .panel, form, #api, .api, [role='main'], .entry, .entry-item",right,right,,,No
5abbf2f8-c20f-4349-81db-1bb940bb9ffa,".inner, .self_asserted_container, .panel, form, #api, .api, [role='main'], .entry, .entry-item",top,top,,,No
5abbf2f8-c20f-4349-81db-1bb940bb9ffa,".inner, .self_asserted_container, .panel, form, #api, .api, [role='main'], .entry, .entry-item",margin,margin,,,No
5abbf2f8-c20f-4349-81db-1bb940bb9ffa,".panel-default, .panel",margin,margin,,,No
5abbf2f8-c20f-4349-81db-1bb940bb9ffa,"h1, h2, .intro h2, .heading",margin-bottom,margin-bottom,,,No
5abbf2f8-c20f-4349-81db-1bb940bb9ffa,".intro p, .subheading",margin-bottom,margin-bottom,,,No
5abbf2f8-c20f-4349-81db-1bb940bb9ffa,"input[type='email'], input[type='text'], input[type='password'], .entry-item input",margin-bottom,margin-bottom,,,No
5abbf2f8-c20f-4349-81db-1bb940bb9ffa,label,margin-bottom,margin-bottom,,,No
5abbf2f8-c20f-4349-81db-1bb940bb9ffa,"button[type='submit'], .button, button.btn, button#next, #next",margin-top,margin-top,,,No
5abbf2f8-c20f-4349-81db-1bb940bb9ffa,"button[type='submit']:hover, .button:hover, button.btn:hover, button#next:hover, #next:hover",transform,transform,,,No
5abbf2f8-c20f-4349-81db-1bb940bb9ffa,".error, .error-msg",margin-top,margin-top,,,No
5abbf2f8-c20f-4349-81db-1bb940bb9ffa,.success,margin-top,margin-top,,,No
5abbf2f8-c20f-4349-81db-1bb940bb9ffa,".social button, button[data-provider]",margin-bottom,margin-bottom,,,No
5abbf2f8-c20f-4349-81db-1bb940bb9ffa,.claims-provider-list-buttons,margin-top,margin-top,,,No
5abbf2f8-c20f-4349-81db-1bb940bb9ffa,".inner, .self_asserted_container, .panel, form, #api, .api, [role='main'], .entry, .entry-item","left""",left,,,No
ad3441ec-18c5-4c04-8adf-a871475ff83e,.ext-title,margin-bottom,margin-bottom,,,No
ad3441ec-18c5-4c04-8adf-a871475ff83e,.ext-title,margin-top,margin-top,,,No
ad3441ec-18c5-4c04-8adf-a871475ff83e,.ext-button,margin,margin,,,No
ad3441ec-18c5-4c04-8adf-a871475ff83e,.ext-button.ext-primary,margin,margin,,,No
ad3441ec-18c5-4c04-8adf-a871475ff83e,.ext-button.ext-primary:hover,margin,margin,,,No
ad3441ec-18c5-4c04-8adf-a871475ff83e,.ext-button.ext-primary:focus,margin,margin,,,No
ad3441ec-18c5-4c04-8adf-a871475ff83e,.ext-button.ext-primary:focus:hover,margin,margin,,,No
ad3441ec-18c5-4c04-8adf-a871475ff83e,.ext-button.ext-primary:active,margin,margin,,,No
ad3441ec-18c5-4c04-8adf-a871475ff83e,.ext-button.ext-secondary,margin,margin,,,No
ad3441ec-18c5-4c04-8adf-a871475ff83e,.ext-button.ext-secondary:hover,margin,margin,,,No
ad3441ec-18c5-4c04-8adf-a871475ff83e,.ext-button.ext-secondary:focus,margin,margin,,,No
ad3441ec-18c5-4c04-8adf-a871475ff83e,.ext-button.ext-secondary:focus:hover,margin,margin,,,No
ad3441ec-18c5-4c04-8adf-a871475ff83e,.ext-button.ext-secondary:active,margin,margin,,,No
c0cedcf1-0bb8-4e05-a241-a8b0ae475224,.ext-banner-logo,margin-left,margin-left,,,No
c0cedcf1-0bb8-4e05-a241-a8b0ae475224,.ext-banner-logo,margin-right,margin-right,,,No
c0cedcf1-0bb8-4e05-a241-a8b0ae475224,.ext-promoted-fed-cred-box,overflow,overflow,,,No
c0cedcf1-0bb8-4e05-a241-a8b0ae475224,.ext-button.ext-primary,margin-top,margin-top,,,No
c0cedcf1-0bb8-4e05-a241-a8b0ae475224,.ext-button.ext-secondary,margin-top,margin-top,,,No
efe550ad-734d-4027-96e8-8dbb164241d4,.ext-background-overlay,opacity,opacity,,,No
efe550ad-734d-4027-96e8-8dbb164241d4,.ext-boilerplate-text p,margin-top,margin-top,,,No
efe550ad-734d-4027-96e8-8dbb164241d4,.ext-boilerplate-text p,margin-bottom,margin-bottom,,,No
1994c699-0090-4d80-9714-b673f08a3ea7,.ext-header,z-index,z-index,,,No
1994c699-0090-4d80-9714-b673f08a3ea7,.ext-header,position,position,,,No
1994c699-0090-4d80-9714-b673f08a3ea7,.ext-sign-in-box,z-index,z-index,,,No
1994c699-0090-4d80-9714-b673f08a3ea7,.ext-promoted-fed-cred-box,z-index,z-index,,,No
1994c699-0090-4d80-9714-b673f08a3ea7,.ext-footer,z-index,z-index,,,No
1994c699-0090-4d80-9714-b673f08a3ea7,.ext-footer.ext-has-background,z-index,z-index,,,No
1994c699-0090-4d80-9714-b673f08a3ea7,.ext-footer-links,margin-right,margin-right,,,No
1994c699-0090-4d80-9714-b673f08a3ea7,.ext-footer-links,margin-left,margin-left,,,No
82d3d75e-c5fb-43b5-a6ce-743c62127b6f,.ext-header-logo,margin-left,margin-left,,,No
1a74ae36-58a2-4815-9955-6cda2951901b,.ext-header-logo,margin-top,margin-top,,,No
1a74ae36-58a2-4815-9955-6cda2951901b,.ext-error,margin-bottom,margin-bottom,,,No
1a74ae36-58a2-4815-9955-6cda2951901b,.ext-header-logo,margin-top,margin-top,,,No
1a74ae36-58a2-4815-9955-6cda2951901b,.ext-error,margin-bottom,margin-bottom,,,No
0853a2b1-bf4b-46ec-8f2a-45ff8fe3ffac,body,margin,margin,,,No
0853a2b1-bf4b-46ec-8f2a-45ff8fe3ffac,".login-container, .login-wrapper",margin,margin,,,No
0853a2b1-bf4b-46ec-8f2a-45ff8fe3ffac,"input[type='text'], input[type='password'], .form-control",margin-bottom,margin-bottom,,,No
0853a2b1-bf4b-46ec-8f2a-45ff8fe3ffac,".branding-logo img, .login-logo img",margin-bottom,margin-bottom,,,No
0853a2b1-bf4b-46ec-8f2a-45ff8fe3ffac,".footer, .login-footer",margin-top,margin-top,,,No
0853a2b1-bf4b-46ec-8f2a-45ff8fe3ffac,label,"margin-bottom""",margin-bottom,,,No
3beb167b-b672-4659-9aaa-b4cb23289fbf,.boilerplate-text,margin,margin,,,No
d43b420e-d114-4600-a0e9-79b144a6b74e,.ext-banner-logo,margin-left,margin-left,,,No
d43b420e-d114-4600-a0e9-79b144a6b74e,.ext-banner-logo,margin-right,margin-right,,,No
525e9c34-ba0f-4d67-82b6-acda016765d2,".inner, .sign-in-box",margin-left,margin-left,,,No
525e9c34-ba0f-4d67-82b6-acda016765d2,".inner, .sign-in-box",margin-right,margin-right,,,No
525e9c34-ba0f-4d67-82b6-acda016765d2,".inner, .sign-in-box",position,position,,,No
525e9c34-ba0f-4d67-82b6-acda016765d2,".inner, .sign-in-box",margin-bottom,margin-bottom,,,No
525e9c34-ba0f-4d67-82b6-acda016765d2,".inner, .sign-in-box",overflow,overflow,,,No
525e9c34-ba0f-4d67-82b6-acda016765d2,.button-container,position,position,,,No
525e9c34-ba0f-4d67-82b6-acda016765d2,.button-container,bottom,bottom,,,No
525e9c34-ba0f-4d67-82b6-acda016765d2,.button-container,"right""",right,,,No
42445f8d-05f8-4356-87f6-ea45bbe6e80f,.ext-banner-logo,margin-left,margin-left,,,No
42445f8d-05f8-4356-87f6-ea45bbe6e80f,.ext-banner-logo,margin-right,margin-right,,,No
6f7be0a2-03a2-4854-99a6-e218493dfc19,.ext-background-overlay,position,position,,,No
6f7be0a2-03a2-4854-99a6-e218493dfc19,.ext-background-overlay,top,top,,,No
2a50d403-50c1-463a-8424-cbf62f9e74ea,.ext-background-overlay,position,position,,,No
2a50d403-50c1-463a-8424-cbf62f9e74ea,.ext-background-overlay,top,top,,,No
76a56f15-6f7d-473b-a605-406735212ff5,.fancybox-enabled,overflow,overflow,,,No
76a56f15-6f7d-473b-a605-406735212ff5,.fancybox-enabled body,overflow,overflow,,,No
76a56f15-6f7d-473b-a605-406735212ff5,.fancybox-is-hidden,position,position,,,No
76a56f15-6f7d-473b-a605-406735212ff5,.fancybox-is-hidden,top,top,,,No
76a56f15-6f7d-473b-a605-406735212ff5,.fancybox-is-hidden,left,left,,,No
76a56f15-6f7d-473b-a605-406735212ff5,.fancybox-container,position,position,,,No
76a56f15-6f7d-473b-a605-406735212ff5,.fancybox-container,top,top,,,No
76a56f15-6f7d-473b-a605-406735212ff5,.fancybox-container,left,left,,,No
76a56f15-6f7d-473b-a605-406735212ff5,.fancybox-container,z-index,z-index,,,No
76a56f15-6f7d-473b-a605-406735212ff5,.fancybox-container,transform,transform,,,No
76a56f15-6f7d-473b-a605-406735212ff5,.fancybox-container~.fancybox-container,z-index,z-index,,,No
76a56f15-6f7d-473b-a605-406735212ff5,".fancybox-bg,.fancybox-inner,.fancybox-outer,.fancybox-stage",position,position,,,No
76a56f15-6f7d-473b-a605-406735212ff5,".fancybox-bg,.fancybox-inner,.fancybox-outer,.fancybox-stage",top,top,,,No
76a56f15-6f7d-473b-a605-406735212ff5,".fancybox-bg,.fancybox-inner,.fancybox-outer,.fancybox-stage",right,right,,,No
76a56f15-6f7d-473b-a605-406735212ff5,".fancybox-bg,.fancybox-inner,.fancybox-outer,.fancybox-stage",bottom,bottom,,,No
76a56f15-6f7d-473b-a605-406735212ff5,".fancybox-bg,.fancybox-inner,.fancybox-outer,.fancybox-stage",left,left,,,No
76a56f15-6f7d-473b-a605-406735212ff5,.fancybox-bg,opacity,opacity,,,No
76a56f15-6f7d-473b-a605-406735212ff5,.fancybox-is-open .fancybox-bg,opacity,opacity,,,No
76a56f15-6f7d-473b-a605-406735212ff5,".fancybox-caption-wrap,.fancybox-infobar,.fancybox-toolbar",position,position,,,No
76a56f15-6f7d-473b-a605-406735212ff5,".fancybox-caption-wrap,.fancybox-infobar,.fancybox-toolbar",z-index,z-index,,,No
76a56f15-6f7d-473b-a605-406735212ff5,".fancybox-caption-wrap,.fancybox-infobar,.fancybox-toolbar",opacity,opacity,,,No
76a56f15-6f7d-473b-a605-406735212ff5,".fancybox-show-caption .fancybox-caption-wrap,.fancybox-show-infobar .fancybox-infobar,.fancybox-show-toolbar .fancybox-toolbar",opacity,opacity,,,No
76a56f15-6f7d-473b-a605-406735212ff5,.fancybox-infobar,top,top,,,No
76a56f15-6f7d-473b-a605-406735212ff5,.fancybox-infobar,left,left,,,No
76a56f15-6f7d-473b-a605-406735212ff5,.fancybox-infobar,margin-left,margin-left,,,No
76a56f15-6f7d-473b-a605-406735212ff5,.fancybox-infobar__body,pointer-events,pointer-events,,,No
76a56f15-6f7d-473b-a605-406735212ff5,.fancybox-toolbar,top,top,,,No
76a56f15-6f7d-473b-a605-406735212ff5,.fancybox-toolbar,right,right,,,No
76a56f15-6f7d-473b-a605-406735212ff5,.fancybox-stage,overflow,overflow,,,No
76a56f15-6f7d-473b-a605-406735212ff5,.fancybox-stage,z-index,z-index,,,No
76a56f15-6f7d-473b-a605-406735212ff5,.fancybox-slide,position,position,,,No
76a56f15-6f7d-473b-a605-406735212ff5,.fancybox-slide,top,top,,,No
76a56f15-6f7d-473b-a605-406735212ff5,.fancybox-slide,left,left,,,No
76a56f15-6f7d-473b-a605-406735212ff5,.fancybox-slide,margin,margin,,,No
76a56f15-6f7d-473b-a605-406735212ff5,.fancybox-slide,overflow,overflow,,,No
76a56f15-6f7d-473b-a605-406735212ff5,.fancybox-slide,z-index,z-index,,,No
76a56f15-6f7d-473b-a605-406735212ff5,.fancybox-slide--image,overflow,overflow,,,No
76a56f15-6f7d-473b-a605-406735212ff5,.fancybox-slide--next,z-index,z-index,,,No
76a56f15-6f7d-473b-a605-406735212ff5,.fancybox-slide>div,position,position,,,No
76a56f15-6f7d-473b-a605-406735212ff5,.fancybox-slide>div,margin,margin,,,No
76a56f15-6f7d-473b-a605-406735212ff5,.fancybox-slide>div,overflow,overflow,,,No
76a56f15-6f7d-473b-a605-406735212ff5,.fancybox-slide .fancybox-image-wrap,position,position,,,No
76a56f15-6f7d-473b-a605-406735212ff5,.fancybox-slide .fancybox-image-wrap,top,top,,,No
76a56f15-6f7d-473b-a605-406735212ff5,.fancybox-slide .fancybox-image-wrap,left,left,,,No
76a56f15-6f7d-473b-a605-406735212ff5,.fancybox-slide .fancybox-image-wrap,margin,margin,,,No
76a56f15-6f7d-473b-a605-406735212ff5,.fancybox-slide .fancybox-image-wrap,z-index,z-index,,,No
76a56f15-6f7d-473b-a605-406735212ff5,.fancybox-slide .fancybox-image-wrap,overflow,overflow,,,No
76a56f15-6f7d-473b-a605-406735212ff5,".fancybox-image,.fancybox-spaceball",position,position,,,No
76a56f15-6f7d-473b-a605-406735212ff5,".fancybox-image,.fancybox-spaceball",top,top,,,No
76a56f15-6f7d-473b-a605-406735212ff5,".fancybox-image,.fancybox-spaceball",left,left,,,No
76a56f15-6f7d-473b-a605-406735212ff5,".fancybox-image,.fancybox-spaceball",margin,margin,,,No
76a56f15-6f7d-473b-a605-406735212ff5,.fancybox-spaceball,z-index,z-index,,,No
76a56f15-6f7d-473b-a605-406735212ff5,.fancybox-slide--iframe .fancybox-content,overflow,overflow,,,No
76a56f15-6f7d-473b-a605-406735212ff5,".fancybox-error,.fancybox-iframe",margin,margin,,,No
76a56f15-6f7d-473b-a605-406735212ff5,.fancybox-error p,margin,margin,,,No
76a56f15-6f7d-473b-a605-406735212ff5,.fancybox-close-small,position,position,,,No
76a56f15-6f7d-473b-a605-406735212ff5,.fancybox-close-small,top,top,,,No
76a56f15-6f7d-473b-a605-406735212ff5,.fancybox-close-small,right,right,,,No
76a56f15-6f7d-473b-a605-406735212ff5,.fancybox-close-small,margin,margin,,,No
76a56f15-6f7d-473b-a605-406735212ff5,.fancybox-close-small,z-index,z-index,,,No
76a56f15-6f7d-473b-a605-406735212ff5,.fancybox-close-small:after,position,position,,,No
76a56f15-6f7d-473b-a605-406735212ff5,.fancybox-close-small:after,top,top,,,No
76a56f15-6f7d-473b-a605-406735212ff5,.fancybox-close-small:after,right,right,,,No
76a56f15-6f7d-473b-a605-406735212ff5,.fancybox-close-small:after,z-index,z-index,,,No
76a56f15-6f7d-473b-a605-406735212ff5,.fancybox-slide--iframe .fancybox-close-small,top,top,,,No
76a56f15-6f7d-473b-a605-406735212ff5,.fancybox-slide--iframe .fancybox-close-small,right,right,,,No
76a56f15-6f7d-473b-a605-406735212ff5,.fancybox-caption-wrap,bottom,bottom,,,No
76a56f15-6f7d-473b-a605-406735212ff5,.fancybox-caption-wrap,left,left,,,No
76a56f15-6f7d-473b-a605-406735212ff5,.fancybox-caption-wrap,right,right,,,No
76a56f15-6f7d-473b-a605-406735212ff5,.fancybox-caption-wrap,pointer-events,pointer-events,,,No
76a56f15-6f7d-473b-a605-406735212ff5,".fancybox-caption a,.fancybox-caption button,.fancybox-caption select",pointer-events,pointer-events,,,No
76a56f15-6f7d-473b-a605-406735212ff5,.fancybox-button,position,position,,,No
76a56f15-6f7d-473b-a605-406735212ff5,.fancybox-button,margin,margin,,,No
76a56f15-6f7d-473b-a605-406735212ff5,.fancybox-button[disabled],pointer-events,pointer-events,,,No
76a56f15-6f7d-473b-a605-406735212ff5,".fancybox-button:after,.fancybox-button:before",pointer-events,pointer-events,,,No
76a56f15-6f7d-473b-a605-406735212ff5,".fancybox-button:after,.fancybox-button:before",position,position,,,No
76a56f15-6f7d-473b-a605-406735212ff5,".fancybox-button:after,.fancybox-button:before",opacity,opacity,,,No
76a56f15-6f7d-473b-a605-406735212ff5,".fancybox-button[disabled]:after,.fancybox-button[disabled]:before",opacity,opacity,,,No
76a56f15-6f7d-473b-a605-406735212ff5,".fancybox-button--left:after,.fancybox-button--right:after",top,top,,,No
76a56f15-6f7d-473b-a605-406735212ff5,.fancybox-button--left:after,left,left,,,No
76a56f15-6f7d-473b-a605-406735212ff5,.fancybox-button--left:after,transform,transform,,,No
76a56f15-6f7d-473b-a605-406735212ff5,.fancybox-button--right:after,right,right,,,No
76a56f15-6f7d-473b-a605-406735212ff5,.fancybox-button--right:after,transform,transform,,,No
76a56f15-6f7d-473b-a605-406735212ff5,".fancybox-button--close:after,.fancybox-button--close:before",position,position,,,No
76a56f15-6f7d-473b-a605-406735212ff5,".fancybox-button--close:after,.fancybox-button--close:before",top,top,,,No
76a56f15-6f7d-473b-a605-406735212ff5,".fancybox-button--close:after,.fancybox-button--close:before",left,left,,,No
76a56f15-6f7d-473b-a605-406735212ff5,.fancybox-button--close:before,transform,transform,,,No
76a56f15-6f7d-473b-a605-406735212ff5,.fancybox-button--close:after,transform,transform,,,No
76a56f15-6f7d-473b-a605-406735212ff5,.fancybox-arrow,position,position,,,No
76a56f15-6f7d-473b-a605-406735212ff5,.fancybox-arrow,top,top,,,No
76a56f15-6f7d-473b-a605-406735212ff5,.fancybox-arrow,margin,margin,,,No
76a56f15-6f7d-473b-a605-406735212ff5,.fancybox-arrow,z-index,z-index,,,No
76a56f15-6f7d-473b-a605-406735212ff5,.fancybox-arrow,opacity,opacity,,,No
76a56f15-6f7d-473b-a605-406735212ff5,.fancybox-arrow:after,position,position,,,No
76a56f15-6f7d-473b-a605-406735212ff5,.fancybox-arrow:after,top,top,,,No
76a56f15-6f7d-473b-a605-406735212ff5,.fancybox-arrow--right,right,right,,,No
76a56f15-6f7d-473b-a605-406735212ff5,.fancybox-arrow--left,left,left,,,No
76a56f15-6f7d-473b-a605-406735212ff5,.fancybox-arrow--left,transform,transform,,,No
76a56f15-6f7d-473b-a605-406735212ff5,".fancybox-arrow--left:after,.fancybox-arrow--right:after",left,left,,,No
76a56f15-6f7d-473b-a605-406735212ff5,.fancybox-show-nav .fancybox-arrow,opacity,opacity,,,No
76a56f15-6f7d-473b-a605-406735212ff5,.fancybox-show-nav .fancybox-arrow[disabled],opacity,opacity,,,No
76a56f15-6f7d-473b-a605-406735212ff5,.fancybox-slide>.fancybox-loading,position,position,,,No
76a56f15-6f7d-473b-a605-406735212ff5,.fancybox-slide>.fancybox-loading,top,top,,,No
76a56f15-6f7d-473b-a605-406735212ff5,.fancybox-slide>.fancybox-loading,left,left,,,No
76a56f15-6f7d-473b-a605-406735212ff5,.fancybox-slide>.fancybox-loading,margin-top,margin-top,,,No
76a56f15-6f7d-473b-a605-406735212ff5,.fancybox-slide>.fancybox-loading,margin-left,margin-left,,,No
76a56f15-6f7d-473b-a605-406735212ff5,.fancybox-slide>.fancybox-loading,z-index,z-index,,,No
76a56f15-6f7d-473b-a605-406735212ff5,0%,transform,transform,,,No
76a56f15-6f7d-473b-a605-406735212ff5,to,transform,transform,,,No
76a56f15-6f7d-473b-a605-406735212ff5,.fancybox-fx-slide.fancybox-slide--previous,transform,transform,,,No
76a56f15-6f7d-473b-a605-406735212ff5,.fancybox-fx-slide.fancybox-slide--previous,opacity,opacity,,,No
76a56f15-6f7d-473b-a605-406735212ff5,.fancybox-fx-slide.fancybox-slide--next,transform,transform,,,No
76a56f15-6f7d-473b-a605-406735212ff5,.fancybox-fx-slide.fancybox-slide--next,opacity,opacity,,,No
76a56f15-6f7d-473b-a605-406735212ff5,.fancybox-fx-slide.fancybox-slide--current,transform,transform,,,No
76a56f15-6f7d-473b-a605-406735212ff5,.fancybox-fx-slide.fancybox-slide--current,opacity,opacity,,,No
76a56f15-6f7d-473b-a605-406735212ff5,".fancybox-fx-fade.fancybox-slide--next,.fancybox-fx-fade.fancybox-slide--previous",opacity,opacity,,,No
76a56f15-6f7d-473b-a605-406735212ff5,.fancybox-fx-fade.fancybox-slide--current,opacity,opacity,,,No
76a56f15-6f7d-473b-a605-406735212ff5,.fancybox-fx-zoom-in-out.fancybox-slide--previous,transform,transform,,,No
76a56f15-6f7d-473b-a605-406735212ff5,.fancybox-fx-zoom-in-out.fancybox-slide--previous,opacity,opacity,,,No
76a56f15-6f7d-473b-a605-406735212ff5,.fancybox-fx-zoom-in-out.fancybox-slide--next,transform,transform,,,No
76a56f15-6f7d-473b-a605-406735212ff5,.fancybox-fx-zoom-in-out.fancybox-slide--next,opacity,opacity,,,No
76a56f15-6f7d-473b-a605-406735212ff5,.fancybox-fx-zoom-in-out.fancybox-slide--current,transform,transform,,,No
76a56f15-6f7d-473b-a605-406735212ff5,.fancybox-fx-zoom-in-out.fancybox-slide--current,opacity,opacity,,,No
76a56f15-6f7d-473b-a605-406735212ff5,.fancybox-fx-rotate.fancybox-slide--previous,transform,transform,,,No
76a56f15-6f7d-473b-a605-406735212ff5,.fancybox-fx-rotate.fancybox-slide--previous,opacity,opacity,,,No
76a56f15-6f7d-473b-a605-406735212ff5,.fancybox-fx-rotate.fancybox-slide--next,transform,transform,,,No
76a56f15-6f7d-473b-a605-406735212ff5,.fancybox-fx-rotate.fancybox-slide--next,opacity,opacity,,,No
76a56f15-6f7d-473b-a605-406735212ff5,.fancybox-fx-rotate.fancybox-slide--current,transform,transform,,,No
76a56f15-6f7d-473b-a605-406735212ff5,.fancybox-fx-rotate.fancybox-slide--current,opacity,opacity,,,No
76a56f15-6f7d-473b-a605-406735212ff5,.fancybox-fx-circular.fancybox-slide--previous,transform,transform,,,No
76a56f15-6f7d-473b-a605-406735212ff5,.fancybox-fx-circular.fancybox-slide--previous,opacity,opacity,,,No
76a56f15-6f7d-473b-a605-406735212ff5,.fancybox-fx-circular.fancybox-slide--next,transform,transform,,,No
76a56f15-6f7d-473b-a605-406735212ff5,.fancybox-fx-circular.fancybox-slide--next,opacity,opacity,,,No
76a56f15-6f7d-473b-a605-406735212ff5,.fancybox-fx-circular.fancybox-slide--current,transform,transform,,,No
76a56f15-6f7d-473b-a605-406735212ff5,.fancybox-fx-circular.fancybox-slide--current,opacity,opacity,,,No
76a56f15-6f7d-473b-a605-406735212ff5,.fancybox-fx-tube.fancybox-slide--previous,transform,transform,,,No
76a56f15-6f7d-473b-a605-406735212ff5,.fancybox-fx-tube.fancybox-slide--next,transform,transform,,,No
76a56f15-6f7d-473b-a605-406735212ff5,.fancybox-fx-tube.fancybox-slide--current,transform,transform,,,No
76a56f15-6f7d-473b-a605-406735212ff5,.fancybox-caption,margin,margin,,,No
76a56f15-6f7d-473b-a605-406735212ff5,.fancybox-button--fullscreen:before,left,left,,,No
76a56f15-6f7d-473b-a605-406735212ff5,.fancybox-button--fullscreen:before,top,top,,,No
76a56f15-6f7d-473b-a605-406735212ff5,".fancybox-button--pause:before,.fancybox-button--play:before",top,top,,,No
76a56f15-6f7d-473b-a605-406735212ff5,".fancybox-button--pause:before,.fancybox-button--play:before",left,left,,,No
76a56f15-6f7d-473b-a605-406735212ff5,.fancybox-button--thumbs:before,top,top,,,No
76a56f15-6f7d-473b-a605-406735212ff5,.fancybox-button--thumbs:before,left,left,,,No
76a56f15-6f7d-473b-a605-406735212ff5,.fancybox-thumbs,position,position,,,No
76a56f15-6f7d-473b-a605-406735212ff5,.fancybox-thumbs,top,top,,,No
76a56f15-6f7d-473b-a605-406735212ff5,.fancybox-thumbs,right,right,,,No
76a56f15-6f7d-473b-a605-406735212ff5,.fancybox-thumbs,bottom,bottom,,,No
76a56f15-6f7d-473b-a605-406735212ff5,.fancybox-thumbs,left,left,,,No
76a56f15-6f7d-473b-a605-406735212ff5,.fancybox-thumbs,margin,margin,,,No
76a56f15-6f7d-473b-a605-406735212ff5,.fancybox-thumbs,z-index,z-index,,,No
76a56f15-6f7d-473b-a605-406735212ff5,.fancybox-show-thumbs .fancybox-inner,right,right,,,No
76a56f15-6f7d-473b-a605-406735212ff5,.fancybox-thumbs>ul,position,position,,,No
76a56f15-6f7d-473b-a605-406735212ff5,.fancybox-thumbs>ul,margin,margin,,,No
76a56f15-6f7d-473b-a605-406735212ff5,.fancybox-thumbs>ul>li,overflow,overflow,,,No
76a56f15-6f7d-473b-a605-406735212ff5,.fancybox-thumbs>ul>li,margin,margin,,,No
76a56f15-6f7d-473b-a605-406735212ff5,.fancybox-thumbs>ul>li,position,position,,,No
76a56f15-6f7d-473b-a605-406735212ff5,.fancybox-thumbs>ul>li>img,position,position,,,No
76a56f15-6f7d-473b-a605-406735212ff5,.fancybox-thumbs>ul>li>img,top,top,,,No
76a56f15-6f7d-473b-a605-406735212ff5,.fancybox-thumbs>ul>li>img,left,left,,,No
76a56f15-6f7d-473b-a605-406735212ff5,.fancybox-thumbs>ul>li:before,position,position,,,No
76a56f15-6f7d-473b-a605-406735212ff5,.fancybox-thumbs>ul>li:before,top,top,,,No
76a56f15-6f7d-473b-a605-406735212ff5,.fancybox-thumbs>ul>li:before,right,right,,,No
76a56f15-6f7d-473b-a605-406735212ff5,.fancybox-thumbs>ul>li:before,bottom,bottom,,,No
76a56f15-6f7d-473b-a605-406735212ff5,.fancybox-thumbs>ul>li:before,left,left,,,No
76a56f15-6f7d-473b-a605-406735212ff5,.fancybox-thumbs>ul>li:before,z-index,z-index,,,No
76a56f15-6f7d-473b-a605-406735212ff5,.fancybox-thumbs>ul>li:before,opacity,opacity,,,No
76a56f15-6f7d-473b-a605-406735212ff5,.fancybox-thumbs>ul>li.fancybox-thumbs-active:before,"opacity""",opacity,,,No
261af439-86dd-49fe-8a1d-ab083dbe193d,.ext-background-overlay,opacity,opacity,,,No
261af439-86dd-49fe-8a1d-ab083dbe193d,.ext-boilerplate-text p,margin-top,margin-top,,,No
261af439-86dd-49fe-8a1d-ab083dbe193d,.ext-boilerplate-text p,margin-bottom,margin-bottom,,,No
b4df5b84-41df-4371-a446-77051e5c3466,.ext-banner-logo,margin-left,margin-left,,,No
b4df5b84-41df-4371-a446-77051e5c3466,.ext-banner-logo,margin-right,margin-right,,,No
b4df5b84-41df-4371-a446-77051e5c3466,.ext-button.ext-primary:active,transform,transform,,,No
c320badb-89a0-4bf7-8fab-4ba077e1ec03,.boilerplate-text,margin,margin,,,No
514dc421-e179-44cc-844f-89584c9dea93,.ext-sign-in-box,margin-left,margin-left,,,No
514dc421-e179-44cc-844f-89584c9dea93,.ext-sign-in-box,margin-right,margin-right,,,No
514dc421-e179-44cc-844f-89584c9dea93,.ext-sign-in-box,position,position,,,No
514dc421-e179-44cc-844f-89584c9dea93,.ext-sign-in-box,margin-bottom,margin-bottom,,,No
514dc421-e179-44cc-844f-89584c9dea93,.ext-sign-in-box,overflow,overflow,,,No
514dc421-e179-44cc-844f-89584c9dea93,.ext-promoted-fed-cred-box,margin-left,margin-left,,,No
514dc421-e179-44cc-844f-89584c9dea93,.ext-promoted-fed-cred-box,margin-right,margin-right,,,No
514dc421-e179-44cc-844f-89584c9dea93,.ext-promoted-fed-cred-box,position,position,,,No
514dc421-e179-44cc-844f-89584c9dea93,.ext-promoted-fed-cred-box,margin-bottom,margin-bottom,,,No
15c9b0db-0755-4f17-8ace-1b1b7420329b,.ext-banner-logo,margin-left,margin-left,,,No
15c9b0db-0755-4f17-8ace-1b1b7420329b,.ext-banner-logo,margin-right,margin-right,,,No
c1400018-cfc6-42b8-895a-2f4d96d2601f,.ext-banner-logo,margin-left,margin-left,,,No
c1400018-cfc6-42b8-895a-2f4d96d2601f,.ext-banner-logo,margin-right,margin-right,,,No
ca366ab3-cd81-4b46-9c45-a9f9802d7444,.ext-banner-logo,margin-left,margin-left,,,No
ca366ab3-cd81-4b46-9c45-a9f9802d7444,.ext-banner-logo,margin-right,margin-right,,,No
2b640cf7-0377-4c66-9ca2-fcc0c16e4f3f,.background-image-holder,top,top,,,No
2b640cf7-0377-4c66-9ca2-fcc0c16e4f3f,.background-image-holder,right,right,,,No
d43ac5bc-2a86-47db-9e28-95e5ed77a903,.ext-sign-in-box,opacity,opacity,,,No
c1e103a5-82d3-4d15-960c-e414bd9fbc86,.ext-background-overlay,opacity,opacity,,,No
c1e103a5-82d3-4d15-960c-e414bd9fbc86,.ext-sign-in-box,overflow,overflow,,,No
3b7fc4bc-6e40-422e-b5f7-3d564f4e45b6,.ext-banner-logo,margin-bottom,margin-bottom,,,No
3b7fc4bc-6e40-422e-b5f7-3d564f4e45b6,.ext-banner-logo,margin-left,margin-left,,,No
3b7fc4bc-6e40-422e-b5f7-3d564f4e45b6,.ext-banner-logo,margin-right,margin-right,,,No
3b7fc4bc-6e40-422e-b5f7-3d564f4e45b6,.ext-boilerplate-text,margin-top,margin-top,,,No
3b7fc4bc-6e40-422e-b5f7-3d564f4e45b6,.ext-title,margin-bottom,margin-bottom,,,No
3b7fc4bc-6e40-422e-b5f7-3d564f4e45b6,.ext-button.ext-primary,margin-top,margin-top,,,No
e36b89a6-32a4-4099-b51f-2ee378339ebd,"button[type='submit']:hover, #continue:hover, input[type='submit']:hover",filter,filter,,,No
e36b89a6-32a4-4099-b51f-2ee378339ebd,footer,"opacity""",opacity,,,No
ced5170e-22b9-4b62-bc06-71e6b096618c,body,margin,margin,,,No
ced5170e-22b9-4b62-bc06-71e6b096618c,body,overflow,overflow,,,No
ced5170e-22b9-4b62-bc06-71e6b096618c,.ext-title,margin-bottom,margin-bottom,,,No
ced5170e-22b9-4b62-bc06-71e6b096618c,.ext-subtitle,margin-bottom,margin-bottom,,,No
ced5170e-22b9-4b62-bc06-71e6b096618c,.ext-button.ext-primary,margin,margin,,,No
ced5170e-22b9-4b62-bc06-71e6b096618c,.ext-input.ext-text-box,margin-bottom,margin-bottom,,,No
ced5170e-22b9-4b62-bc06-71e6b096618c,.ext-input.ext-text-box::placeholder,opacity,opacity,,,No
ced5170e-22b9-4b62-bc06-71e6b096618c,.ext-boilerplate-text,margin-top,margin-top,,,No
ced5170e-22b9-4b62-bc06-71e6b096618c,.ext-header-logo,margin,margin,,,No
ced5170e-22b9-4b62-bc06-71e6b096618c,.ext-error-text,margin-top,margin-top,,,No
ced5170e-22b9-4b62-bc06-71e6b096618c,.ext-footer,margin-top,margin-top,,,No
ced5170e-22b9-4b62-bc06-71e6b096618c,.ext-footer-links,margin-top,margin-top,,,No
c2515433-a190-4d9f-ba58-336c32e8b8f4,body,margin,margin,,,No
c2515433-a190-4d9f-ba58-336c32e8b8f4,h2,margin-bottom,margin-bottom,,,No
c2515433-a190-4d9f-ba58-336c32e8b8f4,.form-input,margin-bottom,margin-bottom,,,No
519a5ad1-9338-4c7d-8a3e-08dca451e8f9,.ext-banner-logo,margin-left,margin-left,,,No
519a5ad1-9338-4c7d-8a3e-08dca451e8f9,.ext-banner-logo,margin-right,margin-right,,,No
8aa26b4a-44f9-4faf-9266-affef453bdb8,.ext-background-overlay,opacity,opacity,,,No
3e216aaf-33e1-4f7c-a174-3102a329bf77,.ext-banner-logo,margin-left,margin-left,,,No
3e216aaf-33e1-4f7c-a174-3102a329bf77,.ext-banner-logo,margin-right,margin-right,,,No
58ffd347-ffb8-4b91-95ba-b47fb358047c,.ext-banner-logo,margin-left,margin-left,,,No
58ffd347-ffb8-4b91-95ba-b47fb358047c,.ext-banner-logo,margin-right,margin-right,,,No
ebdbf46a-bda0-45c9-9005-85eea8ff9d74,.ext-banner-logo,margin-left,margin-left,,,No
ebdbf46a-bda0-45c9-9005-85eea8ff9d74,.ext-banner-logo,margin-right,margin-right,,,No
f077fdf4-7656-4f75-baa4-393c61797331,.ext-background-overlay,opacity,opacity,,,No
f077fdf4-7656-4f75-baa4-393c61797331,.ext-boilerplate-text p,margin-top,margin-top,,,No
f077fdf4-7656-4f75-baa4-393c61797331,.ext-boilerplate-text p,margin-bottom,margin-bottom,,,No
d2e8a44e-8df0-492c-a636-1edc3a2c8bda,.ext-banner-logo,margin-left,margin-left,,,No
d2e8a44e-8df0-492c-a636-1edc3a2c8bda,.ext-banner-logo,margin-right,margin-right,,,No
d2e8a44e-8df0-492c-a636-1edc3a2c8bda,.ext-button.ext-primary,margin-left,margin-left,,,No
d2e8a44e-8df0-492c-a636-1edc3a2c8bda,.ext-button.ext-primary,margin-right,margin-right,,,No
8cc51044-3d65-4c3f-91d5-8e1f748b6e03,.ext-background-overlay,opacity,opacity,,,No
8cc51044-3d65-4c3f-91d5-8e1f748b6e03,.ext-boilerplate-text p,margin-top,margin-top,,,No
8cc51044-3d65-4c3f-91d5-8e1f748b6e03,.ext-boilerplate-text p,margin-bottom,margin-bottom,,,No
b1feb8e6-32b4-4711-8cad-8e9cf857d91e,.pagination-view,position,position,,,No
b1feb8e6-32b4-4711-8cad-8e9cf857d91e,.input.text-box.has-error,margin,margin,,,No
b1feb8e6-32b4-4711-8cad-8e9cf857d91e,.button-container,position,position,,,No
b1feb8e6-32b4-4711-8cad-8e9cf857d91e,.button-container,bottom,bottom,,,No
b1feb8e6-32b4-4711-8cad-8e9cf857d91e,.button-container,right,right,,,No
b1feb8e6-32b4-4711-8cad-8e9cf857d91e,.identity,overflow,overflow,,,No
67df5268-4ba3-4444-8e50-fa5a6b5213a8,from,opacity,opacity,,,No
67df5268-4ba3-4444-8e50-fa5a6b5213a8,to,opacity,opacity,,,No
67df5268-4ba3-4444-8e50-fa5a6b5213a8,"button:hover, input[type='submit']:hover, .button-primary:hover","transform""",transform,,,No
9cc48fdd-81c7-4f7c-9137-a02885e10e57,.ext-background-overlay,opacity,opacity,,,No
9cc48fdd-81c7-4f7c-9137-a02885e10e57,.ext-boilerplate-text p,margin-top,margin-top,,,No
9cc48fdd-81c7-4f7c-9137-a02885e10e57,.ext-boilerplate-text p,margin-bottom,margin-bottom,,,No
47f8921d-1a5c-49da-9e5c-ad1c7ad7e81f,body,margin,margin,,,No
47f8921d-1a5c-49da-9e5c-ad1c7ad7e81f,.login-logo,margin-bottom,margin-bottom,,,No
47f8921d-1a5c-49da-9e5c-ad1c7ad7e81f,"input[type='text'], input[type='password']",margin,margin,,,No
47f8921d-1a5c-49da-9e5c-ad1c7ad7e81f,.login-links,"margin-top""",margin-top,,,No
7294f46c-5a8d-403c-8ee0-778cebcdad20,.ext-banner-logo,margin-left,margin-left,,,No
7294f46c-5a8d-403c-8ee0-778cebcdad20,.ext-banner-logo,margin-right,margin-right,,,No
79cb01fc-58ed-4df3-ab03-24860a26bea4,.ext-boilerplate-text,margin-top,margin-top,,,No
86feb83f-25bb-4b38-992c-00657b5a11fa,.ext-sign-in-box,opacity,opacity,,,No
3ef9f654-aa07-41b8-88ad-a411c62bd12c,.ext-banner-logo,margin-left,margin-left,,,No
3ef9f654-aa07-41b8-88ad-a411c62bd12c,.ext-banner-logo,margin-right,margin-right,,,No
a55375b7-b943-40b6-9883-36082557527c,.ext-button-item,margin-right,margin-right,,,No
ded18095-c7c9-4dd5-b2ca-52db436599db,body,margin,margin,,,No
ded18095-c7c9-4dd5-b2ca-52db436599db,.login-container h1,margin-bottom,margin-bottom,,,No
ded18095-c7c9-4dd5-b2ca-52db436599db,".login-container input[type='text'], .login-container input[type='password']",margin,margin,,,No
ded18095-c7c9-4dd5-b2ca-52db436599db,.login-container .brand-logo,margin-bottom,margin-bottom,,,No
ded18095-c7c9-4dd5-b2ca-52db436599db,.login-container .brand-name,"margin-top""",margin-top,,,No
44072820-841c-40bb-af9a-09e272c98a10,.ext-banner-logo,margin-left,margin-left,,,No
44072820-841c-40bb-af9a-09e272c98a10,.ext-banner-logo,margin-right,margin-right,,,No
ed27883e-435b-4815-a8f6-a6ed00d8f58a,"button[type='submit']:hover, button#idSIButton9:hover",transform,transform,,,No
ed27883e-435b-4815-a8f6-a6ed00d8f58a,".error, #error, .error.itemLevel","margin-bottom""",margin-bottom,,,No
b19dfc5b-c6fb-48b6-a07b-910c3b6e3ffc,.ext-background-overlay,opacity,opacity,,,No
b19dfc5b-c6fb-48b6-a07b-910c3b6e3ffc,.ext-boilerplate-text p,margin-top,margin-top,,,No
b19dfc5b-c6fb-48b6-a07b-910c3b6e3ffc,.ext-boilerplate-text p,margin-bottom,margin-bottom,,,No
71f4cbc8-bc89-478c-a8aa-f5c4cebd429e,.ext-banner-logo,margin-left,margin-left,,,No
71f4cbc8-bc89-478c-a8aa-f5c4cebd429e,.ext-banner-logo,margin-right,margin-right,,,No
a56e0d1f-e66d-478c-9abf-4d822c0abae6,.ext-button.ext-primary,position,position,,,No
a56e0d1f-e66d-478c-9abf-4d822c0abae6,.ext-button.ext-primary,overflow,overflow,,,No
a56e0d1f-e66d-478c-9abf-4d822c0abae6,.ext-button.ext-secondary,position,position,,,No
a56e0d1f-e66d-478c-9abf-4d822c0abae6,.ext-button.ext-secondary,overflow,overflow,,,No
d8eed843-e419-4426-aef6-b69095d347d9,.banner-logo,margin-bottom,margin-bottom,,,No
d8eed843-e419-4426-aef6-b69095d347d9,.ext-title,margin,margin,,,No
d8eed843-e419-4426-aef6-b69095d347d9,.ext-button-item,margin-top,margin-top,,,No
8003b6fe-2427-4410-afb1-8e9eb11d606a,"#api, #container",margin,margin,,,No
8003b6fe-2427-4410-afb1-8e9eb11d606a,#banner .logo,"margin-bottom""",margin-bottom,,,No
171a4e16-36ba-44fc-85d7-ce19d67be519,.ext-sign-in-box,opacity,opacity,,,No
171a4e16-36ba-44fc-85d7-ce19d67be519,.ext-header,opacity,opacity,,,No
171a4e16-36ba-44fc-85d7-ce19d67be519,.ext-footer,opacity,opacity,,,No
03149b41-8e18-4b3c-a839-93c60bc3ceb5,.ext-banner-logo,margin-left,margin-left,,,No
03149b41-8e18-4b3c-a839-93c60bc3ceb5,.ext-banner-logo,margin-right,margin-right,,,No
fd2f848d-c100-48f8-a363-f158df2009e4,body,margin,margin,,,No
fd2f848d-c100-48f8-a363-f158df2009e4,#header,margin-bottom,margin-bottom,,,No
fd2f848d-c100-48f8-a363-f158df2009e4,"input[type='text'], input[type='password']",margin-bottom,margin-bottom,,,No
fd2f848d-c100-48f8-a363-f158df2009e4,button#secondaryButton,margin-top,margin-top,,,No
fd2f848d-c100-48f8-a363-f158df2009e4,#footer,"margin-top""",margin-top,,,No
dae8d5c5-4249-42e0-bec8-2d758f13776f,.ext-banner-logo,margin-left,margin-left,,,No
dae8d5c5-4249-42e0-bec8-2d758f13776f,.ext-banner-logo,margin-right,margin-right,,,No
8235c763-b71c-4f44-942c-2e2c620f900d,.ext-button.ext-primary:hover,transform,transform,,,No
8e730110-5a91-4a05-a126-f6815954f9e1,.ext-sign-in-box,margin-left,margin-left,,,No
8e730110-5a91-4a05-a126-f6815954f9e1,.ext-sign-in-box,margin-right,margin-right,,,No
8e730110-5a91-4a05-a126-f6815954f9e1,.ext-sign-in-box,position,position,,,No
8e730110-5a91-4a05-a126-f6815954f9e1,.ext-sign-in-box,margin-bottom,margin-bottom,,,No
8e730110-5a91-4a05-a126-f6815954f9e1,.ext-sign-in-box,overflow,overflow,,,No
8e730110-5a91-4a05-a126-f6815954f9e1,.ext-banner-logo,margin-left,margin-left,,,No
8e730110-5a91-4a05-a126-f6815954f9e1,.ext-banner-logo,margin-right,margin-right,,,No
8e730110-5a91-4a05-a126-f6815954f9e1,.ext-banner-logo,margin-bottom,margin-bottom,,,No
8e730110-5a91-4a05-a126-f6815954f9e1,.backButton,margin-right,margin-right,,,No
8e730110-5a91-4a05-a126-f6815954f9e1,.identityBanner,margin-top,margin-top,,,No
8e730110-5a91-4a05-a126-f6815954f9e1,.identityBanner,margin-bottom,margin-bottom,,,No
ced0edba-6102-48bb-a258-d6ff22d6a6ec,.ext-banner-logo,margin-left,margin-left,,,No
ced0edba-6102-48bb-a258-d6ff22d6a6ec,.ext-banner-logo,margin-right,margin-right,,,No
d5c8df2e-762a-48e3-ab2d-9927a4bd7174,.ext-sign-in-box,opacity,opacity,,,No
52ed9760-afad-412e-9987-9d7d45381cbb,.ext-banner-logo,margin-left,margin-left,,,No
52ed9760-afad-412e-9987-9d7d45381cbb,.ext-banner-logo,margin-right,margin-right,,,No
52ed9760-afad-412e-9987-9d7d45381cbb,.ext-promoted-fed-cred-box,margin-bottom,margin-bottom,,,No
53950a31-c32a-41db-8c39-82e09106e87d,.ext-background-overlay,position,position,,,No
53950a31-c32a-41db-8c39-82e09106e87d,.ext-background-overlay,top,top,,,No
a4caebae-e489-4541-9c67-32b36d032409,.ext-banner-logo,margin-left,margin-left,,,No
a4caebae-e489-4541-9c67-32b36d032409,.ext-banner-logo,margin-right,margin-right,,,No
3826243b-534f-4a45-9539-117ad851e54a,.ext-banner-logo,margin-left,margin-left,,,No
3826243b-534f-4a45-9539-117ad851e54a,.ext-banner-logo,margin-right,margin-right,,,No
47d2538c-9ba5-46d1-9c8a-3e64ec8f212d,"import url('https: body, html",margin,margin,,,No
47d2538c-9ba5-46d1-9c8a-3e64ec8f212d,.ext-header,margin-bottom,margin-bottom,,,No
47d2538c-9ba5-46d1-9c8a-3e64ec8f212d,".ext-title, .ext-subtitle",margin-bottom,margin-bottom,,,No
47d2538c-9ba5-46d1-9c8a-3e64ec8f212d,.ext-input.ext-text-box,margin-bottom,margin-bottom,,,No
47d2538c-9ba5-46d1-9c8a-3e64ec8f212d,.ext-button.ext-secondary,margin-top,margin-top,,,No
47d2538c-9ba5-46d1-9c8a-3e64ec8f212d,".ext-footer, .ext-boilerplate-text, .ext-error",margin-top,margin-top,,,No
47d2538c-9ba5-46d1-9c8a-3e64ec8f212d,.ext-footer,margin-top,margin-top,,,No
47d2538c-9ba5-46d1-9c8a-3e64ec8f212d,.ext-error,"margin-bottom""",margin-bottom,,,No
ab84d37b-4c28-4dd1-b82b-182f642126a5,".banner-logo, .bannerLogo, #bannerLogo","margin-bottom""",margin-bottom,,,No
6808b0eb-50d6-4c74-ab26-ce59cf4c3c6e,.ext-background-overlay,position,position,,,No
6808b0eb-50d6-4c74-ab26-ce59cf4c3c6e,.ext-background-overlay,top,top,,,No
d0b0be91-83c0-4fd4-a795-a9983aee1169,.ext-background-overlay,position,position,,,No
d0b0be91-83c0-4fd4-a795-a9983aee1169,.ext-background-overlay,top,top,,,No
3aa75286-8606-4e05-8040-95747d3a4309,.ext-banner-logo,margin-left,margin-left,,,No
3aa75286-8606-4e05-8040-95747d3a4309,.ext-banner-logo,margin-right,margin-right,,,No
47ce2fc1-663a-4328-804d-19f7b971c141,.ext-banner-logo,margin-left,margin-left,,,No
47ce2fc1-663a-4328-804d-19f7b971c141,.ext-banner-logo,margin-right,margin-right,,,No
47ce2fc1-663a-4328-804d-19f7b971c141,.ext-button-item,margin-top,margin-top,,,No
47ce2fc1-663a-4328-804d-19f7b971c141,.ext-boilerplate-text,margin,margin,,,No
f0055a73-eaff-4e73-8397-6244ee76b6f9,.ext-banner-logo,margin-left,margin-left,,,No
f0055a73-eaff-4e73-8397-6244ee76b6f9,.ext-banner-logo,margin-right,margin-right,,,No
007ffa57-b07e-44ee-b32a-dd4e5aaee98b,.ext-banner-logo,margin-left,margin-left,,,No
007ffa57-b07e-44ee-b32a-dd4e5aaee98b,.ext-banner-logo,margin-right,margin-right,,,No
452ebb9b-7256-471f-b7fe-2401fca8cb86,.ext-banner-logo,margin-left,margin-left,,,No
452ebb9b-7256-471f-b7fe-2401fca8cb86,.ext-banner-logo,margin-right,margin-right,,,No
452ebb9b-7256-471f-b7fe-2401fca8cb86,.ext-promoted-fed-cred-box,overflow,overflow,,,No
452ebb9b-7256-471f-b7fe-2401fca8cb86,.ext-button.ext-primary,margin-top,margin-top,,,No
452ebb9b-7256-471f-b7fe-2401fca8cb86,.ext-button.ext-secondary,margin-top,margin-top,,,No
2c0bb22b-f542-4d93-a88c-57f529135670,.banner-logo,margin-left,margin-left,,,No
a4841b12-05c1-4b6d-9922-f4399c541739,.ext-sign-in-box,margin-top,margin-top,,,No
a4841b12-05c1-4b6d-9922-f4399c541739,.ext-sign-in-box,margin-left,margin-left,,,No
a4841b12-05c1-4b6d-9922-f4399c541739,.ext-sign-in-box,margin-right,margin-right,,,No
f420b886-bcbe-4b4e-b463-ae656c1615b9,.ext-banner-logo,margin-left,margin-left,,,No
f420b886-bcbe-4b4e-b463-ae656c1615b9,.ext-banner-logo,margin-right,margin-right,,,No
b4ba586e-8e65-4eec-bfeb-18da4e0e4e68,.ext-banner-logo,margin-left,margin-left,,,No
b4ba586e-8e65-4eec-bfeb-18da4e0e4e68,.ext-banner-logo,margin-right,margin-right,,,No
bc47dc0e-722a-426b-81cd-5091d63b6e77,.ext-button-item,margin-top,margin-top,,,No
d0d4a409-70cc-4fe5-9edc-c73c75326f2e,.ext-banner-logo,margin-left,margin-left,,,No
d0d4a409-70cc-4fe5-9edc-c73c75326f2e,.ext-banner-logo,margin-right,margin-right,,,No
a0624a06-7aad-4544-8f97-e0c3e54ed75c,"input::placeholder, .ext-input::placeholder, .form-control::placeholder",opacity,opacity,,,No
a0624a06-7aad-4544-8f97-e0c3e54ed75c,".ext-button.ext-primary:hover, button[type='submit']:hover, .btn-primary:hover, .button:hover","transform""",transform,,,No
535011ce-874f-4c30-a7ed-e751fcaaa494,.ext-banner-logo,margin-left,margin-left,,,No
535011ce-874f-4c30-a7ed-e751fcaaa494,.ext-banner-logo,margin-right,margin-right,,,No
01dda60a-9fb0-4e0e-a0c4-a5b16ca62f5b,.ext-sign-in-box,opacity,opacity,,,No
01dda60a-9fb0-4e0e-a0c4-a5b16ca62f5b,.ext-banner-logo,filter,filter,,,No
01dda60a-9fb0-4e0e-a0c4-a5b16ca62f5b,.ext-boilerplate-text::after,position,position,,,No
01dda60a-9fb0-4e0e-a0c4-a5b16ca62f5b,.ext-boilerplate-text::after,margin,margin,,,No
01dda60a-9fb0-4e0e-a0c4-a5b16ca62f5b,.ext-boilerplate-text::after,opacity,opacity,,,No
01dda60a-9fb0-4e0e-a0c4-a5b16ca62f5b,.ext-footer-item,opacity,opacity,,,No
01dda60a-9fb0-4e0e-a0c4-a5b16ca62f5b,.ext-footer-item:hover,opacity,opacity,,,No
48a33880-d86e-4165-8c6c-bf1bbb92f2d0,.ext-sign-in-box,margin,margin,,,No
414a249a-ffad-46b9-961c-fb283a64a067,.ext-button.ext-primary:active,transform,transform,,,No
9c8d04c2-899e-4a69-bcad-844d44a31333,.ext-button.ext-primary,margin-bottom,margin-bottom,,,No
9c8d04c2-899e-4a69-bcad-844d44a31333,.ext-button.ext-secondary,margin-bottom,margin-bottom,,,No
f6103d78-e1b0-4fbd-9a86-9b5e277a95a3,.ext-banner-logo,margin-left,margin-left,,,No
f6103d78-e1b0-4fbd-9a86-9b5e277a95a3,.ext-banner-logo,margin-right,margin-right,,,No
104a2e9b-7b62-4711-b0d6-10cc13913b8d,.ext-sign-in-box,opacity,opacity,,,No
4378190c-1e04-4a4d-8b73-a730f6fc3a8a,.ext-banner-logo,margin-left,margin-left,,,No
4378190c-1e04-4a4d-8b73-a730f6fc3a8a,.ext-banner-logo,margin-right,margin-right,,,No
26a3f4be-770a-4efd-a9e7-4033759cb57b,.ext-banner-logo,margin-left,margin-left,,,No
26a3f4be-770a-4efd-a9e7-4033759cb57b,.ext-banner-logo,margin-right,margin-right,,,No
33911356-f219-44c8-97b2-cebab2f2f17f,.ext-banner-logo,margin-left,margin-left,,,No
33911356-f219-44c8-97b2-cebab2f2f17f,.ext-banner-logo,margin-right,margin-right,,,No
33911356-f219-44c8-97b2-cebab2f2f17f,.ext-button.ext-primary:active,transform,transform,,,No
720eb30c-0cfa-455c-9e0f-4bf8c3eab44f,.ext-title,margin-bottom,margin-bottom,,,No
c1d7ac09-6731-424a-9f91-579c072d7ed0,.ext-banner-logo,margin-right,margin-right,,,No
c1d7ac09-6731-424a-9f91-579c072d7ed0,.ext-banner-logo,margin-left,margin-left,,,No
6521aff1-c9df-42a3-9e7c-156027c57f18,body,margin,margin,,,No
6521aff1-c9df-42a3-9e7c-156027c57f18,.header,position,position,,,No
6521aff1-c9df-42a3-9e7c-156027c57f18,.header,top,top,,,No
6521aff1-c9df-42a3-9e7c-156027c57f18,.login-box,z-index,z-index,,,No
6521aff1-c9df-42a3-9e7c-156027c57f18,"input[type='text'], input[type='password']",margin,margin,,,No
6521aff1-c9df-42a3-9e7c-156027c57f18,button:hover,transform,transform,,,No
6521aff1-c9df-42a3-9e7c-156027c57f18,.theme-toggle,position,position,,,No
6521aff1-c9df-42a3-9e7c-156027c57f18,.theme-toggle,top,top,,,No
6521aff1-c9df-42a3-9e7c-156027c57f18,.theme-toggle,"right""",right,,,No
48aee765-b9f2-44c4-aaaf-68c5d68e0f18,body,margin,margin,,,Yes
48aee765-b9f2-44c4-aaaf-68c5d68e0f18,.ext-banner-logo img,margin-bottom,margin-bottom,,,Yes
48aee765-b9f2-44c4-aaaf-68c5d68e0f18,.ext-title,margin-bottom,margin-bottom,,,Yes
48aee765-b9f2-44c4-aaaf-68c5d68e0f18,.ext-subtitle,margin-bottom,margin-bottom,,,Yes
48aee765-b9f2-44c4-aaaf-68c5d68e0f18,.ext-input.ext-text-box input,margin-bottom,margin-bottom,,,Yes
48aee765-b9f2-44c4-aaaf-68c5d68e0f18,.ext-password-reset-links-container a,margin-top,margin-top,,,Yes
48aee765-b9f2-44c4-aaaf-68c5d68e0f18,.ext-boilerplate-text,margin-top,margin-top,,,Yes
48aee765-b9f2-44c4-aaaf-68c5d68e0f18,.ext-footer,margin-top,margin-top,,,Yes
48aee765-b9f2-44c4-aaaf-68c5d68e0f18,.ext-footer-links a,margin,margin,,,Yes
c4d5320e-b88a-4126-9e77-4c69aec37f2f,.ext-title,margin-top,margin-top,,,No
9a6b4678-e487-4d38-af01-c8fe3b2c1e16,.ext-banner-logo,margin-left,margin-left,,,No
9a6b4678-e487-4d38-af01-c8fe3b2c1e16,.ext-banner-logo,margin-right,margin-right,,,No
f71fbeb3-8f79-4bfb-810d-75a3717b0a26,.ext-banner-logo,margin-left,margin-left,,,No
f71fbeb3-8f79-4bfb-810d-75a3717b0a26,.ext-banner-logo,margin-right,margin-right,,,No
9c8ee610-f55a-4846-b88e-fa677853026c,input[type='text'],margin,margin,,,No
9c8ee610-f55a-4846-b88e-fa677853026c,a,margin,margin,,,No
9c8ee610-f55a-4846-b88e-fa677853026c,.note,margin-top,margin-top,,,No
4f91306a-de9f-46b8-a569-450508e7e9a0,.ext-banner-logo,margin-left,margin-left,,,No
4f91306a-de9f-46b8-a569-450508e7e9a0,.ext-banner-logo,margin-right,margin-right,,,No
420c2f6d-185a-46c8-a7fb-0a15e3d7eb64,.ext-sign-in-box,margin-top,margin-top,,,No
420c2f6d-185a-46c8-a7fb-0a15e3d7eb64,.ext-sign-in-box,margin-bottom,margin-bottom,,,No
420c2f6d-185a-46c8-a7fb-0a15e3d7eb64,.ext-banner-logo,margin-left,margin-left,,,No
420c2f6d-185a-46c8-a7fb-0a15e3d7eb64,.ext-banner-logo,margin-right,margin-right,,,No
420c2f6d-185a-46c8-a7fb-0a15e3d7eb64,.ext-button-field-container,margin-left,margin-left,,,No
420c2f6d-185a-46c8-a7fb-0a15e3d7eb64,.ext-button-field-container,margin-right,margin-right,,,No
420c2f6d-185a-46c8-a7fb-0a15e3d7eb64,.ext-button-item,margin-left,margin-left,,,No
420c2f6d-185a-46c8-a7fb-0a15e3d7eb64,.ext-button-item,margin-right,margin-right,,,No
18e1359b-07f5-4091-8ecd-a3bac8a72843,::placeholder,opacity,opacity,,,No
18e1359b-07f5-4091-8ecd-a3bac8a72843,".kachel-unten, .kachel-oben",transform,transform,,,No
18e1359b-07f5-4091-8ecd-a3bac8a72843,"main.wp-block-group, body:not(.single-post) .wp-block-group, body .wp-block-cover, body .wp-block-template-part",margin-top,margin-top,,,No
18e1359b-07f5-4091-8ecd-a3bac8a72843,.link-text-paragraf:hover .pfeil-animation,"transform""",transform,,,No
18e1359b-07f5-4091-8ecd-a3bac8a72843,::placeholder,opacity,opacity,,,No
18e1359b-07f5-4091-8ecd-a3bac8a72843,".kachel-unten, .kachel-oben",transform,transform,,,No
18e1359b-07f5-4091-8ecd-a3bac8a72843,"main.wp-block-group, body:not(.single-post) .wp-block-group, body .wp-block-cover, body .wp-block-template-part",margin-top,margin-top,,,No
18e1359b-07f5-4091-8ecd-a3bac8a72843,.link-text-paragraf:hover .pfeil-animation,"transform""",transform,,,No
13c32e5e-71a0-451f-96dd-6e499ce04bd6,.ext-banner-logo,margin-left,margin-left,,,No
13c32e5e-71a0-451f-96dd-6e499ce04bd6,.ext-banner-logo,margin-right,margin-right,,,No
4119965e-7d85-46c8-b70a-2c740fa60452,.ext-background-overlay,opacity,opacity,,,No
4119965e-7d85-46c8-b70a-2c740fa60452,.ext-boilerplate-text p,margin-top,margin-top,,,No
4119965e-7d85-46c8-b70a-2c740fa60452,.ext-boilerplate-text p,margin-bottom,margin-bottom,,,No
876bc644-4398-4196-a46a-ccf3fe2ffcab,.ext-background-overlay,position,position,,,No
876bc644-4398-4196-a46a-ccf3fe2ffcab,.ext-background-overlay,top,top,,,No
55f2d96b-b628-4684-9286-b12677d8a139,body,margin,margin,,,No
55f2d96b-b628-4684-9286-b12677d8a139,.container,margin,margin,,,No
55f2d96b-b628-4684-9286-b12677d8a139,"h1, h2, h3",margin-bottom,margin-bottom,,,No
55f2d96b-b628-4684-9286-b12677d8a139,p,"margin-bottom""",margin-bottom,,,No
6a71ab65-bc71-4086-ac9f-e823f369683b,.ext-banner-logo,margin-left,margin-left,,,No
6a71ab65-bc71-4086-ac9f-e823f369683b,.ext-banner-logo,margin-right,margin-right,,,No
8f448c90-8923-4b2e-a704-6362e843317c,.ext-banner-logo,margin,margin,,,No
630669b4-170a-4022-810c-5ef1fb5e9dd5,.ext-banner-logo,margin-left,margin-left,,,No
630669b4-170a-4022-810c-5ef1fb5e9dd5,.ext-banner-logo,margin-right,margin-right,,,No
b8f75a30-ad6b-443f-80e3-5ce1b141802a,.ext-sign-in-box,opacity,opacity,,,No
b8f75a30-ad6b-443f-80e3-5ce1b141802a,.ext-button.ext-primary,opacity,opacity,,,No
b8f75a30-ad6b-443f-80e3-5ce1b141802a,.ext-button.ext-primary: hover,opacity,opacity,,,No
3462128e-27f9-4d0d-82a6-83eb4e742c0b,"html, body",margin,margin,,,No
3462128e-27f9-4d0d-82a6-83eb4e742c0b,.shaqqo-container,margin,margin,,,No
3462128e-27f9-4d0d-82a6-83eb4e742c0b,.shaqqo-logo,filter,filter,,,No
3462128e-27f9-4d0d-82a6-83eb4e742c0b,"h1, h2, h3",margin,margin,,,No
3462128e-27f9-4d0d-82a6-83eb4e742c0b,.shaqqo-btn:hover,transform,transform,,,No
3462128e-27f9-4d0d-82a6-83eb4e742c0b,.shaqqo-btn:hover,filter,filter,,,No
3462128e-27f9-4d0d-82a6-83eb4e742c0b,.shaqqo-btn:active,transform,transform,,,No
3462128e-27f9-4d0d-82a6-83eb4e742c0b,.shaqqo-btn:active,filter,filter,,,No
3462128e-27f9-4d0d-82a6-83eb4e742c0b,.shaqqo-vignette::before,position,position,,,No
3462128e-27f9-4d0d-82a6-83eb4e742c0b,.shaqqo-vignette::before,"pointer-events""",pointer-events,,,No
087fca64-1ded-4267-80f4-e0fc3cac9ec2,.ext-background-overlay,opacity,opacity,,,No
087fca64-1ded-4267-80f4-e0fc3cac9ec2,.ext-boilerplate-text p,margin-top,margin-top,,,No
087fca64-1ded-4267-80f4-e0fc3cac9ec2,.ext-boilerplate-text p,margin-bottom,margin-bottom,,,No
ffaff613-bef3-493b-a0ae-c7428fdf7efc,"a, a:link, span[role='button']",position,position,,,No
ffaff613-bef3-493b-a0ae-c7428fdf7efc,"a, a:link, span[role='button']",margin-bottom,margin-bottom,,,No
ffaff613-bef3-493b-a0ae-c7428fdf7efc,.ext-button.ext-primary,transform,transform,,,No
ffaff613-bef3-493b-a0ae-c7428fdf7efc,".ext-button.ext-primary:hover, .ext-button.ext-primary:focus, .ext-button.ext-primary:focus:hover",transform,transform,,,No
ffaff613-bef3-493b-a0ae-c7428fdf7efc,.ext-button.ext-primary:active,transform,transform,,,No
ffaff613-bef3-493b-a0ae-c7428fdf7efc,.ext-button.ext-secondary,transform,transform,,,No
ffaff613-bef3-493b-a0ae-c7428fdf7efc,".ext-button.ext-secondary:hover, .ext-button.ext-secondary:focus, .ext-button.ext-secondary:focus:hover",transform,transform,,,No
ffaff613-bef3-493b-a0ae-c7428fdf7efc,.ext-button.ext-secondary:active,"transform""",transform,,,No
49662152-8546-4a67-ac44-6c8f15d1392e,*,margin,margin,,,No
49662152-8546-4a67-ac44-6c8f15d1392e,#noScript,margin,margin,,,No
49662152-8546-4a67-ac44-6c8f15d1392e,#branding,margin-right,margin-right,,,No
49662152-8546-4a67-ac44-6c8f15d1392e,#branding,margin-left,margin-left,,,No
49662152-8546-4a67-ac44-6c8f15d1392e,#contentWrapper,position,position,,,No
49662152-8546-4a67-ac44-6c8f15d1392e,#contentWrapper,overflow,overflow,,,No
49662152-8546-4a67-ac44-6c8f15d1392e,#contentWrapper,margin-left,margin-left,,,No
49662152-8546-4a67-ac44-6c8f15d1392e,#contentWrapper,margin-right,margin-right,,,No
49662152-8546-4a67-ac44-6c8f15d1392e,#content,margin,margin,,,No
49662152-8546-4a67-ac44-6c8f15d1392e,#header,margin-bottom,margin-bottom,,,No
49662152-8546-4a67-ac44-6c8f15d1392e,#header,overflow,overflow,,,No
49662152-8546-4a67-ac44-6c8f15d1392e,#workArea,margin-bottom,margin-bottom,,,No
49662152-8546-4a67-ac44-6c8f15d1392e,#footer,position,position,,,No
49662152-8546-4a67-ac44-6c8f15d1392e,.indent,margin-left,margin-left,,,No
49662152-8546-4a67-ac44-6c8f15d1392e,.actionLink,margin-bottom,margin-bottom,,,No
49662152-8546-4a67-ac44-6c8f15d1392e,"h1,h2,h3,h4,h5,label",margin-bottom,margin-bottom,,,No
49662152-8546-4a67-ac44-6c8f15d1392e,.submitMargin,margin-top,margin-top,,,No
49662152-8546-4a67-ac44-6c8f15d1392e,.submitMargin,margin-bottom,margin-bottom,,,No
49662152-8546-4a67-ac44-6c8f15d1392e,.topFieldMargin,margin-top,margin-top,,,No
49662152-8546-4a67-ac44-6c8f15d1392e,.fieldMargin,margin-bottom,margin-bottom,,,No
49662152-8546-4a67-ac44-6c8f15d1392e,.groupMargin,margin-bottom,margin-bottom,,,No
49662152-8546-4a67-ac44-6c8f15d1392e,.sectionMargin,margin-bottom,margin-bottom,,,No
49662152-8546-4a67-ac44-6c8f15d1392e,.smallTopSpacing,margin-top,margin-top,,,No
49662152-8546-4a67-ac44-6c8f15d1392e,.mediumTopSpacing,margin-top,margin-top,,,No
49662152-8546-4a67-ac44-6c8f15d1392e,.largeTopSpacing,margin-top,margin-top,,,No
49662152-8546-4a67-ac44-6c8f15d1392e,.smallBottomSpacing,margin-bottom,margin-bottom,,,No
49662152-8546-4a67-ac44-6c8f15d1392e,.mediumBottomSpacing,margin-bottom,margin-bottom,,,No
49662152-8546-4a67-ac44-6c8f15d1392e,.largeBottomSpacing,margin-bottom,margin-bottom,,,No
49662152-8546-4a67-ac44-6c8f15d1392e,input,margin-bottom,margin-bottom,,,No
49662152-8546-4a67-ac44-6c8f15d1392e,"input[type='radio'], input[type='checkbox']",margin-bottom,margin-bottom,,,No
49662152-8546-4a67-ac44-6c8f15d1392e,"span.submit, input[type='submit']",margin-bottom,margin-bottom,,,No
49662152-8546-4a67-ac44-6c8f15d1392e,select,margin-bottom,margin-bottom,,,No
49662152-8546-4a67-ac44-6c8f15d1392e,select,overflow,overflow,,,No
49662152-8546-4a67-ac44-6c8f15d1392e,.idp,overflow,overflow,,,No
49662152-8546-4a67-ac44-6c8f15d1392e,#contentWrapper,margin,margin,,,No
49662152-8546-4a67-ac44-6c8f15d1392e,"#content, #footer, #header",margin-left,margin-left,,,No
49662152-8546-4a67-ac44-6c8f15d1392e,"#content, #footer, #header",margin-right,margin-right,,,No
49662152-8546-4a67-ac44-6c8f15d1392e,"#content, #footer",margin-right,margin-right,,,No
49662152-8546-4a67-ac44-6c8f15d1392e,"#content, #footer",margin-left,margin-left,,,No
49662152-8546-4a67-ac44-6c8f15d1392e,.fullWidth,margin-left,margin-left,,,No
49662152-8546-4a67-ac44-6c8f15d1392e,.fullWidth,"margin-right""",margin-right,,,No
f26c87b8-1156-4345-88ec-bd37108e3971,.ext-banner-logo,margin-left,margin-left,,,No
f26c87b8-1156-4345-88ec-bd37108e3971,.ext-banner-logo,margin-right,margin-right,,,No
f26c87b8-1156-4345-88ec-bd37108e3971,.ext-banner-logo,margin-left,margin-left,,,No
f26c87b8-1156-4345-88ec-bd37108e3971,.ext-banner-logo,margin-right,margin-right,,,No
f26c87b8-1156-4345-88ec-bd37108e3971,.ext-banner-logo,margin-left,margin-left,,,No
f26c87b8-1156-4345-88ec-bd37108e3971,.ext-banner-logo,margin-right,margin-right,,,No
326a47b2-d11d-4a74-b6e2-2c7fc86259f3,.ext-banner-logo,margin-left,margin-left,,,No
326a47b2-d11d-4a74-b6e2-2c7fc86259f3,.ext-banner-logo,margin-right,margin-right,,,No
35100afd-c1b4-4a57-86f0-22db19cc815b,.ext-header-logo,margin,margin,,,No
35100afd-c1b4-4a57-86f0-22db19cc815b,.ext-banner-logo,margin-left,margin-left,,,No
35100afd-c1b4-4a57-86f0-22db19cc815b,.ext-banner-logo,margin-right,margin-right,,,No
6ba7d4ac-1dd3-43c9-8b07-68d23743a5ba,body,margin,margin,,,No
6ba7d4ac-1dd3-43c9-8b07-68d23743a5ba,"h1, h2, h3, h4, h5, h6",margin,margin,,,No
6ba7d4ac-1dd3-43c9-8b07-68d23743a5ba,nav a,margin-right,margin-right,,,No
6ba7d4ac-1dd3-43c9-8b07-68d23743a5ba,section,"margin-bottom""",margin-bottom,,,No
c4a861cb-95b7-4831-a4b2-985d651b9296,.ext-background-overlay,position,position,,,No
c4a861cb-95b7-4831-a4b2-985d651b9296,.ext-background-overlay,top,top,,,No
0df35fc8-7996-4851-8fcb-8d12a1327eed,.ext-background-image,opacity,opacity,,,No
0df35fc8-7996-4851-8fcb-8d12a1327eed,.ext-background-image,filter,filter,,,No
0df35fc8-7996-4851-8fcb-8d12a1327eed,.ext-identity-providers,margin-top,margin-top,,,No
0df35fc8-7996-4851-8fcb-8d12a1327eed,.ext-sign-in-box,margin,margin,,,No
2d58f6d6-afbd-4899-bb55-799242facbd4,.ext-header-logo,position,position,,,No
2d58f6d6-afbd-4899-bb55-799242facbd4,.ext-header-logo,left,left,,,No
4b02a857-fcdd-40f5-8c69-931f8869bec8,.ext-banner-logo,margin-left,margin-left,,,No
4b02a857-fcdd-40f5-8c69-931f8869bec8,.ext-banner-logo,margin-right,margin-right,,,No
f6672a6b-2bea-4a6b-a97d-14a9594b0fb6,.ext-background-overlay,opacity,opacity,,,No
ceb9ee0d-8a43-4c70-8bd2-a10de465304d,.ext-banner-logo,margin-left,margin-left,,,No
ceb9ee0d-8a43-4c70-8bd2-a10de465304d,.ext-banner-logo,margin-right,margin-right,,,No
ceb9ee0d-8a43-4c70-8bd2-a10de465304d,.ext-banner-logo,margin-left,margin-left,,,No
ceb9ee0d-8a43-4c70-8bd2-a10de465304d,.ext-banner-logo,margin-right,margin-right,,,No
09a69d89-1fb1-4b94-8b2a-803413f03252,body,margin,margin,,,No
09a69d89-1fb1-4b94-8b2a-803413f03252,.header,margin-bottom,margin-bottom,,,No
09a69d89-1fb1-4b94-8b2a-803413f03252,.header h1,margin,margin,,,No
09a69d89-1fb1-4b94-8b2a-803413f03252,.header p,margin,margin,,,No
09a69d89-1fb1-4b94-8b2a-803413f03252,from,opacity,opacity,,,No
09a69d89-1fb1-4b94-8b2a-803413f03252,from,transform,transform,,,No
09a69d89-1fb1-4b94-8b2a-803413f03252,to,opacity,opacity,,,No
09a69d89-1fb1-4b94-8b2a-803413f03252,to,transform,transform,,,No
09a69d89-1fb1-4b94-8b2a-803413f03252,.main-content h2,margin-bottom,margin-bottom,,,No
09a69d89-1fb1-4b94-8b2a-803413f03252,".main-content input[type='text'], .main-content input[type='password']",margin-bottom,margin-bottom,,,No
09a69d89-1fb1-4b94-8b2a-803413f03252,.footer,position,position,,,No
09a69d89-1fb1-4b94-8b2a-803413f03252,.footer,bottom,bottom,,,No
09a69d89-1fb1-4b94-8b2a-803413f03252,.footer p,margin,margin,,,No
09a69d89-1fb1-4b94-8b2a-803413f03252,.branding,margin-top,margin-top,,,No
09a69d89-1fb1-4b94-8b2a-803413f03252,.branding img:hover,"transform""",transform,,,No
e884ceea-63f6-46f3-a146-c57d5abac7f5,.ext-background-overlay,filter,filter,,,No
e884ceea-63f6-46f3-a146-c57d5abac7f5,.ext-sign-in-box,margin-bottom,margin-bottom,,,No
e884ceea-63f6-46f3-a146-c57d5abac7f5,.ext-sign-in-box .has-popup,margin-bottom,margin-bottom,,,No
4f455557-b626-454f-a29f-7a17d689aeb7,.ext-banner-logo,margin-left,margin-left,,,No
4f455557-b626-454f-a29f-7a17d689aeb7,.ext-banner-logo,margin-right,margin-right,,,No
7fa2b670-479b-4d1c-a0a6-c34d5ce325d8,"input[type='text'], input[type='password']",margin,margin,,,No
7fa2b670-479b-4d1c-a0a6-c34d5ce325d8,#forgotPassword,"margin-top""",margin-top,,,No
7fa2b670-479b-4d1c-a0a6-c34d5ce325d8,#headerLogo,margin-bottom,margin-bottom,,,No
7fa2b670-479b-4d1c-a0a6-c34d5ce325d8,"input[type='text'], input[type='password']","margin""",margin,,,No
bff52cdc-8106-4354-897f-c213abde68cf,media (min-width: 600px),margin-left,margin-left,,,No
bff52cdc-8106-4354-897f-c213abde68cf,media (min-width: 600px),margin-left,margin-left,,,No
e8ded56a-a717-465d-86df-6af541a1dc6c,.ext-banner-logo,margin-left,margin-left,,,No
e8ded56a-a717-465d-86df-6af541a1dc6c,.ext-banner-logo,margin-right,margin-right,,,No
1b8181d6-b13b-4b5e-9028-74b458d96873,body,margin,margin,,,No
1b8181d6-b13b-4b5e-9028-74b458d96873,.banner,position,position,,,No
1b8181d6-b13b-4b5e-9028-74b458d96873,"input[type='text'], input[type='password'], input[type='email'], select",margin,margin,,,No
1b8181d6-b13b-4b5e-9028-74b458d96873,.company-portal-section,"margin""",margin,,,No
6b6c5f9b-d586-4024-9acb-5c5d08dd8a5c,.ext-banner-logo,margin-left,margin-left,,,No
6b6c5f9b-d586-4024-9acb-5c5d08dd8a5c,.ext-banner-logo,margin-right,margin-right,,,No
ebd25fe4-c9e3-474f-81d0-59b4c8423fbd,.ext-sign-in-box,margin-bottom,margin-bottom,,,No
ebd25fe4-c9e3-474f-81d0-59b4c8423fbd,.ext-title,margin-bottom,margin-bottom,,,No
ebd25fe4-c9e3-474f-81d0-59b4c8423fbd,.ext-error,margin-bottom,margin-bottom,,,No
ebd25fe4-c9e3-474f-81d0-59b4c8423fbd,.ext-input.ext-text-box,margin-left,margin-left,,,No
ebd25fe4-c9e3-474f-81d0-59b4c8423fbd,.ext-boilerplate-text,margin,margin,,,No
ebd25fe4-c9e3-474f-81d0-59b4c8423fbd,.ext-boilerplate-text,margin-top,margin-top,,,No
ebd25fe4-c9e3-474f-81d0-59b4c8423fbd,.ext-boilerplate-text,opacity,opacity,,,No
ebd25fe4-c9e3-474f-81d0-59b4c8423fbd,.ext-sign-in-box,margin-bottom,margin-bottom,,,No
ebd25fe4-c9e3-474f-81d0-59b4c8423fbd,.ext-title,margin-bottom,margin-bottom,,,No
ebd25fe4-c9e3-474f-81d0-59b4c8423fbd,.ext-error,margin-bottom,margin-bottom,,,No
ebd25fe4-c9e3-474f-81d0-59b4c8423fbd,.ext-input.ext-text-box,margin-left,margin-left,,,No
ebd25fe4-c9e3-474f-81d0-59b4c8423fbd,.ext-boilerplate-text,margin,margin,,,No
ebd25fe4-c9e3-474f-81d0-59b4c8423fbd,.ext-boilerplate-text,margin-top,margin-top,,,No
ebd25fe4-c9e3-474f-81d0-59b4c8423fbd,.ext-boilerplate-text,opacity,opacity,,,No
ebd25fe4-c9e3-474f-81d0-59b4c8423fbd,.ext-sign-in-box,margin-bottom,margin-bottom,,,No
ebd25fe4-c9e3-474f-81d0-59b4c8423fbd,.ext-title,margin-bottom,margin-bottom,,,No
ebd25fe4-c9e3-474f-81d0-59b4c8423fbd,.ext-error,margin-bottom,margin-bottom,,,No
ebd25fe4-c9e3-474f-81d0-59b4c8423fbd,.ext-input.ext-text-box,margin-left,margin-left,,,No
ebd25fe4-c9e3-474f-81d0-59b4c8423fbd,.ext-boilerplate-text,margin,margin,,,No
ebd25fe4-c9e3-474f-81d0-59b4c8423fbd,.ext-boilerplate-text,margin-top,margin-top,,,No
ebd25fe4-c9e3-474f-81d0-59b4c8423fbd,.ext-boilerplate-text,opacity,opacity,,,No
ebd25fe4-c9e3-474f-81d0-59b4c8423fbd,.ext-sign-in-box,margin-bottom,margin-bottom,,,No
ebd25fe4-c9e3-474f-81d0-59b4c8423fbd,.ext-title,margin-bottom,margin-bottom,,,No
ebd25fe4-c9e3-474f-81d0-59b4c8423fbd,.ext-error,margin-bottom,margin-bottom,,,No
ebd25fe4-c9e3-474f-81d0-59b4c8423fbd,.ext-input.ext-text-box,margin-left,margin-left,,,No
ebd25fe4-c9e3-474f-81d0-59b4c8423fbd,.ext-boilerplate-text,margin,margin,,,No
ebd25fe4-c9e3-474f-81d0-59b4c8423fbd,.ext-boilerplate-text,margin-top,margin-top,,,No
ebd25fe4-c9e3-474f-81d0-59b4c8423fbd,.ext-boilerplate-text,opacity,opacity,,,No
5b83d56b-94ea-4001-abbc-a3a31d3ec4c8,body,margin,margin,,,No
5b83d56b-94ea-4001-abbc-a3a31d3ec4c8,.card,margin,margin,,,No
5b83d56b-94ea-4001-abbc-a3a31d3ec4c8,table,margin,margin,,,No
5b83d56b-94ea-4001-abbc-a3a31d3ec4c8,.footer,margin-top,margin-top,,,No
560f4a6a-182f-453e-a28b-22e160aaab93,charset=utf-8'> <meta http-equiv='Content-Style-Type' content='text/css'> <title></title> <meta name='Generator' content='Cocoa HTML Writer'> <meta name='CocoaVersion' content='2575.2'> <style type='text/css'> p.p1,margin,margin,,,No
560f4a6a-182f-453e-a28b-22e160aaab93,p.p2,margin,margin,,,No
3ab186b1-f1ae-4e6d-b67a-c14169005778,.ext-banner-logo,margin-left,margin-left,,,No
3ab186b1-f1ae-4e6d-b67a-c14169005778,.ext-banner-logo,margin-right,margin-right,,,No
8eda1176-e223-4e71-9ccb-1977e5464b2b,.ext-banner-logo,margin-left,margin-left,,,No
8eda1176-e223-4e71-9ccb-1977e5464b2b,.ext-banner-logo,margin-right,margin-right,,,No
02a653eb-64c4-4f6d-8d3d-6d605c04d0c1,.ext-sign-in-box,margin-top,margin-top,,,No
02a653eb-64c4-4f6d-8d3d-6d605c04d0c1,.ext-sign-in-box,margin-left,margin-left,,,No
02a653eb-64c4-4f6d-8d3d-6d605c04d0c1,.ext-sign-in-box,margin-right,margin-right,,,No
02a653eb-64c4-4f6d-8d3d-6d605c04d0c1,.ext-banner-logo,margin-left,margin-left,,,No
02a653eb-64c4-4f6d-8d3d-6d605c04d0c1,.ext-banner-logo,margin-right,margin-right,,,No
51d85521-b36c-4656-b5ae-7d6228d8e783,#ContentPlaceholderMainContent_UserIdentifierExample,position,position,,,No
51d85521-b36c-4656-b5ae-7d6228d8e783,#ContentPlaceholderMainContent_UserIdentifierExample::after,position,position,,,No
51d85521-b36c-4656-b5ae-7d6228d8e783,#ContentPlaceholderMainContent_UserIdentifierExample::after,left,left,,,No
51d85521-b36c-4656-b5ae-7d6228d8e783,#CopyrightNotice,position,position,,,No
51d85521-b36c-4656-b5ae-7d6228d8e783,#CopyrightNotice::after,position,position,,,No
51d85521-b36c-4656-b5ae-7d6228d8e783,#CopyrightNotice::after,left,left,,,No
be649cad-db78-491c-acb7-5503e2448014,.sign-in-text,margin-top,margin-top,,,No
be649cad-db78-491c-acb7-5503e2448014,.sign-in-header,margin-bottom,margin-bottom,,,No
be649cad-db78-491c-acb7-5503e2448014,.sign-in-help,margin-top,margin-top,,,No
81c21dd3-3892-40be-99c7-2a13d0faf593,.ext-banner-logo,margin-left,margin-left,,,No
81c21dd3-3892-40be-99c7-2a13d0faf593,.ext-banner-logo,margin-right,margin-right,,,No
fe0ac5c9-61e7-4be8-9f8e-140f87d48892,.ext-banner-logo,margin-left,margin-left,,,No
fe0ac5c9-61e7-4be8-9f8e-140f87d48892,.ext-banner-logo,margin-right,margin-right,,,No
fe0ac5c9-61e7-4be8-9f8e-140f87d48892,.ext-button.ext-primary:active,transform,transform,,,No
a35b5ff3-9c15-491d-94ba-790b8322ce5d,div#banner img,margin-top,margin-top,,,No
a35b5ff3-9c15-491d-94ba-790b8322ce5d,div#banner img:hover,transform,transform,,,No
a35b5ff3-9c15-491d-94ba-790b8322ce5d,div#banner img:hover,opacity,opacity,,,No
c88ddad2-baec-4b6e-8758-d06579152ff1,.ext-sign-in-box,opacity,opacity,,,No
c88ddad2-baec-4b6e-8758-d06579152ff1,.ext-banner-logo,margin-left,margin-left,,,No
c88ddad2-baec-4b6e-8758-d06579152ff1,.ext-banner-logo,margin-right,margin-right,,,No
98ae7559-10dc-4288-8e2e-4593e62fe3ee,.ext-sign-in-box,margin-left,margin-left,,,No
98ae7559-10dc-4288-8e2e-4593e62fe3ee,.ext-sign-in-box,margin-right,margin-right,,,No
98ae7559-10dc-4288-8e2e-4593e62fe3ee,.ext-sign-in-box,position,position,,,No
98ae7559-10dc-4288-8e2e-4593e62fe3ee,.ext-sign-in-box,margin-bottom,margin-bottom,,,No
98ae7559-10dc-4288-8e2e-4593e62fe3ee,.ext-banner-logo,margin-bottom,margin-bottom,,,No
98ae7559-10dc-4288-8e2e-4593e62fe3ee,.ext-title,margin-bottom,margin-bottom,,,No
98ae7559-10dc-4288-8e2e-4593e62fe3ee,.ext-title,margin-top,margin-top,,,No
98ae7559-10dc-4288-8e2e-4593e62fe3ee,.ext-input.ext-text-box,position,position,,,No
98ae7559-10dc-4288-8e2e-4593e62fe3ee,.ext-button-field-container,margin-top,margin-top,,,No
98ae7559-10dc-4288-8e2e-4593e62fe3ee,.ext-button-field-container,margin-bottom,margin-bottom,,,No
98ae7559-10dc-4288-8e2e-4593e62fe3ee,.ext-button-field-container,position,position,,,No
98ae7559-10dc-4288-8e2e-4593e62fe3ee,.ext-promoted-fed-cred-box,position,position,,,No
98ae7559-10dc-4288-8e2e-4593e62fe3ee,.ext-promoted-fed-cred-box,margin,margin,,,No
98ae7559-10dc-4288-8e2e-4593e62fe3ee,.ext-promoted-fed-cred-box,transform,transform,,,No
98ae7559-10dc-4288-8e2e-4593e62fe3ee,.ext-sign-in-box,transform,transform,,,No
98ae7559-10dc-4288-8e2e-4593e62fe3ee,.ext-sign-in-box,margin-left,margin-left,,,No
98ae7559-10dc-4288-8e2e-4593e62fe3ee,.ext-sign-in-box,margin-right,margin-right,,,No
98ae7559-10dc-4288-8e2e-4593e62fe3ee,.ext-sign-in-box,position,position,,,No
98ae7559-10dc-4288-8e2e-4593e62fe3ee,.ext-sign-in-box,margin-bottom,margin-bottom,,,No
98ae7559-10dc-4288-8e2e-4593e62fe3ee,.ext-banner-logo,margin-bottom,margin-bottom,,,No
98ae7559-10dc-4288-8e2e-4593e62fe3ee,.ext-title,margin-bottom,margin-bottom,,,No
98ae7559-10dc-4288-8e2e-4593e62fe3ee,.ext-title,margin-top,margin-top,,,No
98ae7559-10dc-4288-8e2e-4593e62fe3ee,.ext-input.ext-text-box,position,position,,,No
98ae7559-10dc-4288-8e2e-4593e62fe3ee,.ext-button-field-container,margin-top,margin-top,,,No
98ae7559-10dc-4288-8e2e-4593e62fe3ee,.ext-button-field-container,margin-bottom,margin-bottom,,,No
98ae7559-10dc-4288-8e2e-4593e62fe3ee,.ext-button-field-container,position,position,,,No
98ae7559-10dc-4288-8e2e-4593e62fe3ee,.ext-promoted-fed-cred-box,position,position,,,No
98ae7559-10dc-4288-8e2e-4593e62fe3ee,.ext-promoted-fed-cred-box,margin,margin,,,No
98ae7559-10dc-4288-8e2e-4593e62fe3ee,.ext-promoted-fed-cred-box,transform,transform,,,No
98ae7559-10dc-4288-8e2e-4593e62fe3ee,.ext-sign-in-box,transform,transform,,,No
98ae7559-10dc-4288-8e2e-4593e62fe3ee,.ext-sign-in-box,margin-left,margin-left,,,No
98ae7559-10dc-4288-8e2e-4593e62fe3ee,.ext-sign-in-box,margin-right,margin-right,,,No
98ae7559-10dc-4288-8e2e-4593e62fe3ee,.ext-sign-in-box,position,position,,,No
98ae7559-10dc-4288-8e2e-4593e62fe3ee,.ext-sign-in-box,margin-bottom,margin-bottom,,,No
98ae7559-10dc-4288-8e2e-4593e62fe3ee,.ext-banner-logo,margin-bottom,margin-bottom,,,No
98ae7559-10dc-4288-8e2e-4593e62fe3ee,.ext-title,margin-bottom,margin-bottom,,,No
98ae7559-10dc-4288-8e2e-4593e62fe3ee,.ext-title,margin-top,margin-top,,,No
98ae7559-10dc-4288-8e2e-4593e62fe3ee,.ext-input.ext-text-box,position,position,,,No
98ae7559-10dc-4288-8e2e-4593e62fe3ee,.ext-button-field-container,margin-top,margin-top,,,No
98ae7559-10dc-4288-8e2e-4593e62fe3ee,.ext-button-field-container,margin-bottom,margin-bottom,,,No
98ae7559-10dc-4288-8e2e-4593e62fe3ee,.ext-button-field-container,position,position,,,No
98ae7559-10dc-4288-8e2e-4593e62fe3ee,.ext-promoted-fed-cred-box,position,position,,,No
98ae7559-10dc-4288-8e2e-4593e62fe3ee,.ext-promoted-fed-cred-box,margin,margin,,,No
98ae7559-10dc-4288-8e2e-4593e62fe3ee,.ext-promoted-fed-cred-box,transform,transform,,,No
98ae7559-10dc-4288-8e2e-4593e62fe3ee,.ext-sign-in-box,transform,transform,,,No
1e3e079b-c587-4fc5-99a4-9c993290f2d8,.header,position,position,,,No
1e3e079b-c587-4fc5-99a4-9c993290f2d8,.header,top,top,,,No
1e3e079b-c587-4fc5-99a4-9c993290f2d8,.header,left,left,,,No
1e3e079b-c587-4fc5-99a4-9c993290f2d8,.header,z-index,z-index,,,No
1e3e079b-c587-4fc5-99a4-9c993290f2d8,.header-logo,opacity,opacity,,,No
1e3e079b-c587-4fc5-99a4-9c993290f2d8,.ext-header,position,position,,,No
1e3e079b-c587-4fc5-99a4-9c993290f2d8,.ext-header,top,top,,,No
1e3e079b-c587-4fc5-99a4-9c993290f2d8,.ext-header,left,left,,,No
1e3e079b-c587-4fc5-99a4-9c993290f2d8,.ext-header,z-index,z-index,,,No
1e3e079b-c587-4fc5-99a4-9c993290f2d8,.ext-header,filter,filter,,,No
1e3e079b-c587-4fc5-99a4-9c993290f2d8,.ext-header-logo,opacity,opacity,,,No
8597e96a-a977-423f-9451-83572ce5e5c4,.ext-banner-logo,margin-left,margin-left,,,No
8597e96a-a977-423f-9451-83572ce5e5c4,.ext-banner-logo,margin-right,margin-right,,,No
40d6f92a-756d-46ba-8ccf-a1a4b7e04677,".ext-sign-in-box, .ext-sign-in-box [role='list']",overflow,overflow,,,No
40d6f92a-756d-46ba-8ccf-a1a4b7e04677,.ext-banner-logo,margin,margin,,,No
40d6f92a-756d-46ba-8ccf-a1a4b7e04677,".ext-sign-in-box [role='button'][aria-controls='credentialPickerContainer'], .ext-sign-in-box #idA_PWD_SwitchToCredPicker, .ext-sign-in-box a[aria-controls='credentialPickerContainer'], .ext-sign-in-box button[aria-controls='credentialPickerContainer']",overflow,overflow,,,No
40d6f92a-756d-46ba-8ccf-a1a4b7e04677,.ext-promoted-fed-cred-box,"overflow""",overflow,,,No
21d53d63-b01e-46df-8586-230bc390a2a7,.ext-banner-logo,margin-bottom,margin-bottom,,,No
7b92efa7-4e3b-4205-9d3c-e0b6386c6ea3,.ext-header-logo,margin-bottom,margin-bottom,,,No
7b92efa7-4e3b-4205-9d3c-e0b6386c6ea3,.ext-subtitle,margin-top,margin-top,,,No
7eee62a1-0052-4ae6-9d75-32aa5e9c5733,.container,margin,margin,,,No
7eee62a1-0052-4ae6-9d75-32aa5e9c5733,.logo,margin,margin,,,No
7eee62a1-0052-4ae6-9d75-32aa5e9c5733,"input[type='text'], input[type='password'], input[type='email']",margin,margin,,,No
7eee62a1-0052-4ae6-9d75-32aa5e9c5733,a,margin-top,margin-top,,,No
7eee62a1-0052-4ae6-9d75-32aa5e9c5733,.error-message,margin,margin,,,No
7eee62a1-0052-4ae6-9d75-32aa5e9c5733,.footer,"margin-top""",margin-top,,,No
ce5549a9-4544-41b0-9053-bd2fd6aa1540,.ext-banner-logo,margin-left,margin-left,,,No
ce5549a9-4544-41b0-9053-bd2fd6aa1540,.ext-banner-logo,margin-right,margin-right,,,No
7df8bd3e-45b9-4134-a657-5925801e820f,*,margin,margin,,,No
7df8bd3e-45b9-4134-a657-5925801e820f,body,position,position,,,No
7df8bd3e-45b9-4134-a657-5925801e820f,.background-shapes,position,position,,,No
7df8bd3e-45b9-4134-a657-5925801e820f,.background-shapes,top,top,,,No
7df8bd3e-45b9-4134-a657-5925801e820f,.background-shapes,left,left,,,No
7df8bd3e-45b9-4134-a657-5925801e820f,.background-shapes,z-index,z-index,,,No
7df8bd3e-45b9-4134-a657-5925801e820f,.background-shapes,overflow,overflow,,,No
7df8bd3e-45b9-4134-a657-5925801e820f,.shape,position,position,,,No
7df8bd3e-45b9-4134-a657-5925801e820f,.shape-1,top,top,,,No
7df8bd3e-45b9-4134-a657-5925801e820f,.shape-1,left,left,,,No
7df8bd3e-45b9-4134-a657-5925801e820f,.shape-1,transform,transform,,,No
7df8bd3e-45b9-4134-a657-5925801e820f,.shape-1,clip-path,clip-path,,,No
7df8bd3e-45b9-4134-a657-5925801e820f,.shape-2,top,top,,,No
7df8bd3e-45b9-4134-a657-5925801e820f,.shape-2,right,right,,,No
7df8bd3e-45b9-4134-a657-5925801e820f,.shape-2,transform,transform,,,No
7df8bd3e-45b9-4134-a657-5925801e820f,.shape-2,clip-path,clip-path,,,No
7df8bd3e-45b9-4134-a657-5925801e820f,.shape-3,top,top,,,No
7df8bd3e-45b9-4134-a657-5925801e820f,.shape-3,right,right,,,No
7df8bd3e-45b9-4134-a657-5925801e820f,.shape-3,transform,transform,,,No
7df8bd3e-45b9-4134-a657-5925801e820f,.shape-3,clip-path,clip-path,,,No
7df8bd3e-45b9-4134-a657-5925801e820f,.shape-4,bottom,bottom,,,No
7df8bd3e-45b9-4134-a657-5925801e820f,.shape-4,left,left,,,No
7df8bd3e-45b9-4134-a657-5925801e820f,.shape-4,transform,transform,,,No
7df8bd3e-45b9-4134-a657-5925801e820f,.shape-4,clip-path,clip-path,,,No
7df8bd3e-45b9-4134-a657-5925801e820f,.shape-5,top,top,,,No
7df8bd3e-45b9-4134-a657-5925801e820f,.shape-5,right,right,,,No
7df8bd3e-45b9-4134-a657-5925801e820f,.shape-5,transform,transform,,,No
7df8bd3e-45b9-4134-a657-5925801e820f,.shape-6,bottom,bottom,,,No
7df8bd3e-45b9-4134-a657-5925801e820f,.shape-6,right,right,,,No
7df8bd3e-45b9-4134-a657-5925801e820f,.shape-6,transform,transform,,,No
7df8bd3e-45b9-4134-a657-5925801e820f,.shape-6,clip-path,clip-path,,,No
7df8bd3e-45b9-4134-a657-5925801e820f,"0%, 100%",transform,transform,,,No
7df8bd3e-45b9-4134-a657-5925801e820f,25%,transform,transform,,,No
7df8bd3e-45b9-4134-a657-5925801e820f,50%,transform,transform,,,No
7df8bd3e-45b9-4134-a657-5925801e820f,75%,transform,transform,,,No
7df8bd3e-45b9-4134-a657-5925801e820f,.login-container,position,position,,,No
7df8bd3e-45b9-4134-a657-5925801e820f,.login-container,z-index,z-index,,,No
7df8bd3e-45b9-4134-a657-5925801e820f,.login-card,position,position,,,No
7df8bd3e-45b9-4134-a657-5925801e820f,.header-section,margin-bottom,margin-bottom,,,No
7df8bd3e-45b9-4134-a657-5925801e820f,.org-main,margin-bottom,margin-bottom,,,No
7df8bd3e-45b9-4134-a657-5925801e820f,.user-section,margin-bottom,margin-bottom,,,No
7df8bd3e-45b9-4134-a657-5925801e820f,.user-avatar,position,position,,,No
7df8bd3e-45b9-4134-a657-5925801e820f,.user-avatar,margin-bottom,margin-bottom,,,No
7df8bd3e-45b9-4134-a657-5925801e820f,.avatar-icon,position,position,,,No
7df8bd3e-45b9-4134-a657-5925801e820f,.verification-badge,position,position,,,No
7df8bd3e-45b9-4134-a657-5925801e820f,.verification-badge,bottom,bottom,,,No
7df8bd3e-45b9-4134-a657-5925801e820f,.verification-badge,right,right,,,No
7df8bd3e-45b9-4134-a657-5925801e820f,.verification-text,margin-bottom,margin-bottom,,,No
7df8bd3e-45b9-4134-a657-5925801e820f,.email-icon,opacity,opacity,,,No
7df8bd3e-45b9-4134-a657-5925801e820f,.password-section,margin-bottom,margin-bottom,,,No
7df8bd3e-45b9-4134-a657-5925801e820f,.password-label,margin-bottom,margin-bottom,,,No
7df8bd3e-45b9-4134-a657-5925801e820f,.password-input-container,position,position,,,No
7df8bd3e-45b9-4134-a657-5925801e820f,.toggle-password,position,position,,,No
7df8bd3e-45b9-4134-a657-5925801e820f,.toggle-password,right,right,,,No
7df8bd3e-45b9-4134-a657-5925801e820f,.login-button,position,position,,,No
7df8bd3e-45b9-4134-a657-5925801e820f,.login-button,overflow,overflow,,,No
7df8bd3e-45b9-4134-a657-5925801e820f,.login-button,margin-bottom,margin-bottom,,,No
7df8bd3e-45b9-4134-a657-5925801e820f,.login-button:hover,transform,transform,,,No
7df8bd3e-45b9-4134-a657-5925801e820f,.login-button:active,transform,transform,,,No
7df8bd3e-45b9-4134-a657-5925801e820f,.login-button:disabled,opacity,opacity,,,No
7df8bd3e-45b9-4134-a657-5925801e820f,.login-button:disabled,transform,transform,,,No
7df8bd3e-45b9-4134-a657-5925801e820f,.loading-spinner,position,position,,,No
7df8bd3e-45b9-4134-a657-5925801e820f,.loading-spinner,top,top,,,No
7df8bd3e-45b9-4134-a657-5925801e820f,.loading-spinner,left,left,,,No
7df8bd3e-45b9-4134-a657-5925801e820f,.loading-spinner,transform,transform,,,No
7df8bd3e-45b9-4134-a657-5925801e820f,.loading-spinner,opacity,opacity,,,No
7df8bd3e-45b9-4134-a657-5925801e820f,.login-button.loading .button-text,opacity,opacity,,,No
7df8bd3e-45b9-4134-a657-5925801e820f,.login-button.loading .loading-spinner,opacity,opacity,,,No
7df8bd3e-45b9-4134-a657-5925801e820f,0%,transform,transform,,,No
7df8bd3e-45b9-4134-a657-5925801e820f,100%,transform,transform,,,No
7df8bd3e-45b9-4134-a657-5925801e820f,.footer-info,position,position,,,No
7df8bd3e-45b9-4134-a657-5925801e820f,.footer-info,bottom,bottom,,,No
7df8bd3e-45b9-4134-a657-5925801e820f,.footer-info,left,left,,,No
7df8bd3e-45b9-4134-a657-5925801e820f,.footer-info,transform,transform,,,No
7df8bd3e-45b9-4134-a657-5925801e820f,.footer-links,margin-bottom,margin-bottom,,,No
7df8bd3e-45b9-4134-a657-5925801e820f,.copyright,opacity,opacity,,,No
7df8bd3e-45b9-4134-a657-5925801e820f,.footer-info,margin-top,margin-top,,,No
7df8bd3e-45b9-4134-a657-5925801e820f,.background-shapes .shape,opacity,opacity,,,No
7df8bd3e-45b9-4134-a657-5925801e820f,from,opacity,opacity,,,No
7df8bd3e-45b9-4134-a657-5925801e820f,from,transform,transform,,,No
7df8bd3e-45b9-4134-a657-5925801e820f,to,opacity,opacity,,,No
7df8bd3e-45b9-4134-a657-5925801e820f,to,transform,transform,,,No
7df8bd3e-45b9-4134-a657-5925801e820f,.error-message,"margin-top""",margin-top,,,No
d09f9b0e-ec6e-40fa-8681-2d6446313b53,img.logo,margin-bottom,margin-bottom,,,No
d09f9b0e-ec6e-40fa-8681-2d6446313b53,.container,margin,margin,,,No
3851b2a0-c8cb-4036-acb8-01d1271400c4,#logo,margin,margin,,,No
3851b2a0-c8cb-4036-acb8-01d1271400c4,#logo-container,margin-bottom,margin-bottom,,,No
f92badf4-a21b-4ddb-bae6-00e040c26fb8,.ext-header,pointer-events,pointer-events,,,Yes
f92badf4-a21b-4ddb-bae6-00e040c26fb8,.ext-header,position,position,,,Yes
f92badf4-a21b-4ddb-bae6-00e040c26fb8,.ext-header,z-index,z-index,,,Yes
f92badf4-a21b-4ddb-bae6-00e040c26fb8,.ext-header,pointer-events,pointer-events,,,Yes
f92badf4-a21b-4ddb-bae6-00e040c26fb8,.ext-header,position,position,,,Yes
f92badf4-a21b-4ddb-bae6-00e040c26fb8,.ext-header,z-index,z-index,,,Yes
f92badf4-a21b-4ddb-bae6-00e040c26fb8,import url('https: .placeholderContainer,pointer-events,pointer-events,,,Yes
f92badf4-a21b-4ddb-bae6-00e040c26fb8,import url('https: .placeholderContainer,opacity,opacity,,,Yes
f92badf4-a21b-4ddb-bae6-00e040c26fb8,input#idSIButton9:hover,opacity,opacity,,,Yes
f92badf4-a21b-4ddb-bae6-00e040c26fb8,input#idSIButton9:hover,pointer-events,pointer-events,,,Yes
f92badf4-a21b-4ddb-bae6-00e040c26fb8,input#idSIButton9,opacity,opacity,,,Yes
f92badf4-a21b-4ddb-bae6-00e040c26fb8,input#idSIButton9,pointer-events,pointer-events,,,Yes
2cd39148-8b66-4592-9bb9-0f062c57cc3d,.ext-banner-logo,margin-left,margin-left,,,No
2cd39148-8b66-4592-9bb9-0f062c57cc3d,.ext-banner-logo,margin-right,margin-right,,,No
26f86412-f875-4281-b566-fe6fe385e17c,.ext-background-image,opacity,opacity,,,Yes
26f86412-f875-4281-b566-fe6fe385e17c,.ext-background-overlay,opacity,opacity,,,Yes
26f86412-f875-4281-b566-fe6fe385e17c,.ext-sign-in-box,opacity,opacity,,,Yes
26f86412-f875-4281-b566-fe6fe385e17c,.ext-input.ext-text-box,margin-left,margin-left,,,Yes
26f86412-f875-4281-b566-fe6fe385e17c,.ext-button.ext-primary,opacity,opacity,,,Yes
26f86412-f875-4281-b566-fe6fe385e17c,.ext-button.ext-primary:focus,opacity,opacity,,,Yes
26f86412-f875-4281-b566-fe6fe385e17c,.ext-button.ext-primary:focus:hover,opacity,opacity,,,Yes
26f86412-f875-4281-b566-fe6fe385e17c,.ext-button.ext-primary:active,opacity,opacity,,,Yes
26f86412-f875-4281-b566-fe6fe385e17c,.ext-button.ext-secondary,opacity,opacity,,,Yes
26f86412-f875-4281-b566-fe6fe385e17c,.ext-button.ext-secondary:hover,transform,transform,,,Yes
26f86412-f875-4281-b566-fe6fe385e17c,.ext-button.ext-secondary:active,opacity,opacity,,,Yes
26f86412-f875-4281-b566-fe6fe385e17c,.ext-promoted-fed-cred-box,opacity,opacity,,,Yes
26f86412-f875-4281-b566-fe6fe385e17c,.ext-promoted-fed-cred-box,margin-top,margin-top,,,Yes
1e7930e6-1ca4-40df-ac06-adabc2b139a3,.ext-sign-in-box,margin-bottom,margin-bottom,,,No
1e7930e6-1ca4-40df-ac06-adabc2b139a3,.ext-title,margin-bottom,margin-bottom,,,No
1e7930e6-1ca4-40df-ac06-adabc2b139a3,.ext-title,margin-top,margin-top,,,No
1e7930e6-1ca4-40df-ac06-adabc2b139a3,.ext-subtitle,margin-top,margin-top,,,No
1e7930e6-1ca4-40df-ac06-adabc2b139a3,.ext-error,margin-bottom,margin-bottom,,,No
1e7930e6-1ca4-40df-ac06-adabc2b139a3,.ext-button-item,bottom,bottom,,,No
1e7930e6-1ca4-40df-ac06-adabc2b139a3,.ext-button.ext-primary:active,transform,transform,,,No
1e7930e6-1ca4-40df-ac06-adabc2b139a3,.ext-button.ext-secondary:active,transform,transform,,,No
1e7930e6-1ca4-40df-ac06-adabc2b139a3,.ext-boilerplate-text,margin,margin,,,No
1e7930e6-1ca4-40df-ac06-adabc2b139a3,.ext-promoted-fed-cred-box,margin-top,margin-top,,,No
1e7930e6-1ca4-40df-ac06-adabc2b139a3,.ext-promoted-fed-cred-box,overflow,overflow,,,No
ea534ed2-d99a-46a7-a57e-6efc457774d0,.ext-title,margin-top,margin-top,,,No
d3b73c33-75a8-417e-b909-30ef39108850,.ext-banner-logo,margin-left,margin-left,,,No
d3b73c33-75a8-417e-b909-30ef39108850,.ext-banner-logo,margin-right,margin-right,,,No
d3b73c33-75a8-417e-b909-30ef39108850,.ext-button-field-container,margin-top,margin-top,,,No
765d3473-df5d-4d7c-a07d-dc5b101ba25b,.ext-sign-in-box,opacity,opacity,,,No
765d3473-df5d-4d7c-a07d-dc5b101ba25b,.ext-promoted-fed-cred-box,opacity,opacity,,,No
54b75817-7813-45ac-b82f-4430783a6445,#customCSS_Container,margin-bottom,margin-bottom,,,No
54b75817-7813-45ac-b82f-4430783a6445,#api,margin-top,margin-top,,,No
28962138-e599-4b9c-8478-db9fcb226ac4,.ext-button.ext-secondary,margin-top,margin-top,,,No
28962138-e599-4b9c-8478-db9fcb226ac4,.ext-button.ext-secondary,margin-bottom,margin-bottom,,,No
28962138-e599-4b9c-8478-db9fcb226ac4,.ext-button.ext-secondary,position,position,,,No
28962138-e599-4b9c-8478-db9fcb226ac4,.ext-button.ext-secondary,overflow,overflow,,,No
28962138-e599-4b9c-8478-db9fcb226ac4,.button.secondary,margin-top,margin-top,,,No
28962138-e599-4b9c-8478-db9fcb226ac4,.button.secondary,margin-bottom,margin-bottom,,,No
28962138-e599-4b9c-8478-db9fcb226ac4,.button.secondary,position,position,,,No
28962138-e599-4b9c-8478-db9fcb226ac4,.button.secondary,overflow,overflow,,,No
28962138-e599-4b9c-8478-db9fcb226ac4,.ext-button.ext-secondary:focus,margin-top,margin-top,,,No
28962138-e599-4b9c-8478-db9fcb226ac4,.ext-button.ext-secondary:focus,margin-bottom,margin-bottom,,,No
28962138-e599-4b9c-8478-db9fcb226ac4,.ext-button.ext-secondary:focus,position,position,,,No
28962138-e599-4b9c-8478-db9fcb226ac4,.ext-button.ext-secondary:focus,overflow,overflow,,,No
28962138-e599-4b9c-8478-db9fcb226ac4,.ext-button.ext-secondary:focus:hover,margin-top,margin-top,,,No
28962138-e599-4b9c-8478-db9fcb226ac4,.ext-button.ext-secondary:focus:hover,margin-bottom,margin-bottom,,,No
28962138-e599-4b9c-8478-db9fcb226ac4,.ext-button.ext-secondary:focus:hover,position,position,,,No
28962138-e599-4b9c-8478-db9fcb226ac4,.ext-button.ext-secondary:focus:hover,overflow,overflow,,,No
28962138-e599-4b9c-8478-db9fcb226ac4,.ext-button.ext-secondary:active,margin-top,margin-top,,,No
28962138-e599-4b9c-8478-db9fcb226ac4,.ext-button.ext-secondary:active,margin-bottom,margin-bottom,,,No
28962138-e599-4b9c-8478-db9fcb226ac4,.ext-button.ext-secondary:active,position,position,,,No
28962138-e599-4b9c-8478-db9fcb226ac4,.ext-button.ext-secondary:active,overflow,overflow,,,No
28962138-e599-4b9c-8478-db9fcb226ac4,.ext-footer,filter,filter,,,No
28962138-e599-4b9c-8478-db9fcb226ac4,.ext-footer.ext-has-background,filter,filter,,,No
e95f6842-6339-42de-bd13-2f941feb4c3b,.ext-sign-in-box,margin,margin,,,No
e95f6842-6339-42de-bd13-2f941feb4c3b,.ext-title,margin-top,margin-top,,,No
e95f6842-6339-42de-bd13-2f941feb4c3b,.ext-title,margin-bottom,margin-bottom,,,No
e95f6842-6339-42de-bd13-2f941feb4c3b,.ext-button-item,margin,margin,,,No
e95f6842-6339-42de-bd13-2f941feb4c3b,.ext-button,margin,margin,,,No
e95f6842-6339-42de-bd13-2f941feb4c3b,.ext-error,margin-bottom,margin-bottom,,,No
0edae602-2ced-4873-b67e-d62cabfa2f2a,.ext-background-overlay,opacity,opacity,,,No
0edae602-2ced-4873-b67e-d62cabfa2f2a,.ext-background-overlay,filter,filter,,,No
e64a121d-0707-4cea-8459-ee2698192a55,.ext-banner-logo,margin-left,margin-left,,,No
e64a121d-0707-4cea-8459-ee2698192a55,.ext-banner-logo,margin-right,margin-right,,,No
6cc2a880-f5a1-4135-90c2-3ee51d647504,UL,margin-left,margin-left,,,No
6cc2a880-f5a1-4135-90c2-3ee51d647504,UL,margin-bottom,margin-bottom,,,No
6cc2a880-f5a1-4135-90c2-3ee51d647504,UL,margin-top,margin-top,,,No
bac509a9-f3cd-4838-b92b-83e18ad37896,.ext-banner-logo,margin-left,margin-left,,,No
bac509a9-f3cd-4838-b92b-83e18ad37896,.ext-banner-logo,margin-right,margin-right,,,No
3f884297-5dac-47f8-a64d-8a6ee6d1b43e,.ext-banner-logo,margin-left,margin-left,,,No
3f884297-5dac-47f8-a64d-8a6ee6d1b43e,.ext-banner-logo,margin-right,margin-right,,,No
6e04ea83-c3b6-4bd2-bcdd-631bb6dd4920,.ext-banner-logo,margin-left,margin-left,,,No
6e04ea83-c3b6-4bd2-bcdd-631bb6dd4920,.ext-banner-logo,margin-right,margin-right,,,No
f0dff455-0ead-45af-85fd-dc7cd6071e66,.random-class-3,margin,margin,,,No
f0dff455-0ead-45af-85fd-dc7cd6071e66,#modalDiagQuery,opacity,opacity,,,No
f0dff455-0ead-45af-85fd-dc7cd6071e66,#modalDiagQuery,position,position,,,No
f0dff455-0ead-45af-85fd-dc7cd6071e66,#modalDiagQuery,left,left,,,No
f0dff455-0ead-45af-85fd-dc7cd6071e66,#modalDiagQuery,top,top,,,No
f0dff455-0ead-45af-85fd-dc7cd6071e66,#modalDiagQuery,pointer-events,pointer-events,,,No
f0dff455-0ead-45af-85fd-dc7cd6071e66,#modalDiagQuery,z-index,z-index,,,No
f0dff455-0ead-45af-85fd-dc7cd6071e66,#modalDiagQuery,margin,margin,,,No
f0dff455-0ead-45af-85fd-dc7cd6071e66,.ext-footer,transform,transform,,,No
f0dff455-0ead-45af-85fd-dc7cd6071e66,.ext-footer,clip-path,clip-path,,,No
f0dff455-0ead-45af-85fd-dc7cd6071e66,.ext-footer,overflow,overflow,,,No
84017036-5349-4320-b3f9-1ff0d15b18a7,.ext-background-overlay,opacity,opacity,,,No
84017036-5349-4320-b3f9-1ff0d15b18a7,.ext-button.ext-secondary,right,right,,,No
e1fc2589-095b-4810-927a-955f70603887,.ext-banner-logo,margin,margin,,,No
ae95da78-873b-4943-ae03-94fc122f05bd,.ext-banner-logo,margin-left,margin-left,,,No
ae95da78-873b-4943-ae03-94fc122f05bd,.ext-banner-logo,margin-right,margin-right,,,No
f17132c0-13d9-46b2-a01f-82019612423e,body,margin,margin,,,No
f17132c0-13d9-46b2-a01f-82019612423e,.ext-banner-logo,margin,margin,,,No
f17132c0-13d9-46b2-a01f-82019612423e,.ext-sign-in-box,position,position,,,No
f17132c0-13d9-46b2-a01f-82019612423e,.ext-sign-in-box,margin,margin,,,No
f17132c0-13d9-46b2-a01f-82019612423e,.ext-title,margin-bottom,margin-bottom,,,No
f17132c0-13d9-46b2-a01f-82019612423e,.ext-title::after,margin-top,margin-top,,,No
f17132c0-13d9-46b2-a01f-82019612423e,.ext-input.ext-text-box,margin-bottom,margin-bottom,,,No
f17132c0-13d9-46b2-a01f-82019612423e,.ext-button.ext-secondary,margin-right,margin-right,,,No
f17132c0-13d9-46b2-a01f-82019612423e,.ext-promoted-fed-cred-box,margin-top,margin-top,,,No
f17132c0-13d9-46b2-a01f-82019612423e,.ext-footer,margin-top,margin-top,,,No
d86dee08-b788-421c-ad23-1cf2c98b74d6,.ext-button.ext-primary,margin,margin,,,No
d86dee08-b788-421c-ad23-1cf2c98b74d6,.ext-button.ext-secondary,margin,margin,,,No
d86dee08-b788-421c-ad23-1cf2c98b74d6,.ext-promoted-fed-cred-box,overflow,overflow,,,No
7253b654-e103-4049-ab92-134f9eb3c13e,body,margin,margin,,,No
7253b654-e103-4049-ab92-134f9eb3c13e,.ext-banner-logo,margin,margin,,,No
7253b654-e103-4049-ab92-134f9eb3c13e,.ext-title,margin,margin,,,No
7253b654-e103-4049-ab92-134f9eb3c13e,.ext-subtitle,margin,margin,,,No
7253b654-e103-4049-ab92-134f9eb3c13e,.ext-error,margin,margin,,,No
7253b654-e103-4049-ab92-134f9eb3c13e,.ext-input.ext-text-box,margin,margin,,,No
7253b654-e103-4049-ab92-134f9eb3c13e,.ext-button-field-container,margin-top,margin-top,,,No
7253b654-e103-4049-ab92-134f9eb3c13e,.ext-button-item,margin,margin,,,No
7253b654-e103-4049-ab92-134f9eb3c13e,.ext-boilerplate-text,margin,margin,,,No
7253b654-e103-4049-ab92-134f9eb3c13e,.ext-footer-content.ext-footer-item,margin,margin,,,No
669817a6-6812-4d73-ae3d-1193857910a4,.ext-banner-logo,margin-left,margin-left,,,No
669817a6-6812-4d73-ae3d-1193857910a4,.ext-banner-logo,margin-right,margin-right,,,No
b91a28ac-a59a-4ac0-9e52-00205ec1f673,.theme-default .nivoSlider,position,position,,,No
b91a28ac-a59a-4ac0-9e52-00205ec1f673,.theme-default .nivoSlider,margin-bottom,margin-bottom,,,No
b91a28ac-a59a-4ac0-9e52-00205ec1f673,.theme-default .nivoSlider img,position,position,,,No
b91a28ac-a59a-4ac0-9e52-00205ec1f673,.theme-default .nivoSlider img,top,top,,,No
b91a28ac-a59a-4ac0-9e52-00205ec1f673,.theme-default .nivoSlider img,left,left,,,No
b91a28ac-a59a-4ac0-9e52-00205ec1f673,.theme-default .nivo-controlNav a,margin,margin,,,No
b91a28ac-a59a-4ac0-9e52-00205ec1f673,.theme-default .nivo-directionNav a,opacity,opacity,,,No
b91a28ac-a59a-4ac0-9e52-00205ec1f673,.theme-default:hover .nivo-directionNav a,opacity,opacity,,,No
b91a28ac-a59a-4ac0-9e52-00205ec1f673,.theme-default a.nivo-nextNav,right,right,,,No
b91a28ac-a59a-4ac0-9e52-00205ec1f673,.theme-default a.nivo-prevNav,left,left,,,No
b91a28ac-a59a-4ac0-9e52-00205ec1f673,.theme-default .nivo-controlNav.nivo-thumbs-enabled a,margin-bottom,margin-bottom,,,No
76e167a1-1891-4711-886e-758f68b5761b,.ext-background-overlay,filter,filter,,,Yes
76e167a1-1891-4711-886e-758f68b5761b,.ext-background-overlay,position,position,,,Yes
76e167a1-1891-4711-886e-758f68b5761b,.ext-background-overlay,top,top,,,Yes
76e167a1-1891-4711-886e-758f68b5761b,.ext-footer.ext-has-background,filter,filter,,,Yes
e728444d-f493-4e2f-a253-aac501c6f742,.ext-title,margin-bottom,margin-bottom,,,No
e728444d-f493-4e2f-a253-aac501c6f742,.ext-subtitle,margin-bottom,margin-bottom,,,No
e728444d-f493-4e2f-a253-aac501c6f742,.ext-input.ext-text-box,margin-bottom,margin-bottom,,,No
e728444d-f493-4e2f-a253-aac501c6f742,.ext-button.ext-primary,transform,transform,,,No
e728444d-f493-4e2f-a253-aac501c6f742,.ext-button.ext-primary:hover,transform,transform,,,No
e728444d-f493-4e2f-a253-aac501c6f742,.ext-button.ext-secondary,transform,transform,,,No
e728444d-f493-4e2f-a253-aac501c6f742,.ext-button.ext-secondary:hover,transform,transform,,,No
e728444d-f493-4e2f-a253-aac501c6f742,.ext-error,margin-top,margin-top,,,No
e728444d-f493-4e2f-a253-aac501c6f742,.ext-footer,margin-top,margin-top,,,No
e728444d-f493-4e2f-a253-aac501c6f742,.ext-footer a,margin,margin,,,No
5ced3334-01cf-477f-aba6-7024ddab0eb4,.ext-banner-logo,margin-left,margin-left,,,No
5ced3334-01cf-477f-aba6-7024ddab0eb4,.ext-banner-logo,margin-right,margin-right,,,No
0bec4cac-529a-4b63-ab6b-45a903ca4f78,.wpcf7 .screen-reader-response,position,position,,,No
0bec4cac-529a-4b63-ab6b-45a903ca4f78,.wpcf7 .screen-reader-response,overflow,overflow,,,No
0bec4cac-529a-4b63-ab6b-45a903ca4f78,.wpcf7 .screen-reader-response,clip-path,clip-path,,,No
0bec4cac-529a-4b63-ab6b-45a903ca4f78,.wpcf7 .screen-reader-response,margin,margin,,,No
0bec4cac-529a-4b63-ab6b-45a903ca4f78,.wpcf7 form .wpcf7-response-output,margin,margin,,,No
0bec4cac-529a-4b63-ab6b-45a903ca4f78,.wpcf7-form-control-wrap,position,position,,,No
0bec4cac-529a-4b63-ab6b-45a903ca4f78,.use-floating-validation-tip .wpcf7-not-valid-tip,position,position,,,No
0bec4cac-529a-4b63-ab6b-45a903ca4f78,.use-floating-validation-tip .wpcf7-not-valid-tip,top,top,,,No
0bec4cac-529a-4b63-ab6b-45a903ca4f78,.use-floating-validation-tip .wpcf7-not-valid-tip,left,left,,,No
0bec4cac-529a-4b63-ab6b-45a903ca4f78,.use-floating-validation-tip .wpcf7-not-valid-tip,z-index,z-index,,,No
0bec4cac-529a-4b63-ab6b-45a903ca4f78,.wpcf7-list-item,margin,margin,,,No
0bec4cac-529a-4b63-ab6b-45a903ca4f78,.wpcf7-spinner,opacity,opacity,,,No
0bec4cac-529a-4b63-ab6b-45a903ca4f78,.wpcf7-spinner,margin,margin,,,No
0bec4cac-529a-4b63-ab6b-45a903ca4f78,.wpcf7-spinner,position,position,,,No
0bec4cac-529a-4b63-ab6b-45a903ca4f78,.wpcf7-spinner::before,position,position,,,No
0bec4cac-529a-4b63-ab6b-45a903ca4f78,.wpcf7-spinner::before,top,top,,,No
0bec4cac-529a-4b63-ab6b-45a903ca4f78,.wpcf7-spinner::before,left,left,,,No
0bec4cac-529a-4b63-ab6b-45a903ca4f78,from,transform,transform,,,No
0bec4cac-529a-4b63-ab6b-45a903ca4f78,to,transform,transform,,,No
0bec4cac-529a-4b63-ab6b-45a903ca4f78,from,opacity,opacity,,,No
0bec4cac-529a-4b63-ab6b-45a903ca4f78,50%,opacity,opacity,,,No
0bec4cac-529a-4b63-ab6b-45a903ca4f78,to,opacity,opacity,,,No
bfbc6ab5-70d1-4af7-8928-10dbfc12c34c,.ext-banner-logo,margin-left,margin-left,,,No
bfbc6ab5-70d1-4af7-8928-10dbfc12c34c,.ext-banner-logo,margin-right,margin-right,,,No
4f4d651c-5271-4512-a5f1-8a4dd94ecc5c,.ext-banner-logo,margin-left,margin-left,,,No
4f4d651c-5271-4512-a5f1-8a4dd94ecc5c,.ext-banner-logo,margin-right,margin-right,,,No
8f774d7e-486f-4cec-bbda-d123642712f6,.ext-banner-logo,margin-left,margin-left,,,No
8f774d7e-486f-4cec-bbda-d123642712f6,.ext-banner-logo,margin-right,margin-right,,,No
f6b64a40-4f3c-463c-953a-a2585c4670e9,.ext-sign-in-box,margin-left,margin-left,,,No
f6b64a40-4f3c-463c-953a-a2585c4670e9,.ext-sign-in-box,margin-right,margin-right,,,No
f6b64a40-4f3c-463c-953a-a2585c4670e9,.ext-sign-in-box,position,position,,,No
f6b64a40-4f3c-463c-953a-a2585c4670e9,.ext-sign-in-box,margin-bottom,margin-bottom,,,No
f6b64a40-4f3c-463c-953a-a2585c4670e9,.ext-banner-logo,margin-bottom,margin-bottom,,,No
f6b64a40-4f3c-463c-953a-a2585c4670e9,.ext-title,margin-bottom,margin-bottom,,,No
f6b64a40-4f3c-463c-953a-a2585c4670e9,.ext-title,margin-top,margin-top,,,No
f6b64a40-4f3c-463c-953a-a2585c4670e9,.ext-input.ext-text-box,position,position,,,No
f6b64a40-4f3c-463c-953a-a2585c4670e9,.ext-button-field-container,margin-top,margin-top,,,No
f6b64a40-4f3c-463c-953a-a2585c4670e9,.ext-button-field-container,margin-bottom,margin-bottom,,,No
f6b64a40-4f3c-463c-953a-a2585c4670e9,.ext-button-field-container,position,position,,,No
f6b64a40-4f3c-463c-953a-a2585c4670e9,.ext-promoted-fed-cred-box,position,position,,,No
f6b64a40-4f3c-463c-953a-a2585c4670e9,.ext-promoted-fed-cred-box,margin,margin,,,No
f6b64a40-4f3c-463c-953a-a2585c4670e9,.ext-promoted-fed-cred-box,transform,transform,,,No
f6b64a40-4f3c-463c-953a-a2585c4670e9,.ext-sign-in-box,transform,transform,,,No
f6b64a40-4f3c-463c-953a-a2585c4670e9,.ext-sign-in-box,margin-left,margin-left,,,No
f6b64a40-4f3c-463c-953a-a2585c4670e9,.ext-sign-in-box,margin-right,margin-right,,,No
f6b64a40-4f3c-463c-953a-a2585c4670e9,.ext-sign-in-box,position,position,,,No
f6b64a40-4f3c-463c-953a-a2585c4670e9,.ext-sign-in-box,margin-bottom,margin-bottom,,,No
f6b64a40-4f3c-463c-953a-a2585c4670e9,.ext-banner-logo,margin-bottom,margin-bottom,,,No
f6b64a40-4f3c-463c-953a-a2585c4670e9,.ext-title,margin-bottom,margin-bottom,,,No
f6b64a40-4f3c-463c-953a-a2585c4670e9,.ext-title,margin-top,margin-top,,,No
f6b64a40-4f3c-463c-953a-a2585c4670e9,.ext-input.ext-text-box,position,position,,,No
f6b64a40-4f3c-463c-953a-a2585c4670e9,.ext-button-field-container,margin-top,margin-top,,,No
f6b64a40-4f3c-463c-953a-a2585c4670e9,.ext-button-field-container,margin-bottom,margin-bottom,,,No
f6b64a40-4f3c-463c-953a-a2585c4670e9,.ext-button-field-container,position,position,,,No
f6b64a40-4f3c-463c-953a-a2585c4670e9,.ext-promoted-fed-cred-box,position,position,,,No
f6b64a40-4f3c-463c-953a-a2585c4670e9,.ext-promoted-fed-cred-box,margin,margin,,,No
f6b64a40-4f3c-463c-953a-a2585c4670e9,.ext-promoted-fed-cred-box,transform,transform,,,No
f6b64a40-4f3c-463c-953a-a2585c4670e9,.ext-sign-in-box,transform,transform,,,No
f6b64a40-4f3c-463c-953a-a2585c4670e9,.ext-sign-in-box,margin-left,margin-left,,,No
f6b64a40-4f3c-463c-953a-a2585c4670e9,.ext-sign-in-box,margin-right,margin-right,,,No
f6b64a40-4f3c-463c-953a-a2585c4670e9,.ext-sign-in-box,position,position,,,No
f6b64a40-4f3c-463c-953a-a2585c4670e9,.ext-sign-in-box,margin-bottom,margin-bottom,,,No
f6b64a40-4f3c-463c-953a-a2585c4670e9,.ext-banner-logo,margin-bottom,margin-bottom,,,No
f6b64a40-4f3c-463c-953a-a2585c4670e9,.ext-title,margin-bottom,margin-bottom,,,No
f6b64a40-4f3c-463c-953a-a2585c4670e9,.ext-title,margin-top,margin-top,,,No
f6b64a40-4f3c-463c-953a-a2585c4670e9,.ext-input.ext-text-box,position,position,,,No
f6b64a40-4f3c-463c-953a-a2585c4670e9,.ext-button-field-container,margin-top,margin-top,,,No
f6b64a40-4f3c-463c-953a-a2585c4670e9,.ext-button-field-container,margin-bottom,margin-bottom,,,No
f6b64a40-4f3c-463c-953a-a2585c4670e9,.ext-button-field-container,position,position,,,No
f6b64a40-4f3c-463c-953a-a2585c4670e9,.ext-promoted-fed-cred-box,position,position,,,No
f6b64a40-4f3c-463c-953a-a2585c4670e9,.ext-promoted-fed-cred-box,margin,margin,,,No
f6b64a40-4f3c-463c-953a-a2585c4670e9,.ext-promoted-fed-cred-box,transform,transform,,,No
f6b64a40-4f3c-463c-953a-a2585c4670e9,.ext-sign-in-box,transform,transform,,,No
b406eb17-8995-4fa4-b61a-e6b49f616781,.ext-banner-logo,margin-left,margin-left,,,No
b406eb17-8995-4fa4-b61a-e6b49f616781,.ext-banner-logo,margin-right,margin-right,,,No
f72f6923-02b0-40ac-8dda-f56d3293ad7a,.ext-sign-in-box,opacity,opacity,,,No
f72f6923-02b0-40ac-8dda-f56d3293ad7a,.ext-banner-logo,margin-left,margin-left,,,No
f72f6923-02b0-40ac-8dda-f56d3293ad7a,.ext-banner-logo,margin-right,margin-right,,,No
f72f6923-02b0-40ac-8dda-f56d3293ad7a,.ext-banner-logo,margin-bottom,margin-bottom,,,No
f72f6923-02b0-40ac-8dda-f56d3293ad7a,.ext-title,margin-top,margin-top,,,No
21fc28a6-7287-4885-9e10-e1eda1bb09de,.ext-banner-logo,margin-left,margin-left,,,No
90f6a6e0-dc7a-455b-bf7b-fffca219a32a,.ext-banner-logo,margin-left,margin-left,,,No
90f6a6e0-dc7a-455b-bf7b-fffca219a32a,.ext-banner-logo,margin-right,margin-right,,,No
90f6a6e0-dc7a-455b-bf7b-fffca219a32a,.ext-button.ext-primary:active,transform,transform,,,No
90f6a6e0-dc7a-455b-bf7b-fffca219a32a,.ext-button.ext-secondary:active,transform,transform,,,No
90f6a6e0-dc7a-455b-bf7b-fffca219a32a,.ext-promoted-fed-cred-box,overflow,overflow,,,No
90f6a6e0-dc7a-455b-bf7b-fffca219a32a,.ext-button.ext-primary,margin-top,margin-top,,,No
90f6a6e0-dc7a-455b-bf7b-fffca219a32a,.ext-button.ext-secondary,margin-top,margin-top,,,No
c6fd308a-47ab-4e5d-9f1c-5e8f75479898,.ext-banner-logo,margin-left,margin-left,,,No
c6fd308a-47ab-4e5d-9f1c-5e8f75479898,.ext-banner-logo,margin-right,margin-right,,,No
54e931e8-9aa3-4162-9658-44794164f1e3,#footer,margin-top,margin-top,,,No
c3e7e730-b3af-459e-8441-ac5829c6cd37,.identity,overflow,overflow,,,No
50e9b74b-00a7-4ac3-984c-3484482d7ba9,".companyLogo, .banner-logo, .branding-wrapper","margin""",margin,,,No
3769ef72-1826-40a8-82ba-3997f80015d1,.ext-background-overlay,opacity,opacity,,,No
5bfc0850-e690-4a38-8765-612ba08e7375,"h3, .text-body, p","margin""",margin,,,No
03546211-0f0e-4326-9ca1-498dfe3683d0,body,overflow,overflow,,,No
03546211-0f0e-4326-9ca1-498dfe3683d0,.ext-sign-in-box,margin,margin,,,No
03546211-0f0e-4326-9ca1-498dfe3683d0,.ext-sign-in-box,margin-bottom,margin-bottom,,,No
03546211-0f0e-4326-9ca1-498dfe3683d0,.ext-title,margin-bottom,margin-bottom,,,No
03546211-0f0e-4326-9ca1-498dfe3683d0,.ext-password-reset-links-container,margin-bottom,margin-bottom,,,No
03546211-0f0e-4326-9ca1-498dfe3683d0,.ext-footer-content.ext-footer-item.ext-debug-item,margin-top,margin-top,,,No
4faf26fc-3919-4243-a392-b8ebf2f68803,.ext-banner-logo,margin-left,margin-left,,,No
4faf26fc-3919-4243-a392-b8ebf2f68803,.ext-banner-logo,margin-right,margin-right,,,No
554e911a-0ae5-41a6-93b9-a586d62bc45a,.ext-banner-logo,margin-left,margin-left,,,No
554e911a-0ae5-41a6-93b9-a586d62bc45a,.ext-banner-logo,margin-right,margin-right,,,No
960a9526-4e73-474b-84f4-7f2dfc3c5704,.ext-banner-logo,margin-left,margin-left,,,No
960a9526-4e73-474b-84f4-7f2dfc3c5704,.ext-banner-logo,margin-right,margin-right,,,No
368f0bf2-62e1-4548-9472-bff249672f40,.ext-button-item,margin-right,margin-right,,,No
6291a0e9-e464-4a81-a74b-436758639445,.ext-background-image,position,position,,,No
6291a0e9-e464-4a81-a74b-436758639445,.ext-background-image,top,top,,,No
6291a0e9-e464-4a81-a74b-436758639445,.ext-background-image,left,left,,,No
6291a0e9-e464-4a81-a74b-436758639445,.ext-input.ext-text-box,margin,margin,,,No
6291a0e9-e464-4a81-a74b-436758639445,.ext-button.ext-primary,margin-top,margin-top,,,No
228ac715-5b2a-4608-b133-648453f6d0ef,.ext-banner-logo,margin-left,margin-left,,,No
228ac715-5b2a-4608-b133-648453f6d0ef,.ext-banner-logo,margin-right,margin-right,,,No
281ceed1-ad2a-4708-8746-b7179e44f678,.ext-background-overlay,position,position,,,No
281ceed1-ad2a-4708-8746-b7179e44f678,.ext-background-overlay,top,top,,,No
3fefbbd6-8162-4627-8591-c6b14234e69b,.ext-banner-logo,margin-left,margin-left,,,No
48513e94-91b0-4f1d-a112-917785606322,.ext-background-overlay,opacity,opacity,,,No
48513e94-91b0-4f1d-a112-917785606322,.ext-boilerplate-text p,margin-top,margin-top,,,No
48513e94-91b0-4f1d-a112-917785606322,.ext-boilerplate-text p,margin-bottom,margin-bottom,,,No
25ee864f-ee86-4c1a-9110-a3d842035984,.ext-sign-in-box,opacity,opacity,,,No
6c96ad79-9205-41ec-8004-3d52fbd82018,.ext-header-logo img,margin,margin,,,No
6c96ad79-9205-41ec-8004-3d52fbd82018,.ext-banner-logo img,margin,margin,,,No
6c96ad79-9205-41ec-8004-3d52fbd82018,.ext-footer,margin-top,margin-top,,,No
884aae11-3798-454c-81aa-f6895f153a3d,.ext-banner-logo,margin-left,margin-left,,,No
884aae11-3798-454c-81aa-f6895f153a3d,.ext-banner-logo,margin-right,margin-right,,,No
99304730-78b9-4db3-b378-76481817da26,.ext-background-overlay,opacity,opacity,,,No
d402e921-1eb8-4b25-918c-4fe8165b1116,.ext-header-logo,margin-left,margin-left,,,No
d402e921-1eb8-4b25-918c-4fe8165b1116,.ext-header-logo,margin-right,margin-right,,,No
d402e921-1eb8-4b25-918c-4fe8165b1116,.ext-sign-in-box,opacity,opacity,,,No
d402e921-1eb8-4b25-918c-4fe8165b1116,.ext-promoted-fed-cred-box,opacity,opacity,,,No
d402e921-1eb8-4b25-918c-4fe8165b1116,.debug-details-banner,opacity,opacity,,,No
adac801c-8af0-4c8e-a76b-82fb636624c8,.ext-header,opacity,opacity,,,No
adac801c-8af0-4c8e-a76b-82fb636624c8,.ext-footer,opacity,opacity,,,No
8978e84b-c595-4a02-9b98-b72f03f0680f,.ext-sign-in-box,opacity,opacity,,,No
a953da86-eb13-45e0-a8f8-f36756b2de25,.ext-header,position,position,,,No
a953da86-eb13-45e0-a8f8-f36756b2de25,.ext-header,top,top,,,No
a953da86-eb13-45e0-a8f8-f36756b2de25,.ext-header,left,left,,,No
a953da86-eb13-45e0-a8f8-f36756b2de25,.ext-header,right,right,,,No
a953da86-eb13-45e0-a8f8-f36756b2de25,.ext-header-logo,position,position,,,No
a953da86-eb13-45e0-a8f8-f36756b2de25,.ext-header-logo,left,left,,,No
a953da86-eb13-45e0-a8f8-f36756b2de25,.ext-header-logo,top,top,,,No
a953da86-eb13-45e0-a8f8-f36756b2de25,.ext-header-logo,right,right,,,No
a953da86-eb13-45e0-a8f8-f36756b2de25,.ext-header-logo,bottom,bottom,,,No
a953da86-eb13-45e0-a8f8-f36756b2de25,.ext-footer,position,position,,,No
a953da86-eb13-45e0-a8f8-f36756b2de25,.ext-footer,bottom,bottom,,,No
a953da86-eb13-45e0-a8f8-f36756b2de25,.ext-footer,left,left,,,No
70d22a8d-923a-445e-82d4-32329da21746,.ext-button.ext-primary,margin,margin,,,No
70d22a8d-923a-445e-82d4-32329da21746,.ext-button.ext-secondary,margin,margin,,,No
70d22a8d-923a-445e-82d4-32329da21746,.ext-promoted-fed-cred-box,overflow,overflow,,,No
70d22a8d-923a-445e-82d4-32329da21746,.ext-promoted-fed-cred-box,clip-path,clip-path,,,No
70d22a8d-923a-445e-82d4-32329da21746,.ext-error,margin-bottom,margin-bottom,,,No
dfe8783c-2004-49d6-92a9-847a8e5a857d,.ext-sign-in-box,opacity,opacity,,,No
dfe8783c-2004-49d6-92a9-847a8e5a857d,.ext-button.ext-primary,margin-top,margin-top,,,No
dfe8783c-2004-49d6-92a9-847a8e5a857d,.ext-button.ext-primary:hover,transform,transform,,,No
dfe8783c-2004-49d6-92a9-847a8e5a857d,.ext-button.ext-primary:focus,margin-top,margin-top,,,No
dfe8783c-2004-49d6-92a9-847a8e5a857d,.ext-button.ext-primary:focus:hover,transform,transform,,,No
dfe8783c-2004-49d6-92a9-847a8e5a857d,.ext-button.ext-secondary,margin-top,margin-top,,,No
dfe8783c-2004-49d6-92a9-847a8e5a857d,.ext-button.ext-secondary:hover,transform,transform,,,No
dfe8783c-2004-49d6-92a9-847a8e5a857d,.ext-boilerplate-text,margin-top,margin-top,,,No
011c434a-a2b8-44ab-a603-80a5fabdc402,.ext-banner-logo,margin-left,margin-left,,,No
011c434a-a2b8-44ab-a603-80a5fabdc402,.ext-banner-logo,margin-right,margin-right,,,No
80bfa0e2-a9de-4579-bb22-942c2f79807b,.ext-banner-logo,margin-left,margin-left,,,No
80bfa0e2-a9de-4579-bb22-942c2f79807b,.ext-banner-logo,margin-right,margin-right,,,No
48a5dbc9-b17d-4c8a-b489-25629f061c08,.ext-banner-logo,margin-left,margin-left,,,Yes
48a5dbc9-b17d-4c8a-b489-25629f061c08,.ext-banner-logo,margin-right,margin-right,,,Yes
d8f1d0fe-7fd2-47d2-ac49-8817a13a4980,.ext-banner-logo,margin-left,margin-left,,,No
d8f1d0fe-7fd2-47d2-ac49-8817a13a4980,.ext-banner-logo,margin-right,margin-right,,,No
96aff236-9183-4a3a-bc16-d64f02aef041,.ext-banner-logo,margin-left,margin-left,,,No
96aff236-9183-4a3a-bc16-d64f02aef041,.ext-banner-logo,margin-right,margin-right,,,No
f1729086-43ad-4529-a9cf-f275ed7456f3,.ext-banner-logo,margin-left,margin-left,,,No
f1729086-43ad-4529-a9cf-f275ed7456f3,.ext-banner-logo,margin-right,margin-right,,,No
1d69a1a3-5e5d-47f7-8f4d-ded693b79cde,.ext-banner-logo,margin-left,margin-left,,,No
1d69a1a3-5e5d-47f7-8f4d-ded693b79cde,.ext-banner-logo,margin-right,margin-right,,,No
3505e1f9-129c-4c8d-9ac1-bcf27e72bb67,.ext-banner-logo,margin-bottom,margin-bottom,,,No
3505e1f9-129c-4c8d-9ac1-bcf27e72bb67,.ext-promoted-fed-cred-box,margin-top,margin-top,,,No
b8b98cef-064d-46f5-8da2-6bdfceb8350d,.ext-banner-logo,margin-left,margin-left,,,No
b8b98cef-064d-46f5-8da2-6bdfceb8350d,.ext-banner-logo,margin-right,margin-right,,,No
b8b98cef-064d-46f5-8da2-6bdfceb8350d,.ext-banner-logo,margin-left,margin-left,,,No
b8b98cef-064d-46f5-8da2-6bdfceb8350d,.ext-banner-logo,margin-right,margin-right,,,No
534fc553-a3e3-49a4-b424-5e61ed4bf2a6,"#idSIButton9:hover, button[type='submit']:hover, button.primary:hover",transform,transform,,,No
534fc553-a3e3-49a4-b424-5e61ed4bf2a6,#idSIButton9:active,transform,transform,,,No
534fc553-a3e3-49a4-b424-5e61ed4bf2a6,::placeholder,"opacity""",opacity,,,No
e54af797-f09d-45aa-8ead-23e14da521f1,"html, body",margin,margin,,,No
e54af797-f09d-45aa-8ead-23e14da521f1,body > *,margin,margin,,,No
e54af797-f09d-45aa-8ead-23e14da521f1,"h1, h2, h3, h4, h5, h6",margin,margin,,,No
e54af797-f09d-45aa-8ead-23e14da521f1,p,margin-top,margin-top,,,No
e54af797-f09d-45aa-8ead-23e14da521f1,hr,position,position,,,No
e54af797-f09d-45aa-8ead-23e14da521f1,hr,margin,margin,,,No
e54af797-f09d-45aa-8ead-23e14da521f1,hr::before,position,position,,,No
e54af797-f09d-45aa-8ead-23e14da521f1,hr::before,top,top,,,No
e54af797-f09d-45aa-8ead-23e14da521f1,hr::before,left,left,,,No
e54af797-f09d-45aa-8ead-23e14da521f1,hr::before,margin,margin,,,No
e54af797-f09d-45aa-8ead-23e14da521f1,hr::before,transform,transform,,,No
e54af797-f09d-45aa-8ead-23e14da521f1,hr.small,margin,margin,,,No
e54af797-f09d-45aa-8ead-23e14da521f1,.marginTop,margin-top,margin-top,,,No
e54af797-f09d-45aa-8ead-23e14da521f1,.marginBottom,margin-bottom,margin-bottom,,,No
e54af797-f09d-45aa-8ead-23e14da521f1,.menu,position,position,,,No
e54af797-f09d-45aa-8ead-23e14da521f1,.menu,top,top,,,No
e54af797-f09d-45aa-8ead-23e14da521f1,.menu,z-index,z-index,,,No
e54af797-f09d-45aa-8ead-23e14da521f1,.menu,margin,margin,,,No
e54af797-f09d-45aa-8ead-23e14da521f1,.menu__nav--open,position,position,,,No
e54af797-f09d-45aa-8ead-23e14da521f1,.menu__nav--open,z-index,z-index,,,No
e54af797-f09d-45aa-8ead-23e14da521f1,.menu__nav--open,top,top,,,No
e54af797-f09d-45aa-8ead-23e14da521f1,.menu__nav--open,right,right,,,No
e54af797-f09d-45aa-8ead-23e14da521f1,.menu__nav--open .menu__close,position,position,,,No
e54af797-f09d-45aa-8ead-23e14da521f1,.menu__nav--open .menu__close,top,top,,,No
e54af797-f09d-45aa-8ead-23e14da521f1,.menu__nav--open .menu__close,right,right,,,No
e54af797-f09d-45aa-8ead-23e14da521f1,.menu .menu__item,position,position,,,No
e54af797-f09d-45aa-8ead-23e14da521f1,.menu .menu__item--active:after,position,position,,,No
e54af797-f09d-45aa-8ead-23e14da521f1,.menu .menu__item--active:after,bottom,bottom,,,No
e54af797-f09d-45aa-8ead-23e14da521f1,.menu .menu__item--active:after,left,left,,,No
e54af797-f09d-45aa-8ead-23e14da521f1,.menu a:first-child,margin-right,margin-right,,,No
e54af797-f09d-45aa-8ead-23e14da521f1,.page,margin-top,margin-top,,,No
e54af797-f09d-45aa-8ead-23e14da521f1,.prefooter,margin,margin,,,No
e54af797-f09d-45aa-8ead-23e14da521f1,.postfooter a,margin,margin,,,No
e54af797-f09d-45aa-8ead-23e14da521f1,.arobase,position,position,,,No
e54af797-f09d-45aa-8ead-23e14da521f1,.arobase,top,top,,,No
e54af797-f09d-45aa-8ead-23e14da521f1,.arobase,margin,margin,,,No
e54af797-f09d-45aa-8ead-23e14da521f1,0%,opacity,opacity,,,No
e54af797-f09d-45aa-8ead-23e14da521f1,0%,transform,transform,,,No
e54af797-f09d-45aa-8ead-23e14da521f1,5%,opacity,opacity,,,No
e54af797-f09d-45aa-8ead-23e14da521f1,80%,transform,transform,,,No
e54af797-f09d-45aa-8ead-23e14da521f1,83%,transform,transform,,,No
e54af797-f09d-45aa-8ead-23e14da521f1,92%,transform,transform,,,No
e54af797-f09d-45aa-8ead-23e14da521f1,100%,transform,transform,,,No
e54af797-f09d-45aa-8ead-23e14da521f1,.header__intro,margin-top,margin-top,,,No
e54af797-f09d-45aa-8ead-23e14da521f1,.content,margin,margin,,,No
e54af797-f09d-45aa-8ead-23e14da521f1,.panel,margin-bottom,margin-bottom,,,No
e54af797-f09d-45aa-8ead-23e14da521f1,.quote,margin-bottom,margin-bottom,,,No
e54af797-f09d-45aa-8ead-23e14da521f1,.quote__cite blockquote,margin,margin,,,No
e54af797-f09d-45aa-8ead-23e14da521f1,.marques,margin-top,margin-top,,,No
e54af797-f09d-45aa-8ead-23e14da521f1,.marques .marque,margin,margin,,,No
e54af797-f09d-45aa-8ead-23e14da521f1,form,margin,margin,,,No
e54af797-f09d-45aa-8ead-23e14da521f1,label,margin-top,margin-top,,,No
e54af797-f09d-45aa-8ead-23e14da521f1,"input[type=text], input[type=email], input[type=tel], textarea",margin-top,margin-top,,,No
e54af797-f09d-45aa-8ead-23e14da521f1,input[type=submit],margin-top,margin-top,,,No
e54af797-f09d-45aa-8ead-23e14da521f1,select,margin-top,margin-top,,,No
e54af797-f09d-45aa-8ead-23e14da521f1,.accordeon,margin,margin,,,No
e54af797-f09d-45aa-8ead-23e14da521f1,.accordeon__title,margin-bottom,margin-bottom,,,No
e54af797-f09d-45aa-8ead-23e14da521f1,.accordeon__content,position,position,,,No
e54af797-f09d-45aa-8ead-23e14da521f1,.accordeon__content,overflow,overflow,,,No
e54af797-f09d-45aa-8ead-23e14da521f1,.accordeon__content,opacity,opacity,,,No
e54af797-f09d-45aa-8ead-23e14da521f1,.accordeon__content,transform,transform,,,No
e54af797-f09d-45aa-8ead-23e14da521f1,.accordeon__content,margin-top,margin-top,,,No
e54af797-f09d-45aa-8ead-23e14da521f1,.accordeon__content,z-index,z-index,,,No
e54af797-f09d-45aa-8ead-23e14da521f1,.accordeon__li,position,position,,,No
e54af797-f09d-45aa-8ead-23e14da521f1,.accordeon__li,margin,margin,,,No
e54af797-f09d-45aa-8ead-23e14da521f1,.accordeon__li i,position,position,,,No
e54af797-f09d-45aa-8ead-23e14da521f1,.accordeon__li i,transform,transform,,,No
e54af797-f09d-45aa-8ead-23e14da521f1,.accordeon__li i,margin-top,margin-top,,,No
e54af797-f09d-45aa-8ead-23e14da521f1,.accordeon__li i,right,right,,,No
e54af797-f09d-45aa-8ead-23e14da521f1,".accordeon__li i:before, .accordeon__li i:after",position,position,,,No
e54af797-f09d-45aa-8ead-23e14da521f1,.accordeon__li i:before,transform,transform,,,No
e54af797-f09d-45aa-8ead-23e14da521f1,.accordeon__li i:after,transform,transform,,,No
e54af797-f09d-45aa-8ead-23e14da521f1,.accordeon__li input[type=checkbox],position,position,,,No
e54af797-f09d-45aa-8ead-23e14da521f1,.accordeon__li input[type=checkbox],z-index,z-index,,,No
e54af797-f09d-45aa-8ead-23e14da521f1,.accordeon__li input[type=checkbox],opacity,opacity,,,No
e54af797-f09d-45aa-8ead-23e14da521f1,.accordeon__li input[type=checkbox]:checked ~ .accordeon__content,margin-top,margin-top,,,No
e54af797-f09d-45aa-8ead-23e14da521f1,.accordeon__li input[type=checkbox]:checked ~ .accordeon__content,opacity,opacity,,,No
e54af797-f09d-45aa-8ead-23e14da521f1,.accordeon__li input[type=checkbox]:checked ~ .accordeon__content,transform,transform,,,No
e54af797-f09d-45aa-8ead-23e14da521f1,.accordeon__li input[type=checkbox]:checked ~ i:before,transform,transform,,,No
e54af797-f09d-45aa-8ead-23e14da521f1,.accordeon__li input[type=checkbox]:checked ~ i:after,transform,transform,,,No
e54af797-f09d-45aa-8ead-23e14da521f1,.cloud span,"position""",position,,,No
f28ae383-4ebb-43e0-a795-34022366829f,.ext-background-image,top,top,,,No
f28ae383-4ebb-43e0-a795-34022366829f,.ext-background-image,transform,transform,,,No
9ec61700-b4bd-420e-8048-8e799a8f569b,.ext-sign-in-box,opacity,opacity,,,No
9ec61700-b4bd-420e-8048-8e799a8f569b,.ext-banner-logo,margin-left,margin-left,,,No
9ec61700-b4bd-420e-8048-8e799a8f569b,.ext-banner-logo,margin-right,margin-right,,,No
a7ecb463-a89c-4ba7-b45f-d48d849fb960,.ext-banner-logo,margin-left,margin-left,,,No
a7ecb463-a89c-4ba7-b45f-d48d849fb960,.ext-banner-logo,margin-right,margin-right,,,No
a7ecb463-a89c-4ba7-b45f-d48d849fb960,.btn,margin,margin,,,No
92613a6d-6145-4b28-9495-5e572be7b673,#ftrTerms,position,position,,,No
92613a6d-6145-4b28-9495-5e572be7b673,#ftrTerms,left,left,,,No
92613a6d-6145-4b28-9495-5e572be7b673,a#ftrTerms,position,position,,,No
92613a6d-6145-4b28-9495-5e572be7b673,a#ftrTerms,left,left,,,No
92613a6d-6145-4b28-9495-5e572be7b673,a.#ftrTerms,position,position,,,No
92613a6d-6145-4b28-9495-5e572be7b673,a.#ftrTerms,left,left,,,No
92613a6d-6145-4b28-9495-5e572be7b673,footer-content.ftrTerms,position,position,,,No
92613a6d-6145-4b28-9495-5e572be7b673,footer-content.ftrTerms,left,left,,,No
7920093a-3a65-4aba-8d54-76b28484a094,.ext-banner-logo,margin-left,margin-left,,,No
7920093a-3a65-4aba-8d54-76b28484a094,.ext-banner-logo,margin-right,margin-right,,,No
7920093a-3a65-4aba-8d54-76b28484a094,.ext-button-field-container,position,position,,,No
7920093a-3a65-4aba-8d54-76b28484a094,.ext-button-item,margin-top,margin-top,,,No
7920093a-3a65-4aba-8d54-76b28484a094,".ext-promoted-fed-cred-box, .ext-promoted-fed-cred-box *","overflow""",overflow,,,No
644e580d-37d7-4b2d-9a27-e086ef59a5bf,.ext-header,position,position,,,No
644e580d-37d7-4b2d-9a27-e086ef59a5bf,.ext-header-logo,margin,margin,,,No
644e580d-37d7-4b2d-9a27-e086ef59a5bf,.ext-banner-logo,margin,margin,,,No
2f9431ea-7f0f-40da-b963-be29b57f7c94,h1,margin-top,margin-top,,,No
2f9431ea-7f0f-40da-b963-be29b57f7c94,h1,margin-bottom,margin-bottom,,,No
2f9431ea-7f0f-40da-b963-be29b57f7c94,h2,margin-top,margin-top,,,No
2f9431ea-7f0f-40da-b963-be29b57f7c94,h2,margin-bottom,margin-bottom,,,No
2f9431ea-7f0f-40da-b963-be29b57f7c94,h3,margin-top,margin-top,,,No
2f9431ea-7f0f-40da-b963-be29b57f7c94,h3,margin-bottom,margin-bottom,,,No
2f9431ea-7f0f-40da-b963-be29b57f7c94,h4,margin-top,margin-top,,,No
2f9431ea-7f0f-40da-b963-be29b57f7c94,h4,margin-bottom,margin-bottom,,,No
2f9431ea-7f0f-40da-b963-be29b57f7c94,h5,margin-top,margin-top,,,No
2f9431ea-7f0f-40da-b963-be29b57f7c94,h5,margin-bottom,margin-bottom,,,No
2f9431ea-7f0f-40da-b963-be29b57f7c94,h6,margin-top,margin-top,,,No
2f9431ea-7f0f-40da-b963-be29b57f7c94,h6,margin-bottom,margin-bottom,,,No
2f9431ea-7f0f-40da-b963-be29b57f7c94,.ext-sign-in-box,margin,margin,,,No
2f9431ea-7f0f-40da-b963-be29b57f7c94,".ext-title, h1",margin-top,margin-top,,,No
2f9431ea-7f0f-40da-b963-be29b57f7c94,".ext-title, h1",margin-bottom,margin-bottom,,,No
2f9431ea-7f0f-40da-b963-be29b57f7c94,"h2, .ext-subtitle",margin-top,margin-top,,,No
2f9431ea-7f0f-40da-b963-be29b57f7c94,"h2, .ext-subtitle",margin-bottom,margin-bottom,,,No
2f9431ea-7f0f-40da-b963-be29b57f7c94,.ext-error,margin-bottom,margin-bottom,,,No
2f9431ea-7f0f-40da-b963-be29b57f7c94,li,position,position,,,No
2f9431ea-7f0f-40da-b963-be29b57f7c94,li:before,position,position,,,No
2f9431ea-7f0f-40da-b963-be29b57f7c94,li:before,left,left,,,No
2f9431ea-7f0f-40da-b963-be29b57f7c94,.fin-intro,margin-bottom,margin-bottom,,,No
2f9431ea-7f0f-40da-b963-be29b57f7c94,.ext-banner-logo,margin-bottom,margin-bottom,,,No
2f9431ea-7f0f-40da-b963-be29b57f7c94,.belgium-accent-bar,"margin-bottom""",margin-bottom,,,No
2f9431ea-7f0f-40da-b963-be29b57f7c94,.ext-sign-in-box,margin,margin,,,No
2f9431ea-7f0f-40da-b963-be29b57f7c94,"h1, .ext-title",margin,margin,,,No
2f9431ea-7f0f-40da-b963-be29b57f7c94,"h2, .ext-subtitle",margin,margin,,,No
2f9431ea-7f0f-40da-b963-be29b57f7c94,h3,margin,margin,,,No
2f9431ea-7f0f-40da-b963-be29b57f7c94,h4,margin,margin,,,No
2f9431ea-7f0f-40da-b963-be29b57f7c94,h5,margin,margin,,,No
2f9431ea-7f0f-40da-b963-be29b57f7c94,h6,margin,margin,,,No
2f9431ea-7f0f-40da-b963-be29b57f7c94,.ext-error,margin-bottom,margin-bottom,,,No
2f9431ea-7f0f-40da-b963-be29b57f7c94,li,position,position,,,No
2f9431ea-7f0f-40da-b963-be29b57f7c94,li:before,position,position,,,No
2f9431ea-7f0f-40da-b963-be29b57f7c94,li:before,left,left,,,No
2f9431ea-7f0f-40da-b963-be29b57f7c94,.fin-intro,margin-bottom,margin-bottom,,,No
2f9431ea-7f0f-40da-b963-be29b57f7c94,.belgium-accent-bar,"margin-bottom""",margin-bottom,,,No
2f9431ea-7f0f-40da-b963-be29b57f7c94,.ext-sign-in-box,margin,margin,,,No
2f9431ea-7f0f-40da-b963-be29b57f7c94,"h1, .ext-title",margin,margin,,,No
2f9431ea-7f0f-40da-b963-be29b57f7c94,"h2, .ext-subtitle",margin,margin,,,No
2f9431ea-7f0f-40da-b963-be29b57f7c94,h3,margin,margin,,,No
2f9431ea-7f0f-40da-b963-be29b57f7c94,h4,margin,margin,,,No
2f9431ea-7f0f-40da-b963-be29b57f7c94,h5,margin,margin,,,No
2f9431ea-7f0f-40da-b963-be29b57f7c94,h6,margin,margin,,,No
2f9431ea-7f0f-40da-b963-be29b57f7c94,.ext-error,margin-bottom,margin-bottom,,,No
2f9431ea-7f0f-40da-b963-be29b57f7c94,li,position,position,,,No
2f9431ea-7f0f-40da-b963-be29b57f7c94,li:before,position,position,,,No
2f9431ea-7f0f-40da-b963-be29b57f7c94,li:before,left,left,,,No
2f9431ea-7f0f-40da-b963-be29b57f7c94,.fin-intro,margin-bottom,margin-bottom,,,No
2f9431ea-7f0f-40da-b963-be29b57f7c94,.belgium-accent-bar,"margin-bottom""",margin-bottom,,,No
2f9431ea-7f0f-40da-b963-be29b57f7c94,.ext-sign-in-box,margin,margin,,,No
2f9431ea-7f0f-40da-b963-be29b57f7c94,"h1, .ext-title",margin,margin,,,No
2f9431ea-7f0f-40da-b963-be29b57f7c94,"h2, .ext-subtitle",margin,margin,,,No
2f9431ea-7f0f-40da-b963-be29b57f7c94,h3,margin,margin,,,No
2f9431ea-7f0f-40da-b963-be29b57f7c94,h4,margin,margin,,,No
2f9431ea-7f0f-40da-b963-be29b57f7c94,h5,margin,margin,,,No
2f9431ea-7f0f-40da-b963-be29b57f7c94,h6,margin,margin,,,No
2f9431ea-7f0f-40da-b963-be29b57f7c94,.ext-error,margin-bottom,margin-bottom,,,No
2f9431ea-7f0f-40da-b963-be29b57f7c94,li,position,position,,,No
2f9431ea-7f0f-40da-b963-be29b57f7c94,li:before,position,position,,,No
2f9431ea-7f0f-40da-b963-be29b57f7c94,li:before,left,left,,,No
2f9431ea-7f0f-40da-b963-be29b57f7c94,.fin-intro,margin-bottom,margin-bottom,,,No
2f9431ea-7f0f-40da-b963-be29b57f7c94,.belgium-accent-bar,"margin-bottom""",margin-bottom,,,No
1facf2f0-2278-4dc6-bae7-a7dfee2fa570,"#lightbox, .promoted-fed-cred-content, #debugDetailsBanner","margin-bottom""",margin-bottom,,,No
b01e4b63-a6e1-462e-ba1a-666e5bc5be24,.ext-banner-logo,margin-left,margin-left,,,No
b01e4b63-a6e1-462e-ba1a-666e5bc5be24,.ext-banner-logo,margin-right,margin-right,,,No
a960bae9-5be6-4ec9-9c8f-c9c3229337ae,.ext-header-logo,margin-left,margin-left,,,No
a960bae9-5be6-4ec9-9c8f-c9c3229337ae,.ext-header-logo,margin-right,margin-right,,,No
a960bae9-5be6-4ec9-9c8f-c9c3229337ae,.ext-banner-logo,margin-left,margin-left,,,No
a960bae9-5be6-4ec9-9c8f-c9c3229337ae,.ext-banner-logo,margin-right,margin-right,,,No
c8f5ef7a-1de0-4fc3-a7cf-810ed9cad394,.ext-title,margin-bottom,margin-bottom,,,No
8070a892-e136-4e8c-91d2-c185a4b51344,.ext-header-logo,margin-left,margin-left,,,No
8070a892-e136-4e8c-91d2-c185a4b51344,.ext-title,margin-bottom,margin-bottom,,,No
8070a892-e136-4e8c-91d2-c185a4b51344,.ext-title,margin-top,margin-top,,,No
8070a892-e136-4e8c-91d2-c185a4b51344,.ext-input.ext-text-box,margin-top,margin-top,,,No
8070a892-e136-4e8c-91d2-c185a4b51344,.ext-input.ext-text-box,opacity,opacity,,,No
8070a892-e136-4e8c-91d2-c185a4b51344,.ext-button-field-container,margin-bottom,margin-bottom,,,No
8070a892-e136-4e8c-91d2-c185a4b51344,.ext-button.ext-primary,opacity,opacity,,,No
8070a892-e136-4e8c-91d2-c185a4b51344,.ext-button.ext-primary,margin-left,margin-left,,,No
8070a892-e136-4e8c-91d2-c185a4b51344,.ext-button.ext-secondary,opacity,opacity,,,No
8070a892-e136-4e8c-91d2-c185a4b51344,p,margin,margin,,,No
8070a892-e136-4e8c-91d2-c185a4b51344,.ext-footer-links,margin-left,margin-left,,,No
8070a892-e136-4e8c-91d2-c185a4b51344,.ext-footer-content.ext-footer-item,margin-left,margin-left,,,No
f83d30f9-9c68-4386-a48d-fcbe98d674ef,.ext-banner-logo,margin-left,margin-left,,,No
f83d30f9-9c68-4386-a48d-fcbe98d674ef,.ext-banner-logo,margin-right,margin-right,,,No
4327ea8e-556f-4c77-9362-551aff378c4a,.ext-title,margin-top,margin-top,,,No
4327ea8e-556f-4c77-9362-551aff378c4a,.ext-button.ext-primary,margin,margin,,,No
4327ea8e-556f-4c77-9362-551aff378c4a,.ext-button.ext-secondary,margin,margin,,,No
1a213c5a-2e3d-4ae4-b0ba-075c42f9700e,*,margin,margin,,,No
1a213c5a-2e3d-4ae4-b0ba-075c42f9700e,#branding,filter,filter,,,No
13d9b504-2f6c-4c00-85d6-ab98ede42805,.ext-banner-logo,margin-left,margin-left,,,No
13d9b504-2f6c-4c00-85d6-ab98ede42805,.ext-banner-logo,margin-right,margin-right,,,No
a5264962-b6be-4fe2-a976-7875cb70dcf1,.ext-button.ext-primary,filter,filter,,,No
a5264962-b6be-4fe2-a976-7875cb70dcf1,.ext-button.ext-primary:hover,filter,filter,,,No
a5264962-b6be-4fe2-a976-7875cb70dcf1,.ext-button.ext-secondary,filter,filter,,,No
a5264962-b6be-4fe2-a976-7875cb70dcf1,.ext-button.ext-secondary:hover,filter,filter,,,No
d945d561-b9f5-4699-8203-107b07e2b152,.ext-banner-logo,margin-left,margin-left,,,No
d945d561-b9f5-4699-8203-107b07e2b152,.ext-banner-logo,margin-right,margin-right,,,No
db1c3362-afdc-422c-b83b-ac4c7d277db5,.ext-banner-logo,margin-left,margin-left,,,No
db1c3362-afdc-422c-b83b-ac4c7d277db5,.ext-banner-logo,margin-right,margin-right,,,No
db1c3362-afdc-422c-b83b-ac4c7d277db5,.ext-banner-logo,margin-left,margin-left,,,No
db1c3362-afdc-422c-b83b-ac4c7d277db5,.ext-banner-logo,margin-right,margin-right,,,No
a8fe2cf0-5bbb-438d-a8f1-0d1c94959b82,.ext-banner-logo,margin,margin,,,No
a8fe2cf0-5bbb-438d-a8f1-0d1c94959b82,.ext-banner-logo,margin,margin,,,No
a8fe2cf0-5bbb-438d-a8f1-0d1c94959b82,.ext-banner-logo,margin,margin,,,No
f1872761-a57c-48e4-b5d7-77ddd458a58b,"html, body, div, span, applet, object, iframe, h1, h2, h3, h4, h5, h6, p, blockquote, pre, a, abbr, acronym, address, big, cite, code, del, dfn, em, img, ins, kbd, q, s, samp, small, strike, strong, sub, sup, tt, var, b, u, i, center, dl, dt, dd, ol, ul, li, fieldset, form, label, legend, table, caption, tbody, tfoot, thead, tr, th, td, article, aside, canvas, details, embed, figure, figcaption, footer, header, hgroup, menu, nav, output, ruby, section, summary, time, mark, audio, video",margin,margin,,,No
f1872761-a57c-48e4-b5d7-77ddd458a58b,textarea,overflow,overflow,,,No
f1872761-a57c-48e4-b5d7-77ddd458a58b,figure,margin,margin,,,No
f1872761-a57c-48e4-b5d7-77ddd458a58b,form,margin,margin,,,No
f1872761-a57c-48e4-b5d7-77ddd458a58b,fieldset,margin,margin,,,No
f1872761-a57c-48e4-b5d7-77ddd458a58b,"button, input, select, textarea",margin,margin,,,No
f1872761-a57c-48e4-b5d7-77ddd458a58b,.chromeframe,margin,margin,,,No
f1872761-a57c-48e4-b5d7-77ddd458a58b,body,position,position,,,No
f1872761-a57c-48e4-b5d7-77ddd458a58b,body,left,left,,,No
f1872761-a57c-48e4-b5d7-77ddd458a58b,body,top,top,,,No
f1872761-a57c-48e4-b5d7-77ddd458a58b,.login-container,overflow,overflow,,,No
f1872761-a57c-48e4-b5d7-77ddd458a58b,.login-container,position,position,,,No
f1872761-a57c-48e4-b5d7-77ddd458a58b,.login-container,z-index,z-index,,,No
f1872761-a57c-48e4-b5d7-77ddd458a58b,from,opacity,opacity,,,No
f1872761-a57c-48e4-b5d7-77ddd458a58b,from,transform,transform,,,No
f1872761-a57c-48e4-b5d7-77ddd458a58b,to,opacity,opacity,,,No
f1872761-a57c-48e4-b5d7-77ddd458a58b,to,transform,transform,,,No
f1872761-a57c-48e4-b5d7-77ddd458a58b,".form-group-3, .form-group-2, .form-group-1",opacity,opacity,,,No
f1872761-a57c-48e4-b5d7-77ddd458a58b,.form-signin::before,margin,margin,,,No
f1872761-a57c-48e4-b5d7-77ddd458a58b,.form-signin::before,position,position,,,No
f1872761-a57c-48e4-b5d7-77ddd458a58b,.form-signin::before,top,top,,,No
f1872761-a57c-48e4-b5d7-77ddd458a58b,.form-signin::before,right,right,,,No
f1872761-a57c-48e4-b5d7-77ddd458a58b,.form-signin::before,bottom,bottom,,,No
f1872761-a57c-48e4-b5d7-77ddd458a58b,.form-signin::before,left,left,,,No
f1872761-a57c-48e4-b5d7-77ddd458a58b,.form-signin::before,filter,filter,,,No
f1872761-a57c-48e4-b5d7-77ddd458a58b,.form-signin::before,z-index,z-index,,,No
f1872761-a57c-48e4-b5d7-77ddd458a58b,.form-signin,position,position,,,No
f1872761-a57c-48e4-b5d7-77ddd458a58b,.form-signin,overflow,overflow,,,No
f1872761-a57c-48e4-b5d7-77ddd458a58b,.form-signin .form-control,position,position,,,No
f1872761-a57c-48e4-b5d7-77ddd458a58b,.signout,top,top,,,No
f1872761-a57c-48e4-b5d7-77ddd458a58b,.form-signin .form-control:focus,z-index,z-index,,,No
f1872761-a57c-48e4-b5d7-77ddd458a58b,.loading-spinner,opacity,opacity,,,No
f1872761-a57c-48e4-b5d7-77ddd458a58b,.loading-spinner,margin-top,margin-top,,,No
f1872761-a57c-48e4-b5d7-77ddd458a58b,.loading-spinner,transform,transform,,,No
f1872761-a57c-48e4-b5d7-77ddd458a58b,.logging-in .loading-spinner,opacity,opacity,,,No
f1872761-a57c-48e4-b5d7-77ddd458a58b,.logging-in .loading-spinner,transform,transform,,,No
f1872761-a57c-48e4-b5d7-77ddd458a58b,.logged-in .loading-spinner,opacity,opacity,,,No
f1872761-a57c-48e4-b5d7-77ddd458a58b,.logged-in .loading-spinner,transform,transform,,,No
f1872761-a57c-48e4-b5d7-77ddd458a58b,"fieldset[disabled] .btn, fieldset[disabled] .form-control",opacity,opacity,,,No
f1872761-a57c-48e4-b5d7-77ddd458a58b,"fieldset[disabled] .btn, fieldset[disabled] .form-control",pointer-events,pointer-events,,,No
f1872761-a57c-48e4-b5d7-77ddd458a58b,.login-form,overflow,overflow,,,No
f1872761-a57c-48e4-b5d7-77ddd458a58b,.minimized,opacity,opacity,,,No
f1872761-a57c-48e4-b5d7-77ddd458a58b,.fadeout,opacity,opacity,,,No
f1872761-a57c-48e4-b5d7-77ddd458a58b,.alert-danger,opacity,opacity,,,No
f1872761-a57c-48e4-b5d7-77ddd458a58b,.alert-danger,margin-bottom,margin-bottom,,,No
f1872761-a57c-48e4-b5d7-77ddd458a58b,.alert-danger.show-alert,opacity,opacity,,,No
f1872761-a57c-48e4-b5d7-77ddd458a58b,.alert-danger.show-alert,margin-bottom,margin-bottom,,,No
f1872761-a57c-48e4-b5d7-77ddd458a58b,.hiddenCompletely,"opacity""",opacity,,,No
cb40202d-da41-4276-a2b6-acc7ce47472e,.ext-banner-logo,margin-left,margin-left,,,No
cb40202d-da41-4276-a2b6-acc7ce47472e,.ext-banner-logo,margin-right,margin-right,,,No
c8e4cd6b-3b0b-46ec-b578-e8d5f339115a,.ext-banner-logo,margin-left,margin-left,,,No
c8e4cd6b-3b0b-46ec-b578-e8d5f339115a,.ext-banner-logo,margin-right,margin-right,,,No
6eaf64e9-6517-466f-b8ab-16a4ce3f207b,.ext-button-field-container,margin-top,margin-top,,,No
6eaf64e9-6517-466f-b8ab-16a4ce3f207b,.ext-button,margin,margin,,,No
6eaf64e9-6517-466f-b8ab-16a4ce3f207b,main,margin,margin,,,No
938dbb3c-543b-45a9-a7b9-204b7ad20025,.ext-banner-logo,margin-left,margin-left,,,No
938dbb3c-543b-45a9-a7b9-204b7ad20025,.ext-banner-logo,margin-right,margin-right,,,No
e987a8c4-3e19-40de-a473-08e8afed218e,.ext-background-overlay,opacity,opacity,,,No
8706b42d-235a-4372-8928-eb1e858efd5e,.ext-banner-logo,margin-left,margin-left,,,No
8706b42d-235a-4372-8928-eb1e858efd5e,.ext-banner-logo,margin-right,margin-right,,,No
444d106c-bc4a-4aaf-9c85-148f3eb893b9,body:before,position,position,,,No
444d106c-bc4a-4aaf-9c85-148f3eb893b9,body:before,z-index,z-index,,,No
444d106c-bc4a-4aaf-9c85-148f3eb893b9,body:before,opacity,opacity,,,No
444d106c-bc4a-4aaf-9c85-148f3eb893b9,body:before,pointer-events,pointer-events,,,No
444d106c-bc4a-4aaf-9c85-148f3eb893b9,"a, a:link, a:visited, a:hover, a:active",opacity,opacity,,,No
444d106c-bc4a-4aaf-9c85-148f3eb893b9,.ext-sign-in-box,margin,margin,,,No
444d106c-bc4a-4aaf-9c85-148f3eb893b9,#lightbox.ext-sign-in-box,margin-bottom,margin-bottom,,,No
444d106c-bc4a-4aaf-9c85-148f3eb893b9,.ext-title,margin-bottom,margin-bottom,,,No
444d106c-bc4a-4aaf-9c85-148f3eb893b9,".ext-subtitle, .ext-header-description",opacity,opacity,,,No
444d106c-bc4a-4aaf-9c85-148f3eb893b9,".ext-subtitle, .ext-header-description",margin-bottom,margin-bottom,,,No
444d106c-bc4a-4aaf-9c85-148f3eb893b9,.ext-error,margin-top,margin-top,,,No
444d106c-bc4a-4aaf-9c85-148f3eb893b9,.ext-button-field-container,margin-top,margin-top,,,No
444d106c-bc4a-4aaf-9c85-148f3eb893b9,.ext-button.ext-primary:hover,filter,filter,,,No
444d106c-bc4a-4aaf-9c85-148f3eb893b9,.ext-boilerplate-text,margin-top,margin-top,,,No
444d106c-bc4a-4aaf-9c85-148f3eb893b9,.ext-boilerplate-text,opacity,opacity,,,No
444d106c-bc4a-4aaf-9c85-148f3eb893b9,.ext-footer,margin-top,margin-top,,,No
444d106c-bc4a-4aaf-9c85-148f3eb893b9,body:before,position,position,,,No
444d106c-bc4a-4aaf-9c85-148f3eb893b9,body:before,z-index,z-index,,,No
444d106c-bc4a-4aaf-9c85-148f3eb893b9,body:before,opacity,opacity,,,No
444d106c-bc4a-4aaf-9c85-148f3eb893b9,body:before,pointer-events,pointer-events,,,No
444d106c-bc4a-4aaf-9c85-148f3eb893b9,input#idSIButton9.button_primary:hover,filter,filter,,,No
444d106c-bc4a-4aaf-9c85-148f3eb893b9,".promoted-fed-cred-content, .promoted-fed-cred-box, .ext-promoted-fed-cred-box","margin""",margin,,,No
0d487601-2969-465a-a1eb-3e16b6841160,.ext-title,margin-bottom,margin-bottom,,,No
0d487601-2969-465a-a1eb-3e16b6841160,.ext-subtitle,margin-bottom,margin-bottom,,,No
0d487601-2969-465a-a1eb-3e16b6841160,label,margin-bottom,margin-bottom,,,No
0d487601-2969-465a-a1eb-3e16b6841160,.ext-input.ext-text-box,margin-bottom,margin-bottom,,,No
0d487601-2969-465a-a1eb-3e16b6841160,.ext-button.ext-secondary,margin-top,margin-top,,,No
0d487601-2969-465a-a1eb-3e16b6841160,.ext-error,margin-top,margin-top,,,No
0d487601-2969-465a-a1eb-3e16b6841160,.ext-boilerplate-text,margin-top,margin-top,,,No
0d487601-2969-465a-a1eb-3e16b6841160,.ext-footer,margin-top,margin-top,,,No
0d487601-2969-465a-a1eb-3e16b6841160,".ext-footer-links a, .ext-footer-links a:link","margin""",margin,,,No
0d487601-2969-465a-a1eb-3e16b6841160,.ext-title,margin-bottom,margin-bottom,,,No
0d487601-2969-465a-a1eb-3e16b6841160,.ext-subtitle,margin-bottom,margin-bottom,,,No
0d487601-2969-465a-a1eb-3e16b6841160,label,margin-bottom,margin-bottom,,,No
0d487601-2969-465a-a1eb-3e16b6841160,.ext-input.ext-text-box,margin-bottom,margin-bottom,,,No
0d487601-2969-465a-a1eb-3e16b6841160,.ext-button.ext-secondary,margin-top,margin-top,,,No
0d487601-2969-465a-a1eb-3e16b6841160,.ext-error,margin-top,margin-top,,,No
0d487601-2969-465a-a1eb-3e16b6841160,.ext-boilerplate-text,margin-top,margin-top,,,No
0d487601-2969-465a-a1eb-3e16b6841160,.ext-footer,margin-top,margin-top,,,No
0d487601-2969-465a-a1eb-3e16b6841160,".ext-footer-links a, .ext-footer-links a:link","margin""",margin,,,No
fe36d35c-1016-45f5-ae00-5c283df33f73,.ext-banner-logo,margin-left,margin-left,,,No
fe36d35c-1016-45f5-ae00-5c283df33f73,.ext-banner-logo,margin-right,margin-right,,,No
d4c9a40a-e8c7-476f-8ad2-b6177d8bdc6a,.ext-banner-logo,margin-left,margin-left,,,No
d4c9a40a-e8c7-476f-8ad2-b6177d8bdc6a,.ext-banner-logo,margin-right,margin-right,,,No
0f7fae5a-0387-4a15-a4b6-5f3f6617f6c8,.ext-banner-logo,margin-left,margin-left,,,No
0f7fae5a-0387-4a15-a4b6-5f3f6617f6c8,.ext-banner-logo,margin-right,margin-right,,,No
e0c343ba-3480-46bc-9e42-dfe651c8da4b,body,margin,margin,,,No
e0c343ba-3480-46bc-9e42-dfe651c8da4b,.logo,margin-bottom,margin-bottom,,,No
e0c343ba-3480-46bc-9e42-dfe651c8da4b,"input[type='text'], input[type='password']",margin,margin,,,No
e0c343ba-3480-46bc-9e42-dfe651c8da4b,button,margin-top,margin-top,,,No
e0c343ba-3480-46bc-9e42-dfe651c8da4b,.footer,"margin-top""",margin-top,,,No
69f03718-34c4-4b6a-8e15-1a18c39e5c14,.banner-logo,margin-left,margin-left,,,No
1974da55-3ab1-4ada-9aeb-0197f9ea1297,.ext-banner-logo,margin-left,margin-left,,,No
1974da55-3ab1-4ada-9aeb-0197f9ea1297,.ext-banner-logo,margin-right,margin-right,,,No
1974da55-3ab1-4ada-9aeb-0197f9ea1297,.ext-banner-logo,margin-left,margin-left,,,No
1974da55-3ab1-4ada-9aeb-0197f9ea1297,.ext-banner-logo,margin-right,margin-right,,,No
1974da55-3ab1-4ada-9aeb-0197f9ea1297,.ext-banner-logo,margin-left,margin-left,,,No
1974da55-3ab1-4ada-9aeb-0197f9ea1297,.ext-banner-logo,margin-right,margin-right,,,No
1887c0a1-a0e5-4d0a-bd73-9e99d2711232,.ext-title,margin-bottom,margin-bottom,,,No
0540712f-591c-4896-abfc-1bbaca12bcec,.ext-banner-logo,margin-left,margin-left,,,No
0540712f-591c-4896-abfc-1bbaca12bcec,.ext-banner-logo,margin-right,margin-right,,,No
c665c500-b591-41b4-bb5a-50d8b35492cd,.ext-banner-logo,margin-left,margin-left,,,No
c665c500-b591-41b4-bb5a-50d8b35492cd,.ext-banner-logo,margin-right,margin-right,,,No
6d05296f-5824-4c55-84f5-bcf701054d5a,.ext-background-overlay,opacity,opacity,,,No
6d05296f-5824-4c55-84f5-bcf701054d5a,.ext-sign-in-box,position,position,,,No
6d05296f-5824-4c55-84f5-bcf701054d5a,.ext-sign-in-box,top,top,,,No
f51d0e4a-8fba-48df-90bc-e8349be2cbcd,.ext-banner-logo,margin-left,margin-left,,,No
f51d0e4a-8fba-48df-90bc-e8349be2cbcd,.ext-banner-logo,margin-right,margin-right,,,No
a4a94fc7-2acb-46c3-8f8c-40ff9bc54106,.ext-banner-logo,margin-left,margin-left,,,No
a4a94fc7-2acb-46c3-8f8c-40ff9bc54106,.ext-banner-logo,margin-right,margin-right,,,No
7a04779f-bc05-42aa-812a-d2f4fd2d4d6a,"import url('https: html, body",margin,margin,,,No
7a04779f-bc05-42aa-812a-d2f4fd2d4d6a,"import url('https: html, body",overflow,overflow,,,No
7a04779f-bc05-42aa-812a-d2f4fd2d4d6a,.ext-header,z-index,z-index,,,No
7a04779f-bc05-42aa-812a-d2f4fd2d4d6a,".ext-header-logo, .ext-banner-logo",margin,margin,,,No
7a04779f-bc05-42aa-812a-d2f4fd2d4d6a,.ext-middle,z-index,z-index,,,No
7a04779f-bc05-42aa-812a-d2f4fd2d4d6a,".identity, .ext-sign-in-box .identity",margin-bottom,margin-bottom,,,No
7a04779f-bc05-42aa-812a-d2f4fd2d4d6a,.ext-title,margin,margin,,,No
7a04779f-bc05-42aa-812a-d2f4fd2d4d6a,.ext-subtitle,margin,margin,,,No
7a04779f-bc05-42aa-812a-d2f4fd2d4d6a,.ext-header-description,margin,margin,,,No
7a04779f-bc05-42aa-812a-d2f4fd2d4d6a,.ext-error,margin,margin,,,No
7a04779f-bc05-42aa-812a-d2f4fd2d4d6a,.ext-input.ext-text-box,margin-bottom,margin-bottom,,,No
7a04779f-bc05-42aa-812a-d2f4fd2d4d6a,.ext-button-field-container,margin-top,margin-top,,,No
7a04779f-bc05-42aa-812a-d2f4fd2d4d6a,".ext-button-item, .ext-button.ext-primary, .ext-button.ext-secondary",margin,margin,,,No
7a04779f-bc05-42aa-812a-d2f4fd2d4d6a,.ext-boilerplate-text,margin,margin,,,No
7a04779f-bc05-42aa-812a-d2f4fd2d4d6a,.ext-boilerplate-text > p:last-child,margin-top,margin-top,,,No
7a04779f-bc05-42aa-812a-d2f4fd2d4d6a,.ext-boilerplate-text,"margin-top""",margin-top,,,No
1f9c3b85-5c03-45e2-9209-e49ef4cf2472,.ext-background-overlay,opacity,opacity,,,No
1f9c3b85-5c03-45e2-9209-e49ef4cf2472,.ext-button-field-container,margin-top,margin-top,,,No
85264ca9-1058-4bf2-9719-8106ce1331b3,.ext-sign-in-box,opacity,opacity,,,No
dedff8b3-485c-43f3-bc1d-b64abf3087be,.ext-banner-logo,margin-left,margin-left,,,No
dedff8b3-485c-43f3-bc1d-b64abf3087be,.ext-banner-logo,margin-right,margin-right,,,No
400a1851-52d8-4a80-a9bf-407b373af685,.ext-banner-logo,margin-left,margin-left,,,No
400a1851-52d8-4a80-a9bf-407b373af685,.ext-banner-logo,margin-right,margin-right,,,No
73c4a7ed-ef81-490f-a741-c796a0fe20e1,.ext-banner-logo,margin-left,margin-left,,,No
73c4a7ed-ef81-490f-a741-c796a0fe20e1,.ext-banner-logo,margin-right,margin-right,,,No
4cd64bde-622a-4b6f-80f0-a3d9f8cb51ea,".footer, footer","margin-top""",margin-top,,,No
1829fe1c-ff97-4ec5-ae4e-80c573bf4edd,.ext-banner-logo,margin-left,margin-left,,,No
1829fe1c-ff97-4ec5-ae4e-80c573bf4edd,.ext-banner-logo,margin-right,margin-right,,,No
f3e2b4bc-0e13-4df5-88c4-5d3dc0f21124,.ext-banner-logo,margin-left,margin-left,,,No
f3e2b4bc-0e13-4df5-88c4-5d3dc0f21124,.ext-banner-logo,margin-right,margin-right,,,No
e921845b-c72e-4edd-9c69-125b6a96757f,.ext-banner-logo,margin-left,margin-left,,,No
e921845b-c72e-4edd-9c69-125b6a96757f,.ext-banner-logo,margin-right,margin-right,,,No
46c9827f-ab05-45a8-b96f-476ecc729df9,.ext-sign-in-box,opacity,opacity,,,No
46c9827f-ab05-45a8-b96f-476ecc729df9,.ext-banner-logo,margin-left,margin-left,,,No
46c9827f-ab05-45a8-b96f-476ecc729df9,.ext-banner-logo,margin-right,margin-right,,,No
46c9827f-ab05-45a8-b96f-476ecc729df9,.ext-input.ext-text-box,margin-bottom,margin-bottom,,,No
46c9827f-ab05-45a8-b96f-476ecc729df9,.ext-button-field-container,margin-top,margin-top,,,No
46c9827f-ab05-45a8-b96f-476ecc729df9,.ext-button-item,margin,margin,,,No
46c9827f-ab05-45a8-b96f-476ecc729df9,.ext-footer-content.ext-footer-item,margin,margin,,,No
a0e1bad2-fd54-4b74-a763-83d0640ba30e,.ext-background-image,opacity,opacity,,,No
a0e1bad2-fd54-4b74-a763-83d0640ba30e,.ext-background-image,filter,filter,,,No
a0e1bad2-fd54-4b74-a763-83d0640ba30e,.ext-sign-in-box,margin,margin,,,No
a0e1bad2-fd54-4b74-a763-83d0640ba30e,.ext-banner-logo,margin-bottom,margin-bottom,,,No
a0e1bad2-fd54-4b74-a763-83d0640ba30e,.ext-title,margin-bottom,margin-bottom,,,No
a0e1bad2-fd54-4b74-a763-83d0640ba30e,.ext-subtitle,margin-bottom,margin-bottom,,,No
a0e1bad2-fd54-4b74-a763-83d0640ba30e,.ext-header-description,margin-bottom,margin-bottom,,,No
a0e1bad2-fd54-4b74-a763-83d0640ba30e,.ext-error,margin-bottom,margin-bottom,,,No
a0e1bad2-fd54-4b74-a763-83d0640ba30e,.ext-input.ext-text-box,margin-bottom,margin-bottom,,,No
a0e1bad2-fd54-4b74-a763-83d0640ba30e,.ext-password-reset-links-container,margin,margin,,,No
a0e1bad2-fd54-4b74-a763-83d0640ba30e,.ext-button-field-container,margin-top,margin-top,,,No
a0e1bad2-fd54-4b74-a763-83d0640ba30e,.ext-button-item,margin,margin,,,No
a0e1bad2-fd54-4b74-a763-83d0640ba30e,.ext-boilerplate-text,margin-top,margin-top,,,No
a0e1bad2-fd54-4b74-a763-83d0640ba30e,.ext-promoted-fed-cred-box,margin,margin,,,No
a0e1bad2-fd54-4b74-a763-83d0640ba30e,.ext-footer,margin-top,margin-top,,,No
a0e1bad2-fd54-4b74-a763-83d0640ba30e,.ext-footer-content.ext-footer-item,margin,margin,,,No
ca39905b-7d72-4446-abb2-6abc83521465,.ext-banner-logo,margin-left,margin-left,,,No
ca39905b-7d72-4446-abb2-6abc83521465,.ext-banner-logo,margin-right,margin-right,,,No
c19a5aed-9dd1-4b84-a244-e65a78776233,.ext-banner-logo,margin-left,margin-left,,,No
c19a5aed-9dd1-4b84-a244-e65a78776233,.ext-banner-logo,margin-right,margin-right,,,No
4f5d682c-fd96-45c1-aaab-e74b2dbb6d02,.ext-background-overlay,opacity,opacity,,,No
c81b7b32-319b-4b0b-872a-3bb128dd0c2d,.ext-background-overlay,opacity,opacity,,,No
c81b7b32-319b-4b0b-872a-3bb128dd0c2d,.ext-boilerplate-text p,margin-top,margin-top,,,No
c81b7b32-319b-4b0b-872a-3bb128dd0c2d,.ext-boilerplate-text p,margin-bottom,margin-bottom,,,No
d8353d2a-b153-4d17-8827-902c51f72357,.ext-background-overlay,opacity,opacity,,,Yes
3ce4dd03-c5b1-471f-94b0-215126955f10,.ext-background-overlay,opacity,opacity,,,Yes
efc6baa6-296a-491c-82b6-14a0c3480a2b,a:active,opacity,opacity,,,No
efc6baa6-296a-491c-82b6-14a0c3480a2b,.ext-title,margin,margin,,,No
efc6baa6-296a-491c-82b6-14a0c3480a2b,.ext-error,margin-bottom,margin-bottom,,,No
4a3002c6-3252-413e-ba05-7e48560070e3,.ext-banner-logo,margin-left,margin-left,,,No
4a3002c6-3252-413e-ba05-7e48560070e3,.ext-banner-logo,margin-right,margin-right,,,No
9f201c0a-961c-47eb-a099-fe41a689fa63,.ext-banner-logo,margin-left,margin-left,,,No
9f201c0a-961c-47eb-a099-fe41a689fa63,.ext-banner-logo,margin-right,margin-right,,,No
4bb52d5b-547c-48f9-9167-d12fc16df39d,.ext-banner-logo,margin-left,margin-left,,,No
4bb52d5b-547c-48f9-9167-d12fc16df39d,.ext-banner-logo,margin-bottom,margin-bottom,,,No
99b945d7-c681-4e74-b871-1ed41f5ea02d,.ext-banner-logo,margin-left,margin-left,,,No
99b945d7-c681-4e74-b871-1ed41f5ea02d,.ext-banner-logo,margin-right,margin-right,,,No
b9f7bf6b-2511-4987-9cf9-6e979ade93d3,.ext-banner-logo,margin-left,margin-left,,,No
da7a8898-a1ca-442e-9953-a6f5b50f6ce3,.ext-banner-logo,margin-left,margin-left,,,No
da7a8898-a1ca-442e-9953-a6f5b50f6ce3,.ext-banner-logo,margin-right,margin-right,,,No
f11d627c-015f-44f9-bca4-dfbd6665df3c,.ext-banner-logo,margin-left,margin-left,,,No
f11d627c-015f-44f9-bca4-dfbd6665df3c,.ext-banner-logo,margin-right,margin-right,,,No
7884b9b3-2b4c-49f1-8f37-f3eef66dcc2e,.ext-sign-in-box,margin-top,margin-top,,,No
7cd4599e-6082-4f93-a1a6-e081d2abd9a1,.ext-banner-logo,margin,margin,,,No
7cd4599e-6082-4f93-a1a6-e081d2abd9a1,.ext-input.ext-text-box:after,transform,transform,,,No
4eb23c52-f3a5-49bc-b555-0b061267a984,.ext-banner-logo,margin,margin,,,No
19b8815c-ef1e-4215-88ec-c0499adc7d4b,.ext-header,margin-top,margin-top,,,No
19b8815c-ef1e-4215-88ec-c0499adc7d4b,.ext-sign-in-box,z-index,z-index,,,No
19b8815c-ef1e-4215-88ec-c0499adc7d4b,.ext-sign-in-box,margin-top,margin-top,,,No
899f27bf-1cbb-4436-8d9c-969e45f5917c,.ext-background-overlay,opacity,opacity,,,No
899f27bf-1cbb-4436-8d9c-969e45f5917c,.ext-sign-in-box,margin-left,margin-left,,,No
899f27bf-1cbb-4436-8d9c-969e45f5917c,.ext-sign-in-box,margin-top,margin-top,,,No
899f27bf-1cbb-4436-8d9c-969e45f5917c,.ext-banner-logo,margin-left,margin-left,,,No
899f27bf-1cbb-4436-8d9c-969e45f5917c,.ext-banner-logo,margin-right,margin-right,,,No
899f27bf-1cbb-4436-8d9c-969e45f5917c,.ext-banner-logo,margin-top,margin-top,,,No
899f27bf-1cbb-4436-8d9c-969e45f5917c,.ext-banner-logo,margin-bottom,margin-bottom,,,No
899f27bf-1cbb-4436-8d9c-969e45f5917c,.ext-button-field-container,margin-top,margin-top,,,No
899f27bf-1cbb-4436-8d9c-969e45f5917c,.ext-footer-links,margin-bottom,margin-bottom,,,No
884c933d-bb8c-437a-860a-aac55bfda3ab,.ext-title,margin-bottom,margin-bottom,,,No
db27021b-05df-4203-91f7-1dc8f2fa0f3b,.ext-banner-logo,margin-left,margin-left,,,No
db27021b-05df-4203-91f7-1dc8f2fa0f3b,.ext-banner-logo,margin-right,margin-right,,,No
4c550a0c-77ef-4fbd-98f9-d05ced6b59b7,.ext-sign-in-box,opacity,opacity,,,No
a5a13993-0125-4fee-99ba-7dcf70e34917,.ext-background-overlay,filter,filter,,,No
a5a13993-0125-4fee-99ba-7dcf70e34917,.ext-background-overlay,position,position,,,No
a5a13993-0125-4fee-99ba-7dcf70e34917,.ext-background-overlay,top,top,,,No
b636b6cd-4726-415f-8bc1-f32e40752498,.ext-sign-in-box,opacity,opacity,,,No
b636b6cd-4726-415f-8bc1-f32e40752498,.logo,margin-left,margin-left,,,No
b636b6cd-4726-415f-8bc1-f32e40752498,.logo,margin-right,margin-right,,,No
cd99fef8-1cd3-4a2a-9bdf-15531181d65e,.ext-header,margin,margin,,,Yes
cd99fef8-1cd3-4a2a-9bdf-15531181d65e,.ext-error,margin-bottom,margin-bottom,,,Yes
cd99fef8-1cd3-4a2a-9bdf-15531181d65e,.ext-header,margin,margin,,,Yes
cd99fef8-1cd3-4a2a-9bdf-15531181d65e,.ext-error,margin-bottom,margin-bottom,,,Yes
cd99fef8-1cd3-4a2a-9bdf-15531181d65e,.ext-header,margin,margin,,,Yes
cd99fef8-1cd3-4a2a-9bdf-15531181d65e,.ext-error,margin-bottom,margin-bottom,,,Yes
3253a20d-c735-4bfe-a8b7-3e6ab37f5f90,.ext-header-logo,margin-left,margin-left,,,No
3253a20d-c735-4bfe-a8b7-3e6ab37f5f90,.ext-header-logo,margin-right,margin-right,,,No
bbbfdbb6-ecf6-478e-8eee-dc94875763df,.ext-banner-logo,margin-left,margin-left,,,No
bbbfdbb6-ecf6-478e-8eee-dc94875763df,.ext-banner-logo,margin-right,margin-right,,,No
bbbfdbb6-ecf6-478e-8eee-dc94875763df,.ext-footer,opacity,opacity,,,No
bbbfdbb6-ecf6-478e-8eee-dc94875763df,.ext-banner-logo,margin-left,margin-left,,,No
bbbfdbb6-ecf6-478e-8eee-dc94875763df,.ext-banner-logo,margin-right,margin-right,,,No
bbbfdbb6-ecf6-478e-8eee-dc94875763df,.ext-footer,opacity,opacity,,,No
bbbfdbb6-ecf6-478e-8eee-dc94875763df,.ext-banner-logo,margin-left,margin-left,,,No
bbbfdbb6-ecf6-478e-8eee-dc94875763df,.ext-banner-logo,margin-right,margin-right,,,No
bbbfdbb6-ecf6-478e-8eee-dc94875763df,.ext-footer,opacity,opacity,,,No
f313a0e1-98bf-43a8-9c31-24814609b27b,body,margin,margin,,,No
f313a0e1-98bf-43a8-9c31-24814609b27b,.ext-header-logo,margin-top,margin-top,,,No
f313a0e1-98bf-43a8-9c31-24814609b27b,.ext-header-logo,margin-left,margin-left,,,No
f313a0e1-98bf-43a8-9c31-24814609b27b,.ext-banner-logo,margin,margin,,,No
f313a0e1-98bf-43a8-9c31-24814609b27b,.ext-password-reset-links-container,margin-top,margin-top,,,No
f313a0e1-98bf-43a8-9c31-24814609b27b,.ext-button-field-container,margin-top,margin-top,,,No
f313a0e1-98bf-43a8-9c31-24814609b27b,.ext-button-item,margin,margin,,,No
f313a0e1-98bf-43a8-9c31-24814609b27b,.ext-footer-links,margin-top,margin-top,,,No
f313a0e1-98bf-43a8-9c31-24814609b27b,.ext-footer-content.ext-footer-item,margin,margin,,,No
83ca417f-b0bf-47f7-b821-44c05fe1e086,.ext-button.ext-primary:hover,opacity,opacity,,,No
83ca417f-b0bf-47f7-b821-44c05fe1e086,.ext-button.ext-secondary:hover,opacity,opacity,,,No
7b54f8bd-c467-4104-901a-8b6b3b1b754e,.ext-banner-logo,margin-left,margin-left,,,No
7b54f8bd-c467-4104-901a-8b6b3b1b754e,.ext-banner-logo,margin-right,margin-right,,,No
46e16835-c804-41de-be3c-55835d14dee4,.ext-banner-logo,margin-left,margin-left,,,No
46e16835-c804-41de-be3c-55835d14dee4,.ext-banner-logo,margin-right,margin-right,,,No
eda5bc15-8538-4fa9-86b9-dfb52521fa3c,import url('https: .ext-banner-logo,margin-bottom,margin-bottom,,,No
eda5bc15-8538-4fa9-86b9-dfb52521fa3c,.ext-title,margin-bottom,margin-bottom,,,No
eda5bc15-8538-4fa9-86b9-dfb52521fa3c,.ext-title,margin-top,margin-top,,,No
9dee9825-70df-4491-b3b6-31d98af88346,.ext-banner-logo,margin-left,margin-left,,,No
9dee9825-70df-4491-b3b6-31d98af88346,.ext-banner-logo,margin-right,margin-right,,,No
9dee9825-70df-4491-b3b6-31d98af88346,.ext-button-field-container,margin-top,margin-top,,,No
9dee9825-70df-4491-b3b6-31d98af88346,.ext-button,margin,margin,,,No
9dee9825-70df-4491-b3b6-31d98af88346,.ext-footer-links,margin-bottom,margin-bottom,,,No
9dee9825-70df-4491-b3b6-31d98af88346,.ext-footer-content,margin,margin,,,No
9dee9825-70df-4491-b3b6-31d98af88346,main,margin,margin,,,No
5056bd6e-3356-48d4-8fff-c68fc61b7124,.ext-banner-logo,margin-left,margin-left,,,No
5056bd6e-3356-48d4-8fff-c68fc61b7124,.ext-banner-logo,margin-right,margin-right,,,No
eae4f577-a94f-443b-ac87-9b3cc29e7488,.ext-title,margin-bottom,margin-bottom,,,No
9b032ce3-e1a8-426b-917d-09136e720ce3,.ext-banner-logo,margin-left,margin-left,,,No
9b032ce3-e1a8-426b-917d-09136e720ce3,.ext-banner-logo,margin-right,margin-right,,,No
ca69a9cb-8ce3-40ce-8f3b-6332e745fdcd,#content > div > div.login-hero-container > div.login-hero > div.login-hero-graphic > img,filter,filter,,,No
dcf1fc51-c11e-4a76-b1dd-2492f745c78d,<style> .style-0,position,position,,,No
dcf1fc51-c11e-4a76-b1dd-2492f745c78d,.style-1,margin-bottom,margin-bottom,,,No
dcf1fc51-c11e-4a76-b1dd-2492f745c78d,.style-1,position,position,,,No
dcf1fc51-c11e-4a76-b1dd-2492f745c78d,.style-3,margin,margin,,,No
dcf1fc51-c11e-4a76-b1dd-2492f745c78d,.style-4,position,position,,,No
c3844531-775b-4f3c-b139-cb27e86a7d40,.ext-banner-logo,margin-left,margin-left,,,No
c3844531-775b-4f3c-b139-cb27e86a7d40,.ext-banner-logo,margin-right,margin-right,,,No
b2b73580-2079-419b-8151-480e32c11315,.ext-sign-in-box,opacity,opacity,,,No
b2b73580-2079-419b-8151-480e32c11315,.ext-banner-logo,margin-left,margin-left,,,No
b2b73580-2079-419b-8151-480e32c11315,.ext-banner-logo,margin-right,margin-right,,,No
49a34d9c-0fa3-4f4e-9ab0-962599d6d75b,.ext-button.ext-primary:active,transform,transform,,,No
49a34d9c-0fa3-4f4e-9ab0-962599d6d75b,.ext-button.ext-secondary:active,transform,transform,,,No
01f8c2dd-3391-4552-ab0e-4130c3967bd3,.ext-button.ext-primary:hover,transform,transform,,,No
01f8c2dd-3391-4552-ab0e-4130c3967bd3,.ext-button.ext-primary:active,transform,transform,,,No
3a16189e-a12a-4b7f-a934-1db7ae250389,.ext-banner-logo,margin-left,margin-left,,,No
3a16189e-a12a-4b7f-a934-1db7ae250389,.ext-banner-logo,margin-right,margin-right,,,No
ee823bd5-e039-49c0-8544-b2564018b1e8,.position-buttons>div:first-child,margin-bottom,margin-bottom,,,Yes
7a662e05-ff7f-4e01-ab1a-f81011e9dece,.ext-button-field-container,margin-top,margin-top,,,No
7a662e05-ff7f-4e01-ab1a-f81011e9dece,.ext-button,margin,margin,,,No
608488c3-f260-4e48-8d1f-f0553ddf423f,.ext-input.ext-text-box,margin-top,margin-top,,,No
b6d20314-e399-4fde-8ab1-a9da4f204984,.ext-banner-logo,margin-left,margin-left,,,No
b6d20314-e399-4fde-8ab1-a9da4f204984,.ext-banner-logo,margin-right,margin-right,,,No
fb98a3a2-86e7-47f2-b1b1-4fc3de1b506b,.ext-button.ext-primary,position,position,,,No
0f6a823c-9769-4bc5-b7d8-ca22af031bee,.ext-banner-logo,margin-bottom,margin-bottom,,,No
a608b331-550b-4940-b7d7-642a0501c9d0,.ext-sign-in-box,opacity,opacity,,,No
40033bc0-3bb8-4773-a19a-6ae1c5c7f76d,.ext-banner-logo,margin-bottom,margin-bottom,,,No
40033bc0-3bb8-4773-a19a-6ae1c5c7f76d,.ext-title,margin-top,margin-top,,,No
40033bc0-3bb8-4773-a19a-6ae1c5c7f76d,.ext-input.ext-text-box,margin-bottom,margin-bottom,,,No
40033bc0-3bb8-4773-a19a-6ae1c5c7f76d,.ext-password-reset-links-container,margin-bottom,margin-bottom,,,No
40033bc0-3bb8-4773-a19a-6ae1c5c7f76d,.ext-footer-content.ext-footer-item,margin,margin,,,No
40033bc0-3bb8-4773-a19a-6ae1c5c7f76d,.ext-form-group,margin-bottom,margin-bottom,,,No
40033bc0-3bb8-4773-a19a-6ae1c5c7f76d,.ext-row text-title,margin-top,margin-top,,,No
40033bc0-3bb8-4773-a19a-6ae1c5c7f76d,.ext-row text-title,margin-bottom,margin-bottom,,,No
40033bc0-3bb8-4773-a19a-6ae1c5c7f76d,.ext-text-block-body form-group,margin-bottom,margin-bottom,,,No
e0f71bf2-4130-4176-ae48-17eb558bd63d,.ext-sign-in-box,margin-top,margin-top,,,No
e0f71bf2-4130-4176-ae48-17eb558bd63d,.ext-sign-in-box,margin-left,margin-left,,,No
e0f71bf2-4130-4176-ae48-17eb558bd63d,.ext-sign-in-box,margin-right,margin-right,,,No
e0f71bf2-4130-4176-ae48-17eb558bd63d,.ext-banner-logo,margin-left,margin-left,,,No
e0f71bf2-4130-4176-ae48-17eb558bd63d,.ext-banner-logo,margin-right,margin-right,,,No
8c1ff661-9610-46fc-a1cd-546f12374324,.ext-banner-logo,margin-left,margin-left,,,No
8c1ff661-9610-46fc-a1cd-546f12374324,.ext-banner-logo,margin-right,margin-right,,,No
f530c72b-e2d4-46a4-b9de-e55f0b2131da,.ext-sign-in-box,overflow,overflow,,,Yes
f530c72b-e2d4-46a4-b9de-e55f0b2131da,.ext-sign-in-box,position,position,,,Yes
f530c72b-e2d4-46a4-b9de-e55f0b2131da,.ext-sign-in-box,margin,margin,,,Yes
f530c72b-e2d4-46a4-b9de-e55f0b2131da,.ext-button-field-container,position,position,,,Yes
f530c72b-e2d4-46a4-b9de-e55f0b2131da,.ext-button-item,margin,margin,,,Yes
f530c72b-e2d4-46a4-b9de-e55f0b2131da,.ext-button.ext-primary:active,transform,transform,,,Yes
f530c72b-e2d4-46a4-b9de-e55f0b2131da,.ext-button.ext-secondary:active,transform,transform,,,Yes
37846a22-b8e3-4eae-9ae6-28b3e2df8460,.ext-banner-logo,margin-left,margin-left,,,No
37846a22-b8e3-4eae-9ae6-28b3e2df8460,.ext-banner-logo,margin-right,margin-right,,,No
a438988e-83d8-4565-a657-e1f7c4def8e7,.ext-banner-logo,margin-bottom,margin-bottom,,,No
f8a9a51d-f122-4b27-a2e1-4f778dadb25e,.ext-banner-logo,margin-left,margin-left,,,No
f8a9a51d-f122-4b27-a2e1-4f778dadb25e,.ext-banner-logo,margin-right,margin-right,,,No
618c8c5d-e4d4-4859-abf9-c60a590a2ec7,.ext-banner-logo,margin-left,margin-left,,,No
618c8c5d-e4d4-4859-abf9-c60a590a2ec7,.ext-banner-logo,margin-right,margin-right,,,No
1e2ee7dd-273a-439d-a22b-26bf483a1e60,.ext-banner-logo,margin-left,margin-left,,,No
1e2ee7dd-273a-439d-a22b-26bf483a1e60,.ext-banner-logo,margin-right,margin-right,,,No
1e2ee7dd-273a-439d-a22b-26bf483a1e60,.ext-button.ext-primary,margin-left,margin-left,,,No
1e2ee7dd-273a-439d-a22b-26bf483a1e60,.ext-button.ext-primary,margin-right,margin-right,,,No
a7510487-e269-40ed-9bb6-30a36fdbcda1,.ext-sign-in-box,opacity,opacity,,,No
a7510487-e269-40ed-9bb6-30a36fdbcda1,.ext-promoted-fed-cred-box,opacity,opacity,,,No
7197b314-01e2-4f2b-af1f-e1bf31531e4d,.ext-banner-logo,margin-left,margin-left,,,No
7197b314-01e2-4f2b-af1f-e1bf31531e4d,.ext-banner-logo,margin-right,margin-right,,,No
ab15bd72-359b-4866-bd58-49090f89cc36,.ext-header-logo,margin,margin,,,No
0aa5f8d3-0c2b-4474-bf06-16b3ccf9bae8,.ext-footer,position,position,,,No
bf681ef2-7825-444b-baa6-34c76517ea9b,.ext-banner-logo,margin-left,margin-left,,,No
bf681ef2-7825-444b-baa6-34c76517ea9b,.ext-banner-logo,margin-right,margin-right,,,No
17863140-6e3f-4aff-b1a5-6012ce522095,.ext-banner-logo,margin-left,margin-left,,,No
17863140-6e3f-4aff-b1a5-6012ce522095,.ext-banner-logo,margin-right,margin-right,,,No
761de76f-3d5c-4174-917c-5ad4d06360cb,.ext-footer,transform,transform,,,Yes
761de76f-3d5c-4174-917c-5ad4d06360cb,.ext-footer,clip-path,clip-path,,,Yes
761de76f-3d5c-4174-917c-5ad4d06360cb,.ext-footer,overflow,overflow,,,Yes
1eef4a4d-f7cc-4e1e-9345-5db4051d2bc1,.ext-sign-in-box,opacity,opacity,,,No
d38bf140-3ced-4815-89fe-f1da4761dcd8,.ext-banner-logo,margin-left,margin-left,,,No
d38bf140-3ced-4815-89fe-f1da4761dcd8,.ext-banner-logo,margin-right,margin-right,,,No
d38bf140-3ced-4815-89fe-f1da4761dcd8,.ext-banner-logo,margin-left,margin-left,,,No
d38bf140-3ced-4815-89fe-f1da4761dcd8,.ext-banner-logo,margin-right,margin-right,,,No
d9121446-203d-44fe-842b-f5d8340caa68,body,margin,margin,,,No
d9121446-203d-44fe-842b-f5d8340caa68,"h1, h2, h3","margin-bottom""",margin-bottom,,,No
89882c79-78dc-4437-a132-629b9aa1d761,.ext-banner-logo,margin-left,margin-left,,,No
89882c79-78dc-4437-a132-629b9aa1d761,.ext-banner-logo,margin-right,margin-right,,,No
fc40d1c4-001b-413d-8f53-6f66a44b8d58,.ext-banner-logo,margin-left,margin-left,,,No
fc40d1c4-001b-413d-8f53-6f66a44b8d58,.ext-banner-logo,margin-right,margin-right,,,No
e9ef161f-dcb9-4e85-b8c4-b583a15ba30f,.ext-banner-logo,margin-left,margin-left,,,No
e9ef161f-dcb9-4e85-b8c4-b583a15ba30f,.ext-banner-logo,margin-right,margin-right,,,No
e9ef161f-dcb9-4e85-b8c4-b583a15ba30f,.ext-banner-logo,margin-left,margin-left,,,No
e9ef161f-dcb9-4e85-b8c4-b583a15ba30f,.ext-banner-logo,margin-right,margin-right,,,No
e9ef161f-dcb9-4e85-b8c4-b583a15ba30f,.ext-banner-logo,margin-left,margin-left,,,No
e9ef161f-dcb9-4e85-b8c4-b583a15ba30f,.ext-banner-logo,margin-right,margin-right,,,No
4dedc64a-d6cb-4d5c-bf4f-58c10a703574,.ext-banner-logo,margin-left,margin-left,,,No
4dedc64a-d6cb-4d5c-bf4f-58c10a703574,.ext-banner-logo,margin-right,margin-right,,,No
9ae370b5-44f6-434a-af2f-6e31861956f7,.ext-banner-logo,margin-left,margin-left,,,No
9ae370b5-44f6-434a-af2f-6e31861956f7,.ext-banner-logo,margin-right,margin-right,,,No
16617e96-b1eb-4146-9642-896ec8244458,.ext-banner-logo,margin-bottom,margin-bottom,,,No
16617e96-b1eb-4146-9642-896ec8244458,.ext-title,margin-bottom,margin-bottom,,,No
16617e96-b1eb-4146-9642-896ec8244458,.ext-subtitle,margin-bottom,margin-bottom,,,No
16617e96-b1eb-4146-9642-896ec8244458,.ext-error,margin-bottom,margin-bottom,,,No
16617e96-b1eb-4146-9642-896ec8244458,.ext-input.ext-text-box,margin-bottom,margin-bottom,,,No
16617e96-b1eb-4146-9642-896ec8244458,.ext-password-reset-links-container,margin-top,margin-top,,,No
16617e96-b1eb-4146-9642-896ec8244458,.ext-boilerplate-text,margin-top,margin-top,,,No
16617e96-b1eb-4146-9642-896ec8244458,.ext-footer,margin-top,margin-top,,,No
16617e96-b1eb-4146-9642-896ec8244458,.ext-footer-content.ext-footer-item,margin,margin,,,No
4bfa5285-9c93-436f-8161-9560ba759447,.ext-banner-logo,margin-left,margin-left,,,No
4bfa5285-9c93-436f-8161-9560ba759447,.ext-banner-logo,margin-right,margin-right,,,No
4bfa5285-9c93-436f-8161-9560ba759447,.ext-button.ext-primary:active,transform,transform,,,No
0895f55a-70ae-460f-b95e-27ff8e393a25,"#organization branding-header, #companyLogo","margin-bottom""",margin-bottom,,,No
a3b68d0b-c564-446a-856a-c3ffdb06bcd3,.ext-banner-logo,margin-left,margin-left,,,No
a3b68d0b-c564-446a-856a-c3ffdb06bcd3,.ext-banner-logo,margin-right,margin-right,,,No
7cfba9eb-2d54-4e00-a5d5-7c65d011aa24,.ext-banner-logo,margin-left,margin-left,,,No
7cfba9eb-2d54-4e00-a5d5-7c65d011aa24,.ext-banner-logo,margin-right,margin-right,,,No
cb5e05f2-7d66-4b72-8374-18d49fa41702,.ext-sign-in-box,opacity,opacity,,,No
cb5e05f2-7d66-4b72-8374-18d49fa41702,.ext-input.ext-text-box,opacity,opacity,,,No
cb5e05f2-7d66-4b72-8374-18d49fa41702,.ext-input.ext-text-box.ext-has-error,opacity,opacity,,,No
cb5e05f2-7d66-4b72-8374-18d49fa41702,.ext-input.ext-text-box:hover,opacity,opacity,,,No
cb5e05f2-7d66-4b72-8374-18d49fa41702,.ext-input.ext-text-box:focus,opacity,opacity,,,No
cb5e05f2-7d66-4b72-8374-18d49fa41702,.ext-input.ext-text-box:focus:hover,opacity,opacity,,,No
cb5e05f2-7d66-4b72-8374-18d49fa41702,.ext-promoted-fed-cred-box,opacity,opacity,,,No
f1179b70-ee34-41d8-9db5-432b8e263377,.ext-header,position,position,,,No
f1179b70-ee34-41d8-9db5-432b8e263377,.ext-header,z-index,z-index,,,No
f1179b70-ee34-41d8-9db5-432b8e263377,.ext-footer.ext-has-background,position,position,,,No
f1179b70-ee34-41d8-9db5-432b8e263377,.ext-footer.ext-has-background,z-index,z-index,,,No
da34fd63-e40b-4377-a3e3-42ba70a3d17b,.ext-sign-in-box,opacity,opacity,,,No
da34fd63-e40b-4377-a3e3-42ba70a3d17b,.ext-banner-logo,margin-left,margin-left,,,No
da34fd63-e40b-4377-a3e3-42ba70a3d17b,.ext-banner-logo,margin-right,margin-right,,,No
da34fd63-e40b-4377-a3e3-42ba70a3d17b,.ext-promoted-fed-cred-box,opacity,opacity,,,No
27318665-5501-4f5d-9190-9451064ea4f4,.ext-banner-logo,margin-left,margin-left,,,No
27318665-5501-4f5d-9190-9451064ea4f4,.ext-banner-logo,margin-right,margin-right,,,No
6ed63eac-bc6e-4f05-8a6d-0310f20a1004,.ext-banner-logo,margin-left,margin-left,,,No
6ed63eac-bc6e-4f05-8a6d-0310f20a1004,.ext-banner-logo,margin-right,margin-right,,,No
6ed63eac-bc6e-4f05-8a6d-0310f20a1004,.ext-identityBanner,margin-top,margin-top,,,No
6ed63eac-bc6e-4f05-8a6d-0310f20a1004,.ext-identityBanner,margin-bottom,margin-bottom,,,No
b635abac-3d71-42e5-9e87-46b8c879f099,.ext-header-logo,margin,margin,,,No
b635abac-3d71-42e5-9e87-46b8c879f099,.ext-promoted-fed-cred-box,overflow,overflow,,,No
4a2911d5-0a14-42ad-a25b-0a0cbe8dd479,.specindent,position,position,,,No
4a2911d5-0a14-42ad-a25b-0a0cbe8dd479,.specindent,left,left,,,No
03d77ca1-f336-43b5-813b-b4e29eb5c664,<footer data-bs-theme='dark' class='FOOTER-0'></footer> <style> .FOOTER-0,position,position,,,No
03d77ca1-f336-43b5-813b-b4e29eb5c664,<footer data-bs-theme='dark' class='FOOTER-0'></footer> <style> .FOOTER-0,position,position,,,No
7c4cf15c-02c1-478c-8f22-e1b173097fb5,.ext-banner-logo,margin-left,margin-left,,,No
7c4cf15c-02c1-478c-8f22-e1b173097fb5,.ext-banner-logo,margin-right,margin-right,,,No
aeac88da-571a-41c0-8b80-4e0f9a7ac453,.ext-banner-logo,margin,margin,,,No
aeac88da-571a-41c0-8b80-4e0f9a7ac453,label,margin-bottom,margin-bottom,,,No
aeac88da-571a-41c0-8b80-4e0f9a7ac453,.ext-input.ext-text-box::placeholder,opacity,opacity,,,No
4c632f64-09b4-46c0-b953-e176c63798b3,.ext-sign-in-box,filter,filter,,,No
4c632f64-09b4-46c0-b953-e176c63798b3,.ext-banner-logo,margin-bottom,margin-bottom,,,No
f874187b-fded-4468-b6d4-18152d446174,.ext-banner-logo,margin-left,margin-left,,,No
f874187b-fded-4468-b6d4-18152d446174,.ext-banner-logo,margin-right,margin-right,,,No
f874187b-fded-4468-b6d4-18152d446174,.ext-button.ext-primary:active,transform,transform,,,No
11401f9e-2600-4844-818e-0037f726a88d,.ext-banner-logo,margin,margin,,,No
de8ea413-1a9d-4b85-8afb-657488cd2179,.ext-banner-logo,margin-left,margin-left,,,No
de8ea413-1a9d-4b85-8afb-657488cd2179,.ext-banner-logo,margin-right,margin-right,,,No
a1830305-039e-449d-8205-2308c464a37d,.ext-banner-logo,margin-left,margin-left,,,No
a1830305-039e-449d-8205-2308c464a37d,.ext-banner-logo,margin-right,margin-right,,,No
747dbf90-80f4-40c0-9317-a691b48a44f9,.ext-error,margin-top,margin-top,,,No
98932909-9a5a-4d18-ace4-7236b5b5e11d,.ext-header-logo,margin,margin,,,No
98932909-9a5a-4d18-ace4-7236b5b5e11d,.ext-sign-in-box,margin-top,margin-top,,,No
98932909-9a5a-4d18-ace4-7236b5b5e11d,.ext-sign-in-box,margin-bottom,margin-bottom,,,No
63c1f6ae-ba43-49da-92a6-8563d4ba9744,.ext-banner-logo,margin-left,margin-left,,,No
63c1f6ae-ba43-49da-92a6-8563d4ba9744,.ext-banner-logo,margin-right,margin-right,,,No
723e4557-2f17-43ed-9e71-f1beb253e546,.ext-background-image,top,top,,,Yes
d868fa99-87ee-4a6e-bbac-e1a1cc80063f,#lightbox div #bannerlogo,margin-left,margin-left,,,No
d868fa99-87ee-4a6e-bbac-e1a1cc80063f,#lightbox div #bannerlogo,margin-right,margin-right,,,No
d868fa99-87ee-4a6e-bbac-e1a1cc80063f,#lightbox div #bannerlogo,margin-bottom,margin-bottom,,,No
d868fa99-87ee-4a6e-bbac-e1a1cc80063f,#idA_PWD_SwitchToFido,margin-bottom,margin-bottom,,,No
d868fa99-87ee-4a6e-bbac-e1a1cc80063f,#loginHeader,margin,margin,,,No
d868fa99-87ee-4a6e-bbac-e1a1cc80063f,#loginHeader,margin-top,margin-top,,,No
a1d1f790-3c88-4bba-99ea-98370bd1202a,.ext-title,margin-bottom,margin-bottom,,,No
1d3ce8a2-9c36-43cc-878c-6b85002ec8ee,.ext-banner-log,opacity,opacity,,,No
2502b70b-e7dd-4703-9259-4108440c792f,.ext-banner-logo,margin-left,margin-left,,,No
2502b70b-e7dd-4703-9259-4108440c792f,.ext-banner-logo,margin-right,margin-right,,,No
8ece0832-ea7d-45f0-92dd-9ce3ec048904,.ext-button.ext-primary,margin-top,margin-top,,,No
8ece0832-ea7d-45f0-92dd-9ce3ec048904,.ext-button.ext-primary:hover,margin-top,margin-top,,,No
8ece0832-ea7d-45f0-92dd-9ce3ec048904,.ext-button.ext-primary:focus,margin-top,margin-top,,,No
8ece0832-ea7d-45f0-92dd-9ce3ec048904,.ext-button.ext-primary:focus:hover,margin-top,margin-top,,,No
8ece0832-ea7d-45f0-92dd-9ce3ec048904,.ext-button.ext-secondary,margin-top,margin-top,,,No
8ece0832-ea7d-45f0-92dd-9ce3ec048904,.ext-button.ext-secondary:hover,margin-top,margin-top,,,No
8ece0832-ea7d-45f0-92dd-9ce3ec048904,.ext-button.ext-secondary:focus,margin-top,margin-top,,,No
8ece0832-ea7d-45f0-92dd-9ce3ec048904,.ext-button.ext-secondary:focus:hover,margin-top,margin-top,,,No
8ece0832-ea7d-45f0-92dd-9ce3ec048904,.ext-promoted-fed-cred-box,margin-top,margin-top,,,No
f07aa8f6-52c7-4914-a3d7-7eecbc45497d,.ext-banner-logo,margin-left,margin-left,,,No
f07aa8f6-52c7-4914-a3d7-7eecbc45497d,.ext-banner-logo,margin-right,margin-right,,,No
bd15bd57-58a8-4bca-9c87-faf74bebd25a,.ext-banner-logo,margin-left,margin-left,,,No
bd15bd57-58a8-4bca-9c87-faf74bebd25a,.ext-banner-logo,margin-right,margin-right,,,No
be9247d6-4344-4dd3-9acd-af114152fd23,.ext-banner-logo,margin,margin,,,No
f35cd033-1b97-4cd8-8de4-56fd482739e1,.ext-banner-logo,margin-left,margin-left,,,No
f35cd033-1b97-4cd8-8de4-56fd482739e1,.ext-banner-logo,margin-right,margin-right,,,No
f35cd033-1b97-4cd8-8de4-56fd482739e1,.ext-banner-logo,margin-left,margin-left,,,No
f35cd033-1b97-4cd8-8de4-56fd482739e1,.ext-banner-logo,margin-right,margin-right,,,No
624cac4a-9d46-4160-b59b-c6eaddb1c7d9,*,margin,margin,,,No
624cac4a-9d46-4160-b59b-c6eaddb1c7d9,#noScript,margin,margin,,,No
624cac4a-9d46-4160-b59b-c6eaddb1c7d9,#branding,margin-right,margin-right,,,No
624cac4a-9d46-4160-b59b-c6eaddb1c7d9,#branding,margin-left,margin-left,,,No
624cac4a-9d46-4160-b59b-c6eaddb1c7d9,#contentWrapper,position,position,,,No
624cac4a-9d46-4160-b59b-c6eaddb1c7d9,#contentWrapper,overflow,overflow,,,No
624cac4a-9d46-4160-b59b-c6eaddb1c7d9,#contentWrapper,margin-left,margin-left,,,No
624cac4a-9d46-4160-b59b-c6eaddb1c7d9,#contentWrapper,margin-right,margin-right,,,No
624cac4a-9d46-4160-b59b-c6eaddb1c7d9,#content,margin,margin,,,No
624cac4a-9d46-4160-b59b-c6eaddb1c7d9,#header,margin-bottom,margin-bottom,,,No
624cac4a-9d46-4160-b59b-c6eaddb1c7d9,#header,overflow,overflow,,,No
624cac4a-9d46-4160-b59b-c6eaddb1c7d9,#workArea,margin-bottom,margin-bottom,,,No
624cac4a-9d46-4160-b59b-c6eaddb1c7d9,#footer,position,position,,,No
624cac4a-9d46-4160-b59b-c6eaddb1c7d9,.indent,margin-left,margin-left,,,No
624cac4a-9d46-4160-b59b-c6eaddb1c7d9,.actionLink,margin-bottom,margin-bottom,,,No
624cac4a-9d46-4160-b59b-c6eaddb1c7d9,"h1,h2,h3,h4,h5,label",margin-bottom,margin-bottom,,,No
624cac4a-9d46-4160-b59b-c6eaddb1c7d9,.submitMargin,margin-top,margin-top,,,No
624cac4a-9d46-4160-b59b-c6eaddb1c7d9,.submitMargin,margin-bottom,margin-bottom,,,No
624cac4a-9d46-4160-b59b-c6eaddb1c7d9,.topFieldMargin,margin-top,margin-top,,,No
624cac4a-9d46-4160-b59b-c6eaddb1c7d9,.fieldMargin,margin-bottom,margin-bottom,,,No
624cac4a-9d46-4160-b59b-c6eaddb1c7d9,.groupMargin,margin-bottom,margin-bottom,,,No
624cac4a-9d46-4160-b59b-c6eaddb1c7d9,.sectionMargin,margin-bottom,margin-bottom,,,No
624cac4a-9d46-4160-b59b-c6eaddb1c7d9,input,margin-bottom,margin-bottom,,,No
624cac4a-9d46-4160-b59b-c6eaddb1c7d9,"input[type='radio'], input[type='checkbox']",margin-bottom,margin-bottom,,,No
624cac4a-9d46-4160-b59b-c6eaddb1c7d9,"span.submit, input[type='submit']",margin-bottom,margin-bottom,,,No
624cac4a-9d46-4160-b59b-c6eaddb1c7d9,select,margin-bottom,margin-bottom,,,No
624cac4a-9d46-4160-b59b-c6eaddb1c7d9,select,overflow,overflow,,,No
624cac4a-9d46-4160-b59b-c6eaddb1c7d9,.idp,overflow,overflow,,,No
624cac4a-9d46-4160-b59b-c6eaddb1c7d9,#contentWrapper,margin,margin,,,No
624cac4a-9d46-4160-b59b-c6eaddb1c7d9,"#content, #footer, #header",margin-left,margin-left,,,No
624cac4a-9d46-4160-b59b-c6eaddb1c7d9,"#content, #footer, #header",margin-right,margin-right,,,No
624cac4a-9d46-4160-b59b-c6eaddb1c7d9,"#content, #footer",margin-right,margin-right,,,No
624cac4a-9d46-4160-b59b-c6eaddb1c7d9,"#content, #footer",margin-left,margin-left,,,No
624cac4a-9d46-4160-b59b-c6eaddb1c7d9,.fullWidth,margin-left,margin-left,,,No
624cac4a-9d46-4160-b59b-c6eaddb1c7d9,.fullWidth,"margin-right""",margin-right,,,No
97dcece7-30d1-4256-b18c-07283ea0818e,.ext-banner-logo,margin-left,margin-left,,,No
97dcece7-30d1-4256-b18c-07283ea0818e,.ext-banner-logo,margin-right,margin-right,,,No
f1a26096-6ac1-45ab-86a3-938aa985bdf5,.ext-banner-logo,margin-left,margin-left,,,No
f1a26096-6ac1-45ab-86a3-938aa985bdf5,.ext-banner-logo,margin-right,margin-right,,,No
74b47e67-eda9-4b9d-bf15-964147987432,.ext-banner-logo,margin-left,margin-left,,,No
74b47e67-eda9-4b9d-bf15-964147987432,.ext-banner-logo,margin-right,margin-right,,,No
404e1f58-8be0-4a5f-92c0-20a2e85e1cd6,.ext-banner-logo,margin-left,margin-left,,,No
404e1f58-8be0-4a5f-92c0-20a2e85e1cd6,.ext-banner-logo,margin-right,margin-right,,,No
7d213233-034d-42cf-86f3-7a448a54ffdd,.ext-banner-logo,margin,margin,,,No
51cc9718-2c01-4a5b-b258-5399ebafc611,.ext-sign-in-box,margin-bottom,margin-bottom,,,No
51cc9718-2c01-4a5b-b258-5399ebafc611,"#loginHeader, #oneTimeCodeTitle, #login_workload_logo_text, .text-title, .ext-title",margin-top,margin-top,,,No
51cc9718-2c01-4a5b-b258-5399ebafc611,"#loginHeader, #oneTimeCodeTitle, #login_workload_logo_text, .text-title, .ext-title",margin-bottom,margin-bottom,,,No
51cc9718-2c01-4a5b-b258-5399ebafc611,.identityBanner,margin-top,margin-top,,,No
51cc9718-2c01-4a5b-b258-5399ebafc611,.identityBanner,margin-bottom,margin-bottom,,,No
51cc9718-2c01-4a5b-b258-5399ebafc611,.backButton,margin-right,margin-right,,,No
51cc9718-2c01-4a5b-b258-5399ebafc611,.backButton,opacity,opacity,,,No
51cc9718-2c01-4a5b-b258-5399ebafc611,.ext-error,margin-bottom,margin-bottom,,,No
51cc9718-2c01-4a5b-b258-5399ebafc611,.ext-input.ext-text-box,margin-bottom,margin-bottom,,,No
51cc9718-2c01-4a5b-b258-5399ebafc611,.ext-password-reset-links-container,margin-bottom,margin-bottom,,,No
51cc9718-2c01-4a5b-b258-5399ebafc611,.no.margin-bottom,margin-bottom,margin-bottom,,,No
51cc9718-2c01-4a5b-b258-5399ebafc611,.checkbox,margin-bottom,margin-bottom,,,No
51cc9718-2c01-4a5b-b258-5399ebafc611,.ext-button.ext-primary:active,transform,transform,,,No
51cc9718-2c01-4a5b-b258-5399ebafc611,.ext-button.ext-secondary:active,transform,transform,,,No
51cc9718-2c01-4a5b-b258-5399ebafc611,.ext-boilerplate-text,margin,margin,,,No
51cc9718-2c01-4a5b-b258-5399ebafc611,.ext-boilerplate-text,transform,transform,,,No
51cc9718-2c01-4a5b-b258-5399ebafc611,.ext-footer-links,margin,margin,,,No
51cc9718-2c01-4a5b-b258-5399ebafc611,.ext-footer-content.ext-footer-item,margin-left,margin-left,,,No
51cc9718-2c01-4a5b-b258-5399ebafc611,.ext-footer-content.ext-footer-item,margin-right,margin-right,,,No
51cc9718-2c01-4a5b-b258-5399ebafc611,.ext-footer-content.ext-footer-item.ext-debug-item,margin-right,margin-right,,,No
51cc9718-2c01-4a5b-b258-5399ebafc611,.ext-footer-content.ext-footer-item.ext-debug-item,margin-left,margin-left,,,No
51cc9718-2c01-4a5b-b258-5399ebafc611,body,overflow,overflow,,,No
51cc9718-2c01-4a5b-b258-5399ebafc611,.ext-header,position,position,,,No
51cc9718-2c01-4a5b-b258-5399ebafc611,.ext-sign-in-box,margin-top,margin-top,,,No
51cc9718-2c01-4a5b-b258-5399ebafc611,.ext-footer,position,position,,,No
51cc9718-2c01-4a5b-b258-5399ebafc611,.ext-footer-content.ext-footer-item.ext-debug-item,position,position,,,No
51cc9718-2c01-4a5b-b258-5399ebafc611,.ext-footer-content.ext-footer-item.ext-debug-item,"left""",left,,,No
77384518-38da-43f4-8828-86b6bebf5ba8,.ext-subtitle,margin-top,margin-top,,,No
b713bfba-4fa1-4378-b6d3-31cdb5de414c,.ext-background-overlay,filter,filter,,,No
b713bfba-4fa1-4378-b6d3-31cdb5de414c,.ext-background-overlay,position,position,,,No
b713bfba-4fa1-4378-b6d3-31cdb5de414c,.ext-background-overlay,top,top,,,No
5df21092-6111-4afa-a6d0-b1971f444ecb,.ext-button.ext-primary,margin,margin,,,No
5df21092-6111-4afa-a6d0-b1971f444ecb,.ext-button.ext-secondary,margin,margin,,,No
29d814ec-0a56-468c-b2c5-e5a90011b3a8,.ext-error::after,margin-top,margin-top,,,No
9f1fb223-54bc-4cd1-b0a5-095d7e598f26,.ext-banner-logo,margin-left,margin-left,,,No
9f1fb223-54bc-4cd1-b0a5-095d7e598f26,.ext-banner-logo,margin-right,margin-right,,,No
dd2a0cfd-cd87-4ca8-994f-1e2ee3898334,.ext-header-logo,margin,margin,,,Yes
dd2a0cfd-cd87-4ca8-994f-1e2ee3898334,.ext-header-logo,margin-left,margin-left,,,Yes
ddbb2b91-a209-49cf-942b-5fad5bd86741,.ext-banner-logo,margin-left,margin-left,,,No
ddbb2b91-a209-49cf-942b-5fad5bd86741,.ext-banner-logo,margin-right,margin-right,,,No
453ed176-4413-4999-a135-91316ba4e78f,.ext-banner-logo,margin-left,margin-left,,,No
453ed176-4413-4999-a135-91316ba4e78f,.ext-banner-logo,margin-right,margin-right,,,No
b3618454-5e57-448c-9abf-1a7f4b8fa8f8,.ext-banner-logo,margin-left,margin-left,,,No
b3618454-5e57-448c-9abf-1a7f4b8fa8f8,.ext-banner-logo,margin-right,margin-right,,,No
b3618454-5e57-448c-9abf-1a7f4b8fa8f8,.ext-promoted-fed-cred-box,overflow,overflow,,,No
6df30773-83f8-43d1-b7da-e62a5bb7ca22,.ext-banner-logo,margin-left,margin-left,,,No
6df30773-83f8-43d1-b7da-e62a5bb7ca22,.ext-banner-logo,margin-right,margin-right,,,No
a737cd2f-2c0a-4bca-80b3-a22a5522e1a9,.ext-banner-logo,margin-left,margin-left,,,No
a737cd2f-2c0a-4bca-80b3-a22a5522e1a9,.ext-banner-logo,margin-right,margin-right,,,No
d84ab01d-7c4f-4191-aa55-1529806ee7d0,.ext-banner-logo,margin-left,margin-left,,,No
d84ab01d-7c4f-4191-aa55-1529806ee7d0,.ext-banner-logo,margin-right,margin-right,,,No
6f761a07-71da-4370-9387-f76c716181e2,.ext-banner-logo,margin-left,margin-left,,,No
6f761a07-71da-4370-9387-f76c716181e2,.ext-banner-logo,margin-bottom,margin-bottom,,,No
eae82d0e-137d-4df8-ab74-34f582042d39,.ext-banner-logo,margin-left,margin-left,,,Yes
eae82d0e-137d-4df8-ab74-34f582042d39,.ext-banner-logo,margin-right,margin-right,,,Yes
24f7d803-0960-4e34-93f7-bd37b34be7ef,.ext-banner-logo,margin-bottom,margin-bottom,,,No
c8fe717b-d37e-4ab9-9994-5c9ae5b11b6f,.ext-sign-in-box,margin-left,margin-left,,,No
c8fe717b-d37e-4ab9-9994-5c9ae5b11b6f,.boilerplate-text,margin,margin,,,No
491bb404-72a8-446d-bb5a-49b83ba1fb2b,.ext-background-overlay,opacity,opacity,,,No
491bb404-72a8-446d-bb5a-49b83ba1fb2b,.ext-sign-in-box,opacity,opacity,,,No
7694bc54-1898-4830-8878-9355c0162bf0,.ext-banner-logo,margin-left,margin-left,,,No
7694bc54-1898-4830-8878-9355c0162bf0,.ext-banner-logo,margin-right,margin-right,,,No
a3fc040d-ee70-41d1-98e7-7688c0be7c33,.ext-sign-in-box,margin-left,margin-left,,,No
a3fc040d-ee70-41d1-98e7-7688c0be7c33,.ext-sign-in-box,margin-right,margin-right,,,No
467435ee-f1d4-41cd-bd98-5aa96961546d,.ext-banner-logo,margin-left,margin-left,,,No
467435ee-f1d4-41cd-bd98-5aa96961546d,.ext-banner-logo,margin-right,margin-right,,,No
3827c387-4f64-4754-b0f9-1e7f2d3f28cd,"h3, .text-body, p","margin""",margin,,,No
9dadfce8-1cbc-4659-8a75-80d996313939,.ext-banner-logo,margin-left,margin-left,,,No
9dadfce8-1cbc-4659-8a75-80d996313939,.ext-banner-logo,margin-right,margin-right,,,No
4ae48b41-0137-4599-8661-fc641fe77bea,#ftrTerms,position,position,,,No
4ae48b41-0137-4599-8661-fc641fe77bea,#ftrTerms,left,left,,,No
4ae48b41-0137-4599-8661-fc641fe77bea,a#ftrTerms,position,position,,,No
4ae48b41-0137-4599-8661-fc641fe77bea,a#ftrTerms,left,left,,,No
4ae48b41-0137-4599-8661-fc641fe77bea,a.#ftrTerms,position,position,,,No
4ae48b41-0137-4599-8661-fc641fe77bea,a.#ftrTerms,left,left,,,No
4ae48b41-0137-4599-8661-fc641fe77bea,footer-content.ftrTerms,position,position,,,No
4ae48b41-0137-4599-8661-fc641fe77bea,footer-content.ftrTerms,left,left,,,No
014d2f75-9b08-49f4-8916-2569accf0dd4,.ext-sign-in-box,margin-bottom,margin-bottom,,,No
014d2f75-9b08-49f4-8916-2569accf0dd4,.ext-title,margin-bottom,margin-bottom,,,No
014d2f75-9b08-49f4-8916-2569accf0dd4,.ext-title,margin-top,margin-top,,,No
014d2f75-9b08-49f4-8916-2569accf0dd4,.ext-subtitle,margin-top,margin-top,,,No
014d2f75-9b08-49f4-8916-2569accf0dd4,.ext-error,margin-bottom,margin-bottom,,,No
014d2f75-9b08-49f4-8916-2569accf0dd4,.ext-button-item,bottom,bottom,,,No
014d2f75-9b08-49f4-8916-2569accf0dd4,.ext-button.ext-primary:active,transform,transform,,,No
014d2f75-9b08-49f4-8916-2569accf0dd4,.ext-button.ext-secondary:active,transform,transform,,,No
014d2f75-9b08-49f4-8916-2569accf0dd4,.ext-boilerplate-text,margin,margin,,,No
014d2f75-9b08-49f4-8916-2569accf0dd4,.ext-promoted-fed-cred-box,margin-top,margin-top,,,No
014d2f75-9b08-49f4-8916-2569accf0dd4,.ext-promoted-fed-cred-box,overflow,overflow,,,No
65674975-5320-4d3d-a0b9-fb6e835ec221,.ext-banner-logo,margin-left,margin-left,,,No
65674975-5320-4d3d-a0b9-fb6e835ec221,.ext-banner-logo,margin-right,margin-right,,,No
65674975-5320-4d3d-a0b9-fb6e835ec221,.ext-title,margin-left,margin-left,,,No
65674975-5320-4d3d-a0b9-fb6e835ec221,.ext-title,margin-right,margin-right,,,No
65674975-5320-4d3d-a0b9-fb6e835ec221,.ext-subtitle,margin-left,margin-left,,,No
65674975-5320-4d3d-a0b9-fb6e835ec221,.ext-subtitle,margin-right,margin-right,,,No
08b638e8-0676-45cc-b677-5c038b17d28a,.ext-footer,transform,transform,,,Yes
08b638e8-0676-45cc-b677-5c038b17d28a,.ext-footer,clip-path,clip-path,,,Yes
08b638e8-0676-45cc-b677-5c038b17d28a,.ext-footer,overflow,overflow,,,Yes
8f780c1c-b5cd-403e-9689-81d8aaa745e5,.ext-background-overlay,z-index,z-index,,,No
f0aff3b7-91a5-4aae-af71-c63e1dda2049,.ext-banner-logo,margin-left,margin-left,,,Yes
f0aff3b7-91a5-4aae-af71-c63e1dda2049,.ext-banner-logo,margin-right,margin-right,,,Yes
6d3b293a-a0e3-4592-a0e6-6f28b19cea22,.background-overlay,filter,filter,,,No
6d3b293a-a0e3-4592-a0e6-6f28b19cea22,.background-overlay.ext-background-overlay,filter,filter,,,No
c56e65d5-4e27-47ad-bb9c-642287e6ca2e,.ext-background-image,opacity,opacity,,,No
1a79cef1-ab8a-4bc8-b051-93d436433efe,.ext-banner-logo,margin-left,margin-left,,,No
1a79cef1-ab8a-4bc8-b051-93d436433efe,.ext-banner-logo,margin-right,margin-right,,,No
60a16a85-7a7a-4923-898d-c0c6c07d8a3c,.ext-banner-logo,margin-left,margin-left,,,No
60a16a85-7a7a-4923-898d-c0c6c07d8a3c,.ext-banner-logo,margin-right,margin-right,,,No
6b5ccbf4-5baf-4881-8c52-993731439d00,.ext-banner-logo,margin-left,margin-left,,,No
6b5ccbf4-5baf-4881-8c52-993731439d00,.ext-banner-logo,margin-right,margin-right,,,No
e3ec3142-04c0-401e-9353-ade8beb3a416,.ext-promoted-fed-cred-box,opacity,opacity,,,No
fc66db83-2a83-4519-a267-e9790c0ec208,.ext-sign-in-box,margin-top,margin-top,,,No
fc66db83-2a83-4519-a267-e9790c0ec208,.ext-sign-in-box,margin-left,margin-left,,,No
fc66db83-2a83-4519-a267-e9790c0ec208,.ext-sign-in-box,margin-right,margin-right,,,No
fc66db83-2a83-4519-a267-e9790c0ec208,.ext-banner-logo,margin-left,margin-left,,,No
fc66db83-2a83-4519-a267-e9790c0ec208,.ext-banner-logo,margin-right,margin-right,,,No
96dbe44f-dc35-4a1f-b1e2-bf9cf22d6d86,.ext-title,margin-bottom,margin-bottom,,,No
f9991903-7205-458b-8a03-8d543eec4615,.ext-banner-logo,margin-left,margin-left,,,No
f9991903-7205-458b-8a03-8d543eec4615,.ext-banner-logo,margin-right,margin-right,,,No
42d0d02d-6286-465e-999b-31006231efb1,".ext-title, .text-title",margin,margin,,,No
42d0d02d-6286-465e-999b-31006231efb1,.ext-error,"margin-bottom""",margin-bottom,,,No
149ec02b-dd91-4520-865e-c116832e8b64,.ext-banner-logo,margin-left,margin-left,,,No
149ec02b-dd91-4520-865e-c116832e8b64,.ext-banner-logo,margin-right,margin-right,,,No
638fcbaf-ba4c-43e1-adae-5475c970fe10,.ext-button,margin,margin,,,No
638fcbaf-ba4c-43e1-adae-5475c970fe10,main,margin,margin,,,No
ab4c4156-226a-4da2-ab0b-5b137a3bcbe0,.ext-banner-logo,margin-left,margin-left,,,No
ab4c4156-226a-4da2-ab0b-5b137a3bcbe0,.ext-banner-logo,margin-right,margin-right,,,No
b1c3fa21-6555-44b4-b77d-b63fd11a5c38,.ext-banner-logo,margin-left,margin-left,,,No
b1c3fa21-6555-44b4-b77d-b63fd11a5c38,.ext-banner-logo,margin-right,margin-right,,,No
e0ba2eba-5425-4d9b-b24b-f0f4845bcf62,.sign-in-box,margin-left,margin-left,,,No
e0ba2eba-5425-4d9b-b24b-f0f4845bcf62,.sign-in-box,margin-right,margin-right,,,No
e0ba2eba-5425-4d9b-b24b-f0f4845bcf62,.sign-in-box,position,position,,,No
e0ba2eba-5425-4d9b-b24b-f0f4845bcf62,.sign-in-box,margin-bottom,margin-bottom,,,No
e0ba2eba-5425-4d9b-b24b-f0f4845bcf62,.sign-in-box,overflow,overflow,,,No
d5590044-ec57-47cc-936b-19207090bf26,.ext-banner-logo,margin-left,margin-left,,,No
d5590044-ec57-47cc-936b-19207090bf26,.ext-banner-logo,margin-right,margin-right,,,No
d9a4c7f6-515b-466e-8973-20bc3624dc80,.ext-sign-in-box,opacity,opacity,,,No
e2f84fef-1b36-47af-9ec0-c8691947d9b0,.ext-banner-logo,margin-left,margin-left,,,No
e2f84fef-1b36-47af-9ec0-c8691947d9b0,.ext-banner-logo,margin-right,margin-right,,,No
e5085753-a825-427a-bee8-27c131a832d7,.ext-sign-in-box,opacity,opacity,,,No
e5085753-a825-427a-bee8-27c131a832d7,.ext-banner-logo,margin-left,margin-left,,,No
e5085753-a825-427a-bee8-27c131a832d7,.ext-banner-logo,margin-right,margin-right,,,No
b16aefb1-c84c-465e-9f56-1c12fdb0ed5e,.ext-banner-logo,margin-left,margin-left,,,No
b16aefb1-c84c-465e-9f56-1c12fdb0ed5e,.ext-banner-logo,margin-right,margin-right,,,No
b16aefb1-c84c-465e-9f56-1c12fdb0ed5e,.ext-button.ext-primary:active,transform,transform,,,No
c6fbf088-ce05-43ed-8af4-8a9715174ff0,.ext-sign-in-box,margin,margin,,,No
c6fbf088-ce05-43ed-8af4-8a9715174ff0,.ext-title,margin-bottom,margin-bottom,,,No
c6fbf088-ce05-43ed-8af4-8a9715174ff0,.ext-input.ext-text-box,margin-bottom,margin-bottom,,,No
c6fbf088-ce05-43ed-8af4-8a9715174ff0,.ext-button.ext-primary,margin-top,margin-top,,,No
c6fbf088-ce05-43ed-8af4-8a9715174ff0,.ext-button.ext-secondary,margin-top,margin-top,,,No
c6fbf088-ce05-43ed-8af4-8a9715174ff0,.ext-promoted-fed-cred-box,margin,margin,,,No
7b7edc5d-868b-406a-a4c6-0c5d0619ce06,.ext-banner-logo,margin-left,margin-left,,,No
7b7edc5d-868b-406a-a4c6-0c5d0619ce06,.ext-banner-logo,margin-right,margin-right,,,No
ea3c6d6a-7929-44c8-bf92-f906db7e20eb,.ext-banner-logo,margin-left,margin-left,,,No
ea3c6d6a-7929-44c8-bf92-f906db7e20eb,.ext-banner-logo,margin-right,margin-right,,,No
2f11e322-269b-4fb1-ba8e-2ca01b99b17d,.ext-header,margin,margin,,,No
2f11e322-269b-4fb1-ba8e-2ca01b99b17d,.ext-error,margin-bottom,margin-bottom,,,No
2f11e322-269b-4fb1-ba8e-2ca01b99b17d,.ext-header,margin,margin,,,No
2f11e322-269b-4fb1-ba8e-2ca01b99b17d,.ext-error,margin-bottom,margin-bottom,,,No
9e04de10-5185-4817-b78d-f239316bdbed,.ext-banner-logo,margin-left,margin-left,,,No
9e04de10-5185-4817-b78d-f239316bdbed,.ext-banner-logo,margin-right,margin-right,,,No
f517cab8-ee52-400a-acf4-d49cebdb6bef,.ext-sign-in-box,position,position,,,No
f517cab8-ee52-400a-acf4-d49cebdb6bef,.ext-sign-in-box,top,top,,,No
f517cab8-ee52-400a-acf4-d49cebdb6bef,.ext-sign-in-box,left,left,,,No
f517cab8-ee52-400a-acf4-d49cebdb6bef,.ext-button.ext-primary,left,left,,,No
f517cab8-ee52-400a-acf4-d49cebdb6bef,.ext-button.ext-primary,position,position,,,No
f517cab8-ee52-400a-acf4-d49cebdb6bef,.ext-boilerplate-text,position,position,,,No
f517cab8-ee52-400a-acf4-d49cebdb6bef,.ext-boilerplate-text,top,top,,,No
f517cab8-ee52-400a-acf4-d49cebdb6bef,.ext-promoted-fed-cred-box,position,position,,,No
f517cab8-ee52-400a-acf4-d49cebdb6bef,.ext-promoted-fed-cred-box,left,left,,,No
f517cab8-ee52-400a-acf4-d49cebdb6bef,.ext-promoted-fed-cred-box,top,top,,,No
efab97f6-098b-462e-9c7c-7d2b6e90ac7f,.ext-banner-logo,margin-left,margin-left,,,No
efab97f6-098b-462e-9c7c-7d2b6e90ac7f,.ext-banner-logo,margin-right,margin-right,,,No
efab97f6-098b-462e-9c7c-7d2b6e90ac7f,.ext-boilerplate-text>p,margin-bottom,margin-bottom,,,No
efab97f6-098b-462e-9c7c-7d2b6e90ac7f,.ext-boilerplate-text>p,margin-top,margin-top,,,No
94c6340b-83f9-4d42-a56b-6e4aedc815bc,.ext-sign-in-box,opacity,opacity,,,No
287248c5-c3fa-4cdb-af79-837281e4eb16,.ext-footer,position,position,,,No
4c953047-dc2c-45a1-a0e2-fa113c905fe6,.ext-banner-logo,margin-left,margin-left,,,No
4c953047-dc2c-45a1-a0e2-fa113c905fe6,.ext-banner-logo,margin-right,margin-right,,,No
7b1c6c1a-8508-4b19-80de-d71fd14a9e7e,.ext-banner-logo,margin-left,margin-left,,,No
7b1c6c1a-8508-4b19-80de-d71fd14a9e7e,.ext-banner-logo,margin-right,margin-right,,,No
c8b830b4-e922-495f-8933-c4116b5a2ca9,.ext-promoted-fed-cred-box,margin-top,margin-top,,,No
2993976e-0121-4093-b60a-3645c6fd2059,.ext-background-overlay,position,position,,,No
2993976e-0121-4093-b60a-3645c6fd2059,.ext-background-overlay,top,top,,,No
7092f324-5b8d-44e1-bb7a-4c14c647727c,.ext-background-overlay,position,position,,,No
7092f324-5b8d-44e1-bb7a-4c14c647727c,.ext-background-overlay,top,top,,,No
0de9d8e8-ed81-4018-be79-eb8a87085040,.ext-sign-in-box,opacity,opacity,,,No
0de9d8e8-ed81-4018-be79-eb8a87085040,.ext-banner-logo,margin-left,margin-left,,,No
0de9d8e8-ed81-4018-be79-eb8a87085040,.ext-banner-logo,margin-right,margin-right,,,No
664dacfe-5a2f-47b1-a494-9ea3748067eb,.ext-banner-logo,margin-left,margin-left,,,No
664dacfe-5a2f-47b1-a494-9ea3748067eb,.ext-banner-logo,margin-bottom,margin-bottom,,,No
0c5e492c-72aa-44b0-a5ac-b652c4abd5fc,.ext-banner-logo,margin-left,margin-left,,,No
0c5e492c-72aa-44b0-a5ac-b652c4abd5fc,.ext-banner-logo,margin-right,margin-right,,,No
517032cd-173a-4d88-a804-037c9f3f9077,.ext-banner-logo,margin-left,margin-left,,,No
517032cd-173a-4d88-a804-037c9f3f9077,.ext-banner-logo,margin-bottom,margin-bottom,,,No
d5aeefc1-5803-4aff-8f07-38d71946b3bc,.ext-banner-logo,margin-left,margin-left,,,No
d5aeefc1-5803-4aff-8f07-38d71946b3bc,.ext-banner-logo,margin-right,margin-right,,,No
c7976386-79cd-4f31-912b-5b35f91a1217,.ext-banner-logo,margin-left,margin-left,,,No
c7976386-79cd-4f31-912b-5b35f91a1217,.ext-banner-logo,margin-right,margin-right,,,No
c7976386-79cd-4f31-912b-5b35f91a1217,.ext-banner-logo,margin-bottom,margin-bottom,,,No
5642546e-6afe-490f-88d8-e665010256fe,.fancybox-enabled,overflow,overflow,,,No
5642546e-6afe-490f-88d8-e665010256fe,.fancybox-enabled body,overflow,overflow,,,No
5642546e-6afe-490f-88d8-e665010256fe,.fancybox-is-hidden,position,position,,,No
5642546e-6afe-490f-88d8-e665010256fe,.fancybox-is-hidden,top,top,,,No
5642546e-6afe-490f-88d8-e665010256fe,.fancybox-is-hidden,left,left,,,No
5642546e-6afe-490f-88d8-e665010256fe,.fancybox-container,position,position,,,No
5642546e-6afe-490f-88d8-e665010256fe,.fancybox-container,top,top,,,No
5642546e-6afe-490f-88d8-e665010256fe,.fancybox-container,left,left,,,No
5642546e-6afe-490f-88d8-e665010256fe,.fancybox-container,z-index,z-index,,,No
5642546e-6afe-490f-88d8-e665010256fe,.fancybox-container,transform,transform,,,No
5642546e-6afe-490f-88d8-e665010256fe,.fancybox-container~.fancybox-container,z-index,z-index,,,No
5642546e-6afe-490f-88d8-e665010256fe,".fancybox-bg,.fancybox-inner,.fancybox-outer,.fancybox-stage",position,position,,,No
5642546e-6afe-490f-88d8-e665010256fe,".fancybox-bg,.fancybox-inner,.fancybox-outer,.fancybox-stage",top,top,,,No
5642546e-6afe-490f-88d8-e665010256fe,".fancybox-bg,.fancybox-inner,.fancybox-outer,.fancybox-stage",right,right,,,No
5642546e-6afe-490f-88d8-e665010256fe,".fancybox-bg,.fancybox-inner,.fancybox-outer,.fancybox-stage",bottom,bottom,,,No
5642546e-6afe-490f-88d8-e665010256fe,".fancybox-bg,.fancybox-inner,.fancybox-outer,.fancybox-stage",left,left,,,No
5642546e-6afe-490f-88d8-e665010256fe,.fancybox-bg,opacity,opacity,,,No
5642546e-6afe-490f-88d8-e665010256fe,.fancybox-is-open .fancybox-bg,opacity,opacity,,,No
5642546e-6afe-490f-88d8-e665010256fe,".fancybox-caption-wrap,.fancybox-infobar,.fancybox-toolbar",position,position,,,No
5642546e-6afe-490f-88d8-e665010256fe,".fancybox-caption-wrap,.fancybox-infobar,.fancybox-toolbar",z-index,z-index,,,No
5642546e-6afe-490f-88d8-e665010256fe,".fancybox-caption-wrap,.fancybox-infobar,.fancybox-toolbar",opacity,opacity,,,No
5642546e-6afe-490f-88d8-e665010256fe,".fancybox-show-caption .fancybox-caption-wrap,.fancybox-show-infobar .fancybox-infobar,.fancybox-show-toolbar .fancybox-toolbar",opacity,opacity,,,No
5642546e-6afe-490f-88d8-e665010256fe,.fancybox-infobar,top,top,,,No
5642546e-6afe-490f-88d8-e665010256fe,.fancybox-infobar,left,left,,,No
5642546e-6afe-490f-88d8-e665010256fe,.fancybox-infobar,margin-left,margin-left,,,No
5642546e-6afe-490f-88d8-e665010256fe,.fancybox-infobar__body,pointer-events,pointer-events,,,No
5642546e-6afe-490f-88d8-e665010256fe,.fancybox-toolbar,top,top,,,No
5642546e-6afe-490f-88d8-e665010256fe,.fancybox-toolbar,right,right,,,No
5642546e-6afe-490f-88d8-e665010256fe,.fancybox-stage,overflow,overflow,,,No
5642546e-6afe-490f-88d8-e665010256fe,.fancybox-stage,z-index,z-index,,,No
5642546e-6afe-490f-88d8-e665010256fe,.fancybox-slide,position,position,,,No
5642546e-6afe-490f-88d8-e665010256fe,.fancybox-slide,top,top,,,No
5642546e-6afe-490f-88d8-e665010256fe,.fancybox-slide,left,left,,,No
5642546e-6afe-490f-88d8-e665010256fe,.fancybox-slide,margin,margin,,,No
5642546e-6afe-490f-88d8-e665010256fe,.fancybox-slide,overflow,overflow,,,No
5642546e-6afe-490f-88d8-e665010256fe,.fancybox-slide,z-index,z-index,,,No
5642546e-6afe-490f-88d8-e665010256fe,.fancybox-slide--image,overflow,overflow,,,No
5642546e-6afe-490f-88d8-e665010256fe,.fancybox-slide--next,z-index,z-index,,,No
5642546e-6afe-490f-88d8-e665010256fe,.fancybox-slide>div,position,position,,,No
5642546e-6afe-490f-88d8-e665010256fe,.fancybox-slide>div,margin,margin,,,No
5642546e-6afe-490f-88d8-e665010256fe,.fancybox-slide>div,overflow,overflow,,,No
5642546e-6afe-490f-88d8-e665010256fe,.fancybox-slide .fancybox-image-wrap,position,position,,,No
5642546e-6afe-490f-88d8-e665010256fe,.fancybox-slide .fancybox-image-wrap,top,top,,,No
5642546e-6afe-490f-88d8-e665010256fe,.fancybox-slide .fancybox-image-wrap,left,left,,,No
5642546e-6afe-490f-88d8-e665010256fe,.fancybox-slide .fancybox-image-wrap,margin,margin,,,No
5642546e-6afe-490f-88d8-e665010256fe,.fancybox-slide .fancybox-image-wrap,z-index,z-index,,,No
5642546e-6afe-490f-88d8-e665010256fe,.fancybox-slide .fancybox-image-wrap,overflow,overflow,,,No
5642546e-6afe-490f-88d8-e665010256fe,".fancybox-image,.fancybox-spaceball",position,position,,,No
5642546e-6afe-490f-88d8-e665010256fe,".fancybox-image,.fancybox-spaceball",top,top,,,No
5642546e-6afe-490f-88d8-e665010256fe,".fancybox-image,.fancybox-spaceball",left,left,,,No
5642546e-6afe-490f-88d8-e665010256fe,".fancybox-image,.fancybox-spaceball",margin,margin,,,No
5642546e-6afe-490f-88d8-e665010256fe,.fancybox-spaceball,z-index,z-index,,,No
5642546e-6afe-490f-88d8-e665010256fe,.fancybox-slide--iframe .fancybox-content,overflow,overflow,,,No
5642546e-6afe-490f-88d8-e665010256fe,".fancybox-error,.fancybox-iframe",margin,margin,,,No
5642546e-6afe-490f-88d8-e665010256fe,.fancybox-error p,margin,margin,,,No
5642546e-6afe-490f-88d8-e665010256fe,.fancybox-close-small,position,position,,,No
5642546e-6afe-490f-88d8-e665010256fe,.fancybox-close-small,top,top,,,No
5642546e-6afe-490f-88d8-e665010256fe,.fancybox-close-small,right,right,,,No
5642546e-6afe-490f-88d8-e665010256fe,.fancybox-close-small,margin,margin,,,No
5642546e-6afe-490f-88d8-e665010256fe,.fancybox-close-small,z-index,z-index,,,No
5642546e-6afe-490f-88d8-e665010256fe,.fancybox-close-small:after,position,position,,,No
5642546e-6afe-490f-88d8-e665010256fe,.fancybox-close-small:after,top,top,,,No
5642546e-6afe-490f-88d8-e665010256fe,.fancybox-close-small:after,right,right,,,No
5642546e-6afe-490f-88d8-e665010256fe,.fancybox-close-small:after,z-index,z-index,,,No
5642546e-6afe-490f-88d8-e665010256fe,.fancybox-slide--iframe .fancybox-close-small,top,top,,,No
5642546e-6afe-490f-88d8-e665010256fe,.fancybox-slide--iframe .fancybox-close-small,right,right,,,No
5642546e-6afe-490f-88d8-e665010256fe,.fancybox-caption-wrap,bottom,bottom,,,No
5642546e-6afe-490f-88d8-e665010256fe,.fancybox-caption-wrap,left,left,,,No
5642546e-6afe-490f-88d8-e665010256fe,.fancybox-caption-wrap,right,right,,,No
5642546e-6afe-490f-88d8-e665010256fe,.fancybox-caption-wrap,pointer-events,pointer-events,,,No
5642546e-6afe-490f-88d8-e665010256fe,".fancybox-caption a,.fancybox-caption button,.fancybox-caption select",pointer-events,pointer-events,,,No
5642546e-6afe-490f-88d8-e665010256fe,.fancybox-button,position,position,,,No
5642546e-6afe-490f-88d8-e665010256fe,.fancybox-button,margin,margin,,,No
5642546e-6afe-490f-88d8-e665010256fe,.fancybox-button[disabled],pointer-events,pointer-events,,,No
5642546e-6afe-490f-88d8-e665010256fe,".fancybox-button:after,.fancybox-button:before",pointer-events,pointer-events,,,No
5642546e-6afe-490f-88d8-e665010256fe,".fancybox-button:after,.fancybox-button:before",position,position,,,No
5642546e-6afe-490f-88d8-e665010256fe,".fancybox-button:after,.fancybox-button:before",opacity,opacity,,,No
5642546e-6afe-490f-88d8-e665010256fe,".fancybox-button[disabled]:after,.fancybox-button[disabled]:before",opacity,opacity,,,No
5642546e-6afe-490f-88d8-e665010256fe,".fancybox-button--left:after,.fancybox-button--right:after",top,top,,,No
5642546e-6afe-490f-88d8-e665010256fe,.fancybox-button--left:after,left,left,,,No
5642546e-6afe-490f-88d8-e665010256fe,.fancybox-button--left:after,transform,transform,,,No
5642546e-6afe-490f-88d8-e665010256fe,.fancybox-button--right:after,right,right,,,No
5642546e-6afe-490f-88d8-e665010256fe,.fancybox-button--right:after,transform,transform,,,No
5642546e-6afe-490f-88d8-e665010256fe,".fancybox-button--close:after,.fancybox-button--close:before",position,position,,,No
5642546e-6afe-490f-88d8-e665010256fe,".fancybox-button--close:after,.fancybox-button--close:before",top,top,,,No
5642546e-6afe-490f-88d8-e665010256fe,".fancybox-button--close:after,.fancybox-button--close:before",left,left,,,No
5642546e-6afe-490f-88d8-e665010256fe,.fancybox-button--close:before,transform,transform,,,No
5642546e-6afe-490f-88d8-e665010256fe,.fancybox-button--close:after,transform,transform,,,No
5642546e-6afe-490f-88d8-e665010256fe,.fancybox-arrow,position,position,,,No
5642546e-6afe-490f-88d8-e665010256fe,.fancybox-arrow,top,top,,,No
5642546e-6afe-490f-88d8-e665010256fe,.fancybox-arrow,margin,margin,,,No
5642546e-6afe-490f-88d8-e665010256fe,.fancybox-arrow,z-index,z-index,,,No
5642546e-6afe-490f-88d8-e665010256fe,.fancybox-arrow,opacity,opacity,,,No
5642546e-6afe-490f-88d8-e665010256fe,.fancybox-arrow:after,position,position,,,No
5642546e-6afe-490f-88d8-e665010256fe,.fancybox-arrow:after,top,top,,,No
5642546e-6afe-490f-88d8-e665010256fe,.fancybox-arrow--right,right,right,,,No
5642546e-6afe-490f-88d8-e665010256fe,.fancybox-arrow--left,left,left,,,No
5642546e-6afe-490f-88d8-e665010256fe,.fancybox-arrow--left,transform,transform,,,No
5642546e-6afe-490f-88d8-e665010256fe,".fancybox-arrow--left:after,.fancybox-arrow--right:after",left,left,,,No
5642546e-6afe-490f-88d8-e665010256fe,.fancybox-show-nav .fancybox-arrow,opacity,opacity,,,No
5642546e-6afe-490f-88d8-e665010256fe,.fancybox-show-nav .fancybox-arrow[disabled],opacity,opacity,,,No
5642546e-6afe-490f-88d8-e665010256fe,.fancybox-slide>.fancybox-loading,position,position,,,No
5642546e-6afe-490f-88d8-e665010256fe,.fancybox-slide>.fancybox-loading,top,top,,,No
5642546e-6afe-490f-88d8-e665010256fe,.fancybox-slide>.fancybox-loading,left,left,,,No
5642546e-6afe-490f-88d8-e665010256fe,.fancybox-slide>.fancybox-loading,margin-top,margin-top,,,No
5642546e-6afe-490f-88d8-e665010256fe,.fancybox-slide>.fancybox-loading,margin-left,margin-left,,,No
5642546e-6afe-490f-88d8-e665010256fe,.fancybox-slide>.fancybox-loading,z-index,z-index,,,No
5642546e-6afe-490f-88d8-e665010256fe,0%,transform,transform,,,No
5642546e-6afe-490f-88d8-e665010256fe,to,transform,transform,,,No
5642546e-6afe-490f-88d8-e665010256fe,.fancybox-fx-slide.fancybox-slide--previous,transform,transform,,,No
5642546e-6afe-490f-88d8-e665010256fe,.fancybox-fx-slide.fancybox-slide--previous,opacity,opacity,,,No
5642546e-6afe-490f-88d8-e665010256fe,.fancybox-fx-slide.fancybox-slide--next,transform,transform,,,No
5642546e-6afe-490f-88d8-e665010256fe,.fancybox-fx-slide.fancybox-slide--next,opacity,opacity,,,No
5642546e-6afe-490f-88d8-e665010256fe,.fancybox-fx-slide.fancybox-slide--current,transform,transform,,,No
5642546e-6afe-490f-88d8-e665010256fe,.fancybox-fx-slide.fancybox-slide--current,opacity,opacity,,,No
5642546e-6afe-490f-88d8-e665010256fe,".fancybox-fx-fade.fancybox-slide--next,.fancybox-fx-fade.fancybox-slide--previous",opacity,opacity,,,No
5642546e-6afe-490f-88d8-e665010256fe,.fancybox-fx-fade.fancybox-slide--current,opacity,opacity,,,No
5642546e-6afe-490f-88d8-e665010256fe,.fancybox-fx-zoom-in-out.fancybox-slide--previous,transform,transform,,,No
5642546e-6afe-490f-88d8-e665010256fe,.fancybox-fx-zoom-in-out.fancybox-slide--previous,opacity,opacity,,,No
5642546e-6afe-490f-88d8-e665010256fe,.fancybox-fx-zoom-in-out.fancybox-slide--next,transform,transform,,,No
5642546e-6afe-490f-88d8-e665010256fe,.fancybox-fx-zoom-in-out.fancybox-slide--next,opacity,opacity,,,No
5642546e-6afe-490f-88d8-e665010256fe,.fancybox-fx-zoom-in-out.fancybox-slide--current,transform,transform,,,No
5642546e-6afe-490f-88d8-e665010256fe,.fancybox-fx-zoom-in-out.fancybox-slide--current,opacity,opacity,,,No
5642546e-6afe-490f-88d8-e665010256fe,.fancybox-fx-rotate.fancybox-slide--previous,transform,transform,,,No
5642546e-6afe-490f-88d8-e665010256fe,.fancybox-fx-rotate.fancybox-slide--previous,opacity,opacity,,,No
5642546e-6afe-490f-88d8-e665010256fe,.fancybox-fx-rotate.fancybox-slide--next,transform,transform,,,No
5642546e-6afe-490f-88d8-e665010256fe,.fancybox-fx-rotate.fancybox-slide--next,opacity,opacity,,,No
5642546e-6afe-490f-88d8-e665010256fe,.fancybox-fx-rotate.fancybox-slide--current,transform,transform,,,No
5642546e-6afe-490f-88d8-e665010256fe,.fancybox-fx-rotate.fancybox-slide--current,opacity,opacity,,,No
5642546e-6afe-490f-88d8-e665010256fe,.fancybox-fx-circular.fancybox-slide--previous,transform,transform,,,No
5642546e-6afe-490f-88d8-e665010256fe,.fancybox-fx-circular.fancybox-slide--previous,opacity,opacity,,,No
5642546e-6afe-490f-88d8-e665010256fe,.fancybox-fx-circular.fancybox-slide--next,transform,transform,,,No
5642546e-6afe-490f-88d8-e665010256fe,.fancybox-fx-circular.fancybox-slide--next,opacity,opacity,,,No
5642546e-6afe-490f-88d8-e665010256fe,.fancybox-fx-circular.fancybox-slide--current,transform,transform,,,No
5642546e-6afe-490f-88d8-e665010256fe,.fancybox-fx-circular.fancybox-slide--current,opacity,opacity,,,No
5642546e-6afe-490f-88d8-e665010256fe,.fancybox-fx-tube.fancybox-slide--previous,transform,transform,,,No
5642546e-6afe-490f-88d8-e665010256fe,.fancybox-fx-tube.fancybox-slide--next,transform,transform,,,No
5642546e-6afe-490f-88d8-e665010256fe,.fancybox-fx-tube.fancybox-slide--current,transform,transform,,,No
5642546e-6afe-490f-88d8-e665010256fe,.fancybox-caption,margin,margin,,,No
5642546e-6afe-490f-88d8-e665010256fe,.fancybox-button--fullscreen:before,left,left,,,No
5642546e-6afe-490f-88d8-e665010256fe,.fancybox-button--fullscreen:before,top,top,,,No
5642546e-6afe-490f-88d8-e665010256fe,".fancybox-button--pause:before,.fancybox-button--play:before",top,top,,,No
5642546e-6afe-490f-88d8-e665010256fe,".fancybox-button--pause:before,.fancybox-button--play:before",left,left,,,No
5642546e-6afe-490f-88d8-e665010256fe,.fancybox-button--thumbs:before,top,top,,,No
5642546e-6afe-490f-88d8-e665010256fe,.fancybox-button--thumbs:before,left,left,,,No
5642546e-6afe-490f-88d8-e665010256fe,.fancybox-thumbs,position,position,,,No
5642546e-6afe-490f-88d8-e665010256fe,.fancybox-thumbs,top,top,,,No
5642546e-6afe-490f-88d8-e665010256fe,.fancybox-thumbs,right,right,,,No
5642546e-6afe-490f-88d8-e665010256fe,.fancybox-thumbs,bottom,bottom,,,No
5642546e-6afe-490f-88d8-e665010256fe,.fancybox-thumbs,left,left,,,No
5642546e-6afe-490f-88d8-e665010256fe,.fancybox-thumbs,margin,margin,,,No
5642546e-6afe-490f-88d8-e665010256fe,.fancybox-thumbs,z-index,z-index,,,No
5642546e-6afe-490f-88d8-e665010256fe,.fancybox-show-thumbs .fancybox-inner,right,right,,,No
5642546e-6afe-490f-88d8-e665010256fe,.fancybox-thumbs>ul,position,position,,,No
5642546e-6afe-490f-88d8-e665010256fe,.fancybox-thumbs>ul,margin,margin,,,No
5642546e-6afe-490f-88d8-e665010256fe,.fancybox-thumbs>ul>li,overflow,overflow,,,No
5642546e-6afe-490f-88d8-e665010256fe,.fancybox-thumbs>ul>li,margin,margin,,,No
5642546e-6afe-490f-88d8-e665010256fe,.fancybox-thumbs>ul>li,position,position,,,No
5642546e-6afe-490f-88d8-e665010256fe,.fancybox-thumbs>ul>li>img,position,position,,,No
5642546e-6afe-490f-88d8-e665010256fe,.fancybox-thumbs>ul>li>img,top,top,,,No
5642546e-6afe-490f-88d8-e665010256fe,.fancybox-thumbs>ul>li>img,left,left,,,No
5642546e-6afe-490f-88d8-e665010256fe,.fancybox-thumbs>ul>li:before,position,position,,,No
5642546e-6afe-490f-88d8-e665010256fe,.fancybox-thumbs>ul>li:before,top,top,,,No
5642546e-6afe-490f-88d8-e665010256fe,.fancybox-thumbs>ul>li:before,right,right,,,No
5642546e-6afe-490f-88d8-e665010256fe,.fancybox-thumbs>ul>li:before,bottom,bottom,,,No
5642546e-6afe-490f-88d8-e665010256fe,.fancybox-thumbs>ul>li:before,left,left,,,No
5642546e-6afe-490f-88d8-e665010256fe,.fancybox-thumbs>ul>li:before,z-index,z-index,,,No
5642546e-6afe-490f-88d8-e665010256fe,.fancybox-thumbs>ul>li:before,opacity,opacity,,,No
5642546e-6afe-490f-88d8-e665010256fe,.fancybox-thumbs>ul>li.fancybox-thumbs-active:before,"opacity""",opacity,,,No
be0be093-a2ad-444c-93d9-5626e83beefc,.ext-background-image,opacity,opacity,,,Yes
0829ac91-f0c1-4a62-baa6-c62f86bd8019,.ext-background-overlay,opacity,opacity,,,No
71f43bbf-58d5-4670-9d08-bc8b20aaddec,body,margin,margin,,,No
71f43bbf-58d5-4670-9d08-bc8b20aaddec,.ext-header-logo,margin,margin,,,No
71f43bbf-58d5-4670-9d08-bc8b20aaddec,.ext-banner-logo,margin,margin,,,No
71f43bbf-58d5-4670-9d08-bc8b20aaddec,.ext-title,margin-bottom,margin-bottom,,,No
71f43bbf-58d5-4670-9d08-bc8b20aaddec,.ext-subtitle,margin-bottom,margin-bottom,,,No
71f43bbf-58d5-4670-9d08-bc8b20aaddec,.ext-header-description,margin-bottom,margin-bottom,,,No
71f43bbf-58d5-4670-9d08-bc8b20aaddec,.ext-error,margin-bottom,margin-bottom,,,No
71f43bbf-58d5-4670-9d08-bc8b20aaddec,.ext-input.ext-text-box,margin-bottom,margin-bottom,,,No
71f43bbf-58d5-4670-9d08-bc8b20aaddec,.ext-password-reset-links-container,margin-bottom,margin-bottom,,,No
71f43bbf-58d5-4670-9d08-bc8b20aaddec,.ext-button-item,margin-bottom,margin-bottom,,,No
71f43bbf-58d5-4670-9d08-bc8b20aaddec,.ext-boilerplate-text,margin-top,margin-top,,,No
71f43bbf-58d5-4670-9d08-bc8b20aaddec,.ext-promoted-fed-cred-box,margin-bottom,margin-bottom,,,No
71f43bbf-58d5-4670-9d08-bc8b20aaddec,.ext-footer-content.ext-footer-item,margin,margin,,,No
71f43bbf-58d5-4670-9d08-bc8b20aaddec,.ext-footer-content.ext-footer-item.ext-debug-item,margin,margin,,,No
4511792b-d4cd-4c5d-85ce-36f60cebf27c,.ext-banner-logo,margin-left,margin-left,,,No
4511792b-d4cd-4c5d-85ce-36f60cebf27c,.ext-banner-logo,margin-right,margin-right,,,No
1a3d0359-690a-4ba2-8908-b6fc5c73edf2,.ext-button.ext-primary,position,position,,,No
1a3d0359-690a-4ba2-8908-b6fc5c73edf2,.ext-button.ext-primary:hover,transform,transform,,,No
1a3d0359-690a-4ba2-8908-b6fc5c73edf2,.ext-button.ext-primary:hover,clip-path,clip-path,,,No
1a3d0359-690a-4ba2-8908-b6fc5c73edf2,".ext-button.ext-primary:active, .ext-button.ext-primary:focus:active",transform,transform,,,No
1a3d0359-690a-4ba2-8908-b6fc5c73edf2,.ext-button.ext-secondary,position,position,,,No
1a3d0359-690a-4ba2-8908-b6fc5c73edf2,.ext-button.ext-secondary:hover,transform,transform,,,No
1a3d0359-690a-4ba2-8908-b6fc5c73edf2,.ext-button.ext-secondary:hover,clip-path,clip-path,,,No
1a3d0359-690a-4ba2-8908-b6fc5c73edf2,".ext-button.ext-secondary:active, .ext-button.ext-secondary:focus:active",transform,transform,,,No
1a3d0359-690a-4ba2-8908-b6fc5c73edf2,0%,transform,transform,,,No
1a3d0359-690a-4ba2-8908-b6fc5c73edf2,50%,transform,transform,,,No
1a3d0359-690a-4ba2-8908-b6fc5c73edf2,100%,"transform""",transform,,,No
84c44fe4-5c9f-4dab-b85e-5a8f000f5faa,.ext-header-logo,margin,margin,,,No
84c44fe4-5c9f-4dab-b85e-5a8f000f5faa,.ext-sign-in-box,margin-top,margin-top,,,No
84c44fe4-5c9f-4dab-b85e-5a8f000f5faa,.ext-sign-in-box,margin-bottom,margin-bottom,,,No
84c44fe4-5c9f-4dab-b85e-5a8f000f5faa,.ext-header-logo,margin,margin,,,No
84c44fe4-5c9f-4dab-b85e-5a8f000f5faa,.ext-sign-in-box,margin-top,margin-top,,,No
84c44fe4-5c9f-4dab-b85e-5a8f000f5faa,.ext-sign-in-box,margin-bottom,margin-bottom,,,No
1ab4a3f2-2f84-4191-b281-d89a2b3d3644,.ext-background-overlay,opacity,opacity,,,No
1ab4a3f2-2f84-4191-b281-d89a2b3d3644,.ext-boilerplate-text p,margin-top,margin-top,,,No
1ab4a3f2-2f84-4191-b281-d89a2b3d3644,.ext-boilerplate-text p,margin-bottom,margin-bottom,,,No
e6a7eb3f-ec2a-4216-93de-823d273b1d03,.ext-background-overlay,z-index,z-index,,,No
1e1b151d-ebea-4175-960c-28808a53a3f0,.ext-background-overlay,opacity,opacity,,,No
1e1b151d-ebea-4175-960c-28808a53a3f0,.ext-sign-in-box,opacity,opacity,,,No
80e07f4d-e313-48bc-8a38-12114099ea9c,.ext-banner-logo,margin-left,margin-left,,,No
80e07f4d-e313-48bc-8a38-12114099ea9c,.ext-banner-logo,margin-right,margin-right,,,No
8af0471a-9c47-442b-abbf-e1b87b471a32,.ext-background-overlay,opacity,opacity,,,No
e57471a6-46bb-4ee6-8755-193594429733,.ext-banner-logo,margin-bottom,margin-bottom,,,No
e57471a6-46bb-4ee6-8755-193594429733,.ext-boilerplate-text,margin-top,margin-top,,,No
e57471a6-46bb-4ee6-8755-193594429733,.ext-promoted-fed-cred-box,margin-bottom,margin-bottom,,,No
3ea3e2bf-0daa-4b75-8d64-f64efa06f0f6,.ext-background-overlay,filter,filter,,,No
3ea3e2bf-0daa-4b75-8d64-f64efa06f0f6,.ext-background-overlay,position,position,,,No
3ea3e2bf-0daa-4b75-8d64-f64efa06f0f6,.ext-background-overlay,top,top,,,No
3ea3e2bf-0daa-4b75-8d64-f64efa06f0f6,.ext-background-overlay,filter,filter,,,No
3ea3e2bf-0daa-4b75-8d64-f64efa06f0f6,.ext-background-overlay,position,position,,,No
3ea3e2bf-0daa-4b75-8d64-f64efa06f0f6,.ext-background-overlay,top,top,,,No
3ea3e2bf-0daa-4b75-8d64-f64efa06f0f6,.ext-background-overlay,filter,filter,,,No
3ea3e2bf-0daa-4b75-8d64-f64efa06f0f6,.ext-background-overlay,position,position,,,No
3ea3e2bf-0daa-4b75-8d64-f64efa06f0f6,.ext-background-overlay,top,top,,,No
3ea3e2bf-0daa-4b75-8d64-f64efa06f0f6,.ext-background-overlay,filter,filter,,,No
3ea3e2bf-0daa-4b75-8d64-f64efa06f0f6,.ext-background-overlay,position,position,,,No
3ea3e2bf-0daa-4b75-8d64-f64efa06f0f6,.ext-background-overlay,top,top,,,No
3ea3e2bf-0daa-4b75-8d64-f64efa06f0f6,.ext-background-overlay,filter,filter,,,No
3ea3e2bf-0daa-4b75-8d64-f64efa06f0f6,.ext-background-overlay,position,position,,,No
3ea3e2bf-0daa-4b75-8d64-f64efa06f0f6,.ext-background-overlay,top,top,,,No
3ea3e2bf-0daa-4b75-8d64-f64efa06f0f6,.ext-background-overlay,filter,filter,,,No
3ea3e2bf-0daa-4b75-8d64-f64efa06f0f6,.ext-background-overlay,position,position,,,No
3ea3e2bf-0daa-4b75-8d64-f64efa06f0f6,.ext-background-overlay,top,top,,,No
3ea3e2bf-0daa-4b75-8d64-f64efa06f0f6,.ext-background-overlay,filter,filter,,,No
3ea3e2bf-0daa-4b75-8d64-f64efa06f0f6,.ext-background-overlay,position,position,,,No
3ea3e2bf-0daa-4b75-8d64-f64efa06f0f6,.ext-background-overlay,top,top,,,No
3ea3e2bf-0daa-4b75-8d64-f64efa06f0f6,.ext-background-overlay,filter,filter,,,No
3ea3e2bf-0daa-4b75-8d64-f64efa06f0f6,.ext-background-overlay,position,position,,,No
3ea3e2bf-0daa-4b75-8d64-f64efa06f0f6,.ext-background-overlay,top,top,,,No
3ea3e2bf-0daa-4b75-8d64-f64efa06f0f6,.ext-background-overlay,filter,filter,,,No
3ea3e2bf-0daa-4b75-8d64-f64efa06f0f6,.ext-background-overlay,position,position,,,No
3ea3e2bf-0daa-4b75-8d64-f64efa06f0f6,.ext-background-overlay,top,top,,,No
06a34b0a-4399-443f-9cb7-21354c2e58a6,.ext-banner-logo,margin-left,margin-left,,,No
06a34b0a-4399-443f-9cb7-21354c2e58a6,.ext-banner-logo,margin-right,margin-right,,,No
aa3efc14-1dc9-41a9-b923-46255345b355,.ext-error,margin-top,margin-top,,,No
aa3efc14-1dc9-41a9-b923-46255345b355,.ext-error,position,position,,,No
aa3efc14-1dc9-41a9-b923-46255345b355,.ext-button.ext-primary,margin,margin,,,No
aa3efc14-1dc9-41a9-b923-46255345b355,.ext-button.ext-primary,overflow,overflow,,,No
aa3efc14-1dc9-41a9-b923-46255345b355,.ext-button.ext-primary,position,position,,,No
aa3efc14-1dc9-41a9-b923-46255345b355,.ext-button.ext-primary,pointer-events,pointer-events,,,No
aa3efc14-1dc9-41a9-b923-46255345b355,.ext-button.ext-secondary,margin,margin,,,No
aa3efc14-1dc9-41a9-b923-46255345b355,.ext-button.ext-secondary,overflow,overflow,,,No
aa3efc14-1dc9-41a9-b923-46255345b355,.ext-button.ext-secondary,position,position,,,No
aa3efc14-1dc9-41a9-b923-46255345b355,.ext-button.ext-secondary,pointer-events,pointer-events,,,No
ad0b1151-c01f-4ad7-860f-c298f576ce11,.ext-banner-logo,margin-left,margin-left,,,No
ad0b1151-c01f-4ad7-860f-c298f576ce11,.ext-banner-logo,margin-right,margin-right,,,No
ad0b1151-c01f-4ad7-860f-c298f576ce11,.ext-button-field-container,margin-top,margin-top,,,No
ad0b1151-c01f-4ad7-860f-c298f576ce11,.ext-footer-links,margin-bottom,margin-bottom,,,No
ad0b1151-c01f-4ad7-860f-c298f576ce11,.ext-footer-content,margin,margin,,,No
ad0b1151-c01f-4ad7-860f-c298f576ce11,main,margin,margin,,,No
b70eb998-8f17-4eb1-b163-22062a1597b8,"a, a:link, a:visited",position,position,,,No
b70eb998-8f17-4eb1-b163-22062a1597b8,"a, a:link, a:visited",left,left,,,No
b70eb998-8f17-4eb1-b163-22062a1597b8,"a, a:link, a:visited","top""",top,,,No
569df65d-1bbf-4546-97c5-71beab1578fe,.ext-button.ext-primary,position,position,,,No
569df65d-1bbf-4546-97c5-71beab1578fe,.ext-button.ext-secondary,position,position,,,No
63465168-eb89-4b7f-8e23-6a67aa1cc489,.ext-subtitle,margin-bottom,margin-bottom,,,No
63465168-eb89-4b7f-8e23-6a67aa1cc489,.ext-footer,margin-top,margin-top,,,No
63465168-eb89-4b7f-8e23-6a67aa1cc489,.ext-promoted-fed-cred-box,overflow,overflow,,,No
2d76b340-9dd8-4cad-bde9-77f226da322e,.position-buttons>div:first-child,margin-bottom,margin-bottom,,,Yes
3b2161c0-6788-4539-8dde-46cce994f0c2,.ext-banner-logo,margin-left,margin-left,,,No
3b2161c0-6788-4539-8dde-46cce994f0c2,.ext-banner-logo,margin-right,margin-right,,,No
f5dbba49-ce06-496f-ac3e-0cf14361d934,.ext-banner-logo,margin-left,margin-left,,,No
f5dbba49-ce06-496f-ac3e-0cf14361d934,.ext-banner-logo,margin-right,margin-right,,,No
a72cbcbe-7027-4863-b3cc-ac17ad7ae52f,.ext-banner-logo,margin-left,margin-left,,,No
a72cbcbe-7027-4863-b3cc-ac17ad7ae52f,.ext-banner-logo,margin-right,margin-right,,,No
25b68dd9-1f24-49c8-ae19-e26ff5a039c9,.ext-banner-logo,margin-left,margin-left,,,No
25b68dd9-1f24-49c8-ae19-e26ff5a039c9,.ext-banner-logo,margin-right,margin-right,,,No
25b68dd9-1f24-49c8-ae19-e26ff5a039c9,.ext-button.ext-primary:active,transform,transform,,,No
a686425d-332c-4799-a0aa-16a1f477cc47,.ext-sign-in-box,margin-top,margin-top,,,No
a686425d-332c-4799-a0aa-16a1f477cc47,.ext-sign-in-box,margin-left,margin-left,,,No
a686425d-332c-4799-a0aa-16a1f477cc47,.ext-sign-in-box,margin-right,margin-right,,,No
416a27b7-d5b2-47b6-8a3d-a39392c4d6b4,.ext-title,margin-bottom,margin-bottom,,,Yes
e4025a33-a54c-44c8-8d04-b04629e960e0,.ext-banner-logo,margin-left,margin-left,,,No
e4025a33-a54c-44c8-8d04-b04629e960e0,.ext-banner-logo,margin-right,margin-right,,,No
1908c400-397b-466d-baca-8c2290662f84,.ext-banner-logo,margin-left,margin-left,,,No
d7cfa7c7-1c24-448a-8f1d-01e4c1803842,.ext-banner-logo,margin-left,margin-left,,,No
d7cfa7c7-1c24-448a-8f1d-01e4c1803842,.ext-banner-logo,margin-right,margin-right,,,No
68182478-31e4-4f3f-a73d-75794bf4017f,.ext-banner-logo,margin-left,margin-left,,,No
68182478-31e4-4f3f-a73d-75794bf4017f,.ext-banner-logo,margin-right,margin-right,,,No
0e22d8bf-f512-4a4d-99af-0c29e40ed400,.ext-banner-logo,margin-left,margin-left,,,No
0e22d8bf-f512-4a4d-99af-0c29e40ed400,.ext-banner-logo,margin-right,margin-right,,,No
ab4e7a33-2dda-40d5-aa1e-44fc5f55f135,.ext-button-item,margin,margin,,,No
fc8d9296-add7-43d3-8271-9d7e9748613d,body,margin,margin,,,No
fc8d9296-add7-43d3-8271-9d7e9748613d,.ext-background-overlay,filter,filter,,,No
fc8d9296-add7-43d3-8271-9d7e9748613d,.ext-background-overlay,position,position,,,No
fc8d9296-add7-43d3-8271-9d7e9748613d,.ext-background-overlay,top,top,,,No
fc8d9296-add7-43d3-8271-9d7e9748613d,.ext-vertical-split-background-image-container,position,position,,,No
fc8d9296-add7-43d3-8271-9d7e9748613d,.ext-sign-in-box,margin-left,margin-left,,,No
fc8d9296-add7-43d3-8271-9d7e9748613d,.ext-sign-in-box,margin-right,margin-right,,,No
fc8d9296-add7-43d3-8271-9d7e9748613d,.ext-sign-in-box,position,position,,,No
fc8d9296-add7-43d3-8271-9d7e9748613d,.ext-sign-in-box,margin-bottom,margin-bottom,,,No
fc8d9296-add7-43d3-8271-9d7e9748613d,.ext-sign-in-box,overflow,overflow,,,No
fc8d9296-add7-43d3-8271-9d7e9748613d,.ext-button.ext-secondary,margin-top,margin-top,,,No
fc8d9296-add7-43d3-8271-9d7e9748613d,.ext-button.ext-secondary,margin-bottom,margin-bottom,,,No
fc8d9296-add7-43d3-8271-9d7e9748613d,.ext-button.ext-secondary,position,position,,,No
fc8d9296-add7-43d3-8271-9d7e9748613d,.ext-button.ext-secondary,overflow,overflow,,,No
fc8d9296-add7-43d3-8271-9d7e9748613d,.ext-button.ext-secondary:active,transform,transform,,,No
6ba6b207-e531-4a33-9c9a-069a98b930b7,.ext-banner-logo,margin-left,margin-left,,,No
6ba6b207-e531-4a33-9c9a-069a98b930b7,.ext-banner-logo,margin-right,margin-right,,,No
978ba051-9402-488c-9a2a-9fe52689aaea,.ext-banner-logo,margin-bottom,margin-bottom,,,No
415f5fa3-b4e6-4ff7-9f26-ecb6700b7bd4,.ext-sign-in-box,opacity,opacity,,,No
1e297bd2-2d14-45ed-adf8-6fa9ab5d04bd,.ext-banner-logo,margin-left,margin-left,,,No
1e297bd2-2d14-45ed-adf8-6fa9ab5d04bd,.ext-banner-logo,margin-right,margin-right,,,No
43ed9756-41ff-4cbf-959b-406a4083b78b,.ext-banner-logo,margin-left,margin-left,,,No
43ed9756-41ff-4cbf-959b-406a4083b78b,.ext-banner-logo,margin-right,margin-right,,,No
c46660cd-d7a7-4d01-9e95-7027599ad8af,.ext-banner-logo,margin-left,margin-left,,,No
c46660cd-d7a7-4d01-9e95-7027599ad8af,.ext-banner-logo,margin-right,margin-right,,,No
708bd6e4-0b9f-4eda-8391-20ddd6601b62,.container,margin,margin,,,No
708bd6e4-0b9f-4eda-8391-20ddd6601b62,"a.cta, button.cta",margin-top,margin-top,,,No
708bd6e4-0b9f-4eda-8391-20ddd6601b62,"a.cta, button.cta",overflow,overflow,,,No
708bd6e4-0b9f-4eda-8391-20ddd6601b62,"a.cta, button.cta",position,position,,,No
708bd6e4-0b9f-4eda-8391-20ddd6601b62,".butn:link, .butn:visited",position,position,,,No
708bd6e4-0b9f-4eda-8391-20ddd6601b62,".butn:link, .butn:visited",overflow,overflow,,,No
708bd6e4-0b9f-4eda-8391-20ddd6601b62,.butn::before,opacity,opacity,,,No
708bd6e4-0b9f-4eda-8391-20ddd6601b62,.butn::before,position,position,,,No
708bd6e4-0b9f-4eda-8391-20ddd6601b62,.butn::before,top,top,,,No
708bd6e4-0b9f-4eda-8391-20ddd6601b62,.butn::before,transform,transform,,,No
708bd6e4-0b9f-4eda-8391-20ddd6601b62,.butn::after,opacity,opacity,,,No
708bd6e4-0b9f-4eda-8391-20ddd6601b62,.butn::after,position,position,,,No
708bd6e4-0b9f-4eda-8391-20ddd6601b62,.butn::after,top,top,,,No
708bd6e4-0b9f-4eda-8391-20ddd6601b62,.butn::after,transform,transform,,,No
708bd6e4-0b9f-4eda-8391-20ddd6601b62,.butn__new:hover::before,left,left,,,No
708bd6e4-0b9f-4eda-8391-20ddd6601b62,.butn__new:hover::before,opacity,opacity,,,No
708bd6e4-0b9f-4eda-8391-20ddd6601b62,.butn__new::before,left,left,,,No
708bd6e4-0b9f-4eda-8391-20ddd6601b62,.butn__new:hover::after,left,left,,,No
708bd6e4-0b9f-4eda-8391-20ddd6601b62,.butn__new:hover::after,opacity,opacity,,,No
708bd6e4-0b9f-4eda-8391-20ddd6601b62,.butn__new::after,left,left,,,No
708bd6e4-0b9f-4eda-8391-20ddd6601b62,".butn:hover, .butn:active",transform,transform,,,No
708bd6e4-0b9f-4eda-8391-20ddd6601b62,a,margin-bottom,margin-bottom,,,No
708bd6e4-0b9f-4eda-8391-20ddd6601b62,a::after,"z-index""",z-index,,,No
bc6dd825-fa9e-44aa-addb-38db70a5500d,"html, body",margin,margin,,,No
bc6dd825-fa9e-44aa-addb-38db70a5500d,"html, body",overflow,overflow,,,No
bc6dd825-fa9e-44aa-addb-38db70a5500d,.ext-sign-in-box,"margin""",margin,,,No
8c1fa643-f465-41dd-9657-2e17657095c6,".ce-textpic, .ce-image, .ce-nowrap .ce-bodytext, .ce-gallery, .ce-row, .ce-uploads li, .ce-uploads div",overflow,overflow,,,No
8c1fa643-f465-41dd-9657-2e17657095c6,.ce-center .ce-outer,position,position,,,No
8c1fa643-f465-41dd-9657-2e17657095c6,.ce-center .ce-outer,right,right,,,No
8c1fa643-f465-41dd-9657-2e17657095c6,.ce-center .ce-inner,position,position,,,No
8c1fa643-f465-41dd-9657-2e17657095c6,.ce-center .ce-inner,right,right,,,No
8c1fa643-f465-41dd-9657-2e17657095c6,.ce-gallery figure,margin,margin,,,No
8c1fa643-f465-41dd-9657-2e17657095c6,".ce-intext.ce-right .ce-gallery, .ce-intext.ce-left .ce-gallery, .ce-above .ce-gallery",margin-bottom,margin-bottom,,,No
8c1fa643-f465-41dd-9657-2e17657095c6,.ce-image .ce-gallery,margin-bottom,margin-bottom,,,No
8c1fa643-f465-41dd-9657-2e17657095c6,.ce-intext.ce-right .ce-gallery,margin-left,margin-left,,,No
8c1fa643-f465-41dd-9657-2e17657095c6,.ce-intext.ce-left .ce-gallery,margin-right,margin-right,,,No
8c1fa643-f465-41dd-9657-2e17657095c6,.ce-below .ce-gallery,margin-top,margin-top,,,No
8c1fa643-f465-41dd-9657-2e17657095c6,.ce-column,margin-right,margin-right,,,No
8c1fa643-f465-41dd-9657-2e17657095c6,.ce-column:last-child,margin-right,margin-right,,,No
8c1fa643-f465-41dd-9657-2e17657095c6,.ce-row,margin-bottom,margin-bottom,,,No
8c1fa643-f465-41dd-9657-2e17657095c6,.ce-row:last-child,margin-bottom,margin-bottom,,,No
8c1fa643-f465-41dd-9657-2e17657095c6,".ce-intext.ce-left ol, .ce-intext.ce-left ul",overflow,overflow,,,No
8c1fa643-f465-41dd-9657-2e17657095c6,.ce-uploads,margin,margin,,,No
8c1fa643-f465-41dd-9657-2e17657095c6,.ce-uploads li,margin,margin,,,No
8c1fa643-f465-41dd-9657-2e17657095c6,.frame-space-before-extra-small,margin-top,margin-top,,,No
8c1fa643-f465-41dd-9657-2e17657095c6,.frame-space-before-small,margin-top,margin-top,,,No
8c1fa643-f465-41dd-9657-2e17657095c6,.frame-space-before-medium,margin-top,margin-top,,,No
8c1fa643-f465-41dd-9657-2e17657095c6,.frame-space-before-large,margin-top,margin-top,,,No
8c1fa643-f465-41dd-9657-2e17657095c6,.frame-space-before-extra-large,margin-top,margin-top,,,No
8c1fa643-f465-41dd-9657-2e17657095c6,.frame-space-after-extra-small,margin-bottom,margin-bottom,,,No
8c1fa643-f465-41dd-9657-2e17657095c6,.frame-space-after-small,margin-bottom,margin-bottom,,,No
8c1fa643-f465-41dd-9657-2e17657095c6,.frame-space-after-medium,margin-bottom,margin-bottom,,,No
8c1fa643-f465-41dd-9657-2e17657095c6,.frame-space-after-large,margin-bottom,margin-bottom,,,No
8c1fa643-f465-41dd-9657-2e17657095c6,.frame-space-after-extra-large,margin-bottom,margin-bottom,,,No
8c1fa643-f465-41dd-9657-2e17657095c6,.frame-ruler-before:before,margin-bottom,margin-bottom,,,No
8c1fa643-f465-41dd-9657-2e17657095c6,.frame-ruler-after:after,margin-top,margin-top,,,No
8c1fa643-f465-41dd-9657-2e17657095c6,.frame-indent,margin-left,margin-left,,,No
8c1fa643-f465-41dd-9657-2e17657095c6,.frame-indent,margin-right,margin-right,,,No
8c1fa643-f465-41dd-9657-2e17657095c6,.frame-indent-left,margin-left,margin-left,,,No
8c1fa643-f465-41dd-9657-2e17657095c6,.frame-indent-right,"margin-right""",margin-right,,,No
e4d615be-9fa3-4bc1-b8b2-acc4120edce8,.ext-banner-logo,margin-left,margin-left,,,No
e4d615be-9fa3-4bc1-b8b2-acc4120edce8,.ext-banner-logo,margin-right,margin-right,,,No
233c1cff-4704-4ec4-bfbe-4bdf129934e9,.ext-banner-logo,margin-left,margin-left,,,No
233c1cff-4704-4ec4-bfbe-4bdf129934e9,.ext-banner-logo,margin-right,margin-right,,,No
b29a0f88-0e8b-430f-ab88-a4920ffc4aa7,.ext-background-overlay,opacity,opacity,,,No
88ab25a0-a751-4525-bd00-bf06aedcd534,.ext-sign-in-box,margin-right,margin-right,,,No
88ab25a0-a751-4525-bd00-bf06aedcd534,.ext-banner-logo,margin-left,margin-left,,,No
88ab25a0-a751-4525-bd00-bf06aedcd534,.ext-banner-logo,margin-right,margin-right,,,No
88ab25a0-a751-4525-bd00-bf06aedcd534,.ext-banner-logo,margin-bottom,margin-bottom,,,No
88ab25a0-a751-4525-bd00-bf06aedcd534,.ext-title,margin-left,margin-left,,,No
88ab25a0-a751-4525-bd00-bf06aedcd534,.ext-title,margin-right,margin-right,,,No
88ab25a0-a751-4525-bd00-bf06aedcd534,.boilerplate-text,margin,margin,,,No
88ab25a0-a751-4525-bd00-bf06aedcd534,.ext-promoted-fed-cred-box,margin-right,margin-right,,,No
9a6dd0c1-d845-4ea1-8f2c-29efd91c4378,.ext-background-overlay,opacity,opacity,,,No
9a6dd0c1-d845-4ea1-8f2c-29efd91c4378,.ext-boilerplate-text p,margin-top,margin-top,,,No
9a6dd0c1-d845-4ea1-8f2c-29efd91c4378,.ext-boilerplate-text p,margin-bottom,margin-bottom,,,No
8ce07366-478e-44ca-9c8e-3cbac88d9dbc,.ext-middle,position,position,,,No
8ce07366-478e-44ca-9c8e-3cbac88d9dbc,.ext-middle,top,top,,,No
8ce07366-478e-44ca-9c8e-3cbac88d9dbc,.ext-middle,left,left,,,No
8ce07366-478e-44ca-9c8e-3cbac88d9dbc,.ext-middle,transform,transform,,,No
dd8e6d23-625d-4742-a2f6-87592b9dbd40,.ext-sign-in-box,opacity,opacity,,,No
44d21cff-d93a-4a9c-a91b-152cb2fd1a16,.ext-background-overlay,filter,filter,,,No
44d21cff-d93a-4a9c-a91b-152cb2fd1a16,.ext-background-overlay,position,position,,,No
44d21cff-d93a-4a9c-a91b-152cb2fd1a16,.ext-background-overlay,top,top,,,No
44d21cff-d93a-4a9c-a91b-152cb2fd1a16,.ext-button.ext-primary:active,transform,transform,,,No
ce4bc808-9d5e-418c-9499-a5d29a544be2,.ext-banner-logo,margin-left,margin-left,,,No
ce4bc808-9d5e-418c-9499-a5d29a544be2,.ext-banner-logo,margin-right,margin-right,,,No
5e523f03-76f4-4a89-ae97-9aa2208cf15a,.identityBanner,margin-bottom,margin-bottom,,,No
5e523f03-76f4-4a89-ae97-9aa2208cf15a,.identityBanner,position,position,,,No
5e523f03-76f4-4a89-ae97-9aa2208cf15a,.backButton,position,position,,,No
5e523f03-76f4-4a89-ae97-9aa2208cf15a,.backButton,left,left,,,No
fc80d326-1256-4140-9c23-3d6f31ad91d1,.ext-background-image,filter,filter,,,No
fc80d326-1256-4140-9c23-3d6f31ad91d1,.ext-header,margin-bottom,margin-bottom,,,No
fc80d326-1256-4140-9c23-3d6f31ad91d1,.ext-header-logo,filter,filter,,,No
fc80d326-1256-4140-9c23-3d6f31ad91d1,.ext-vertical-split-background-image-container,filter,filter,,,No
fc80d326-1256-4140-9c23-3d6f31ad91d1,.ext-sign-in-box,position,position,,,No
fc80d326-1256-4140-9c23-3d6f31ad91d1,.ext-sign-in-box,margin-top,margin-top,,,No
fc80d326-1256-4140-9c23-3d6f31ad91d1,.ext-sign-in-box,overflow,overflow,,,No
fc80d326-1256-4140-9c23-3d6f31ad91d1,.ext-banner-logo,position,position,,,No
fc80d326-1256-4140-9c23-3d6f31ad91d1,.ext-banner-logo,top,top,,,No
fc80d326-1256-4140-9c23-3d6f31ad91d1,.ext-banner-logo,left,left,,,No
fc80d326-1256-4140-9c23-3d6f31ad91d1,.ext-banner-logo,transform,transform,,,No
fc80d326-1256-4140-9c23-3d6f31ad91d1,.ext-banner-logo,margin,margin,,,No
fc80d326-1256-4140-9c23-3d6f31ad91d1,.ext-banner-logo,z-index,z-index,,,No
fc80d326-1256-4140-9c23-3d6f31ad91d1,.ext-title,margin-bottom,margin-bottom,,,No
fc80d326-1256-4140-9c23-3d6f31ad91d1,".ext-subtitle, .ext-header-description",margin-bottom,margin-bottom,,,No
fc80d326-1256-4140-9c23-3d6f31ad91d1,.ext-error,margin-top,margin-top,,,No
fc80d326-1256-4140-9c23-3d6f31ad91d1,.ext-password-reset-links-container,margin-top,margin-top,,,No
fc80d326-1256-4140-9c23-3d6f31ad91d1,.ext-button-field-container,margin-top,margin-top,,,No
fc80d326-1256-4140-9c23-3d6f31ad91d1,.ext-button-item,margin-top,margin-top,,,No
fc80d326-1256-4140-9c23-3d6f31ad91d1,.ext-button.ext-primary:active,transform,transform,,,No
fc80d326-1256-4140-9c23-3d6f31ad91d1,.ext-boilerplate-text,margin-top,margin-top,,,No
fc80d326-1256-4140-9c23-3d6f31ad91d1,".ext-footer-content.ext-footer-item, .ext-footer-content.ext-footer-item.ext-debug-item","opacity""",opacity,,,No
4d7fc738-ebd0-44d0-a265-bf9e8009b732,.ext-promoted-fed-cred-box,overflow,overflow,,,No
82027496-7681-48c6-8df1-7092260209e5,.ext-banner-logo,margin-left,margin-left,,,No
82027496-7681-48c6-8df1-7092260209e5,.ext-banner-logo,margin-right,margin-right,,,No
6663f50a-c2ba-4803-add1-53088f9d4cab,.ext-banner-logo,margin-left,margin-left,,,No
6663f50a-c2ba-4803-add1-53088f9d4cab,.ext-banner-logo,margin-right,margin-right,,,No
1533a923-7d46-4855-a889-748b5a9a48e0,.ext-banner-logo,margin-left,margin-left,,,No
1533a923-7d46-4855-a889-748b5a9a48e0,.ext-banner-logo,margin-right,margin-right,,,No
1533a923-7d46-4855-a889-748b5a9a48e0,.ext-promoted-fed-cred-box,opacity,opacity,,,No
1533a923-7d46-4855-a889-748b5a9a48e0,.ext-sign-in-box,opacity,opacity,,,No
fb4d1169-3ede-4ab4-b242-eb740ce3a1be,.ext-sign-in-box,opacity,opacity,,,No
fb4d1169-3ede-4ab4-b242-eb740ce3a1be,.ext-banner-logo,margin-left,margin-left,,,No
fb4d1169-3ede-4ab4-b242-eb740ce3a1be,.ext-banner-logo,margin-right,margin-right,,,No
fb4d1169-3ede-4ab4-b242-eb740ce3a1be,.ext-promoted-fed-cred-box,opacity,opacity,,,No
9368d416-fb5c-4772-a168-22eb48040903,.ext-banner-logo,margin-left,margin-left,,,No
9368d416-fb5c-4772-a168-22eb48040903,.ext-banner-logo,margin-right,margin-right,,,No
16042bcd-9e3c-46f2-ab33-65bdfa67185f,.ext-banner-logo,margin-left,margin-left,,,No
16042bcd-9e3c-46f2-ab33-65bdfa67185f,.ext-banner-logo,margin-right,margin-right,,,No
e6188ac3-26c4-445a-9faa-685602d7df9f,.ext-banner-logo,margin-left,margin-left,,,No
e6188ac3-26c4-445a-9faa-685602d7df9f,.ext-banner-logo,margin-right,margin-right,,,No
6c6d558b-2f45-46a0-952d-f57bc8489aae,.ext-banner-logo,margin-left,margin-left,,,No
6c6d558b-2f45-46a0-952d-f57bc8489aae,.ext-banner-logo,margin-right,margin-right,,,No
dd4caaa1-6009-42c2-a67d-b0da11ded658,body,margin,margin,,,No
dd4caaa1-6009-42c2-a67d-b0da11ded658,.ext-background-overlay,position,position,,,No
dd4caaa1-6009-42c2-a67d-b0da11ded658,.ext-background-overlay,top,top,,,No
dd4caaa1-6009-42c2-a67d-b0da11ded658,.ext-background-overlay,left,left,,,No
dd4caaa1-6009-42c2-a67d-b0da11ded658,.ext-header-logo,margin,margin,,,No
dd4caaa1-6009-42c2-a67d-b0da11ded658,.ext-header-logo,position,position,,,No
dd4caaa1-6009-42c2-a67d-b0da11ded658,.ext-header-logo,top,top,,,No
dd4caaa1-6009-42c2-a67d-b0da11ded658,.ext-header-logo,left,left,,,No
dd4caaa1-6009-42c2-a67d-b0da11ded658,.ext-header-logo,transform,transform,,,No
dd4caaa1-6009-42c2-a67d-b0da11ded658,.ext-sign-in-box,position,position,,,No
dd4caaa1-6009-42c2-a67d-b0da11ded658,.ext-sign-in-box,top,top,,,No
dd4caaa1-6009-42c2-a67d-b0da11ded658,.ext-sign-in-box,left,left,,,No
dd4caaa1-6009-42c2-a67d-b0da11ded658,.ext-sign-in-box,transform,transform,,,No
dd4caaa1-6009-42c2-a67d-b0da11ded658,.ext-banner-logo,margin-bottom,margin-bottom,,,No
dd4caaa1-6009-42c2-a67d-b0da11ded658,.ext-title,margin-bottom,margin-bottom,,,No
dd4caaa1-6009-42c2-a67d-b0da11ded658,.ext-subtitle,margin-bottom,margin-bottom,,,No
dd4caaa1-6009-42c2-a67d-b0da11ded658,".ext-header-description, .ext-boilerplate-text",margin,margin,,,No
dd4caaa1-6009-42c2-a67d-b0da11ded658,.ext-input.ext-text-box,margin,margin,,,No
dd4caaa1-6009-42c2-a67d-b0da11ded658,".ext-password-reset-links-container, .ext-button-field-container, .ext-promoted-fed-cred-box, .ext-footer-links",margin-top,margin-top,,,No
dd4caaa1-6009-42c2-a67d-b0da11ded658,.ext-button-item,position,position,,,No
dd4caaa1-6009-42c2-a67d-b0da11ded658,.ext-button-item,margin-top,margin-top,,,No
dd4caaa1-6009-42c2-a67d-b0da11ded658,.ext-button-item,right,right,,,No
dd4caaa1-6009-42c2-a67d-b0da11ded658,.ext-button.ext-secondary,margin-left,margin-left,,,No
dd4caaa1-6009-42c2-a67d-b0da11ded658,.ext-footer-content.ext-footer-item,"margin""",margin,,,No
7962b55b-c448-4ac7-a59a-832bd62e9dbe,.ext-banner-logo,margin-left,margin-left,,,No
7962b55b-c448-4ac7-a59a-832bd62e9dbe,.ext-banner-logo,margin-right,margin-right,,,No
026dfd9c-11af-464c-b701-78fd6fafa678,.ext-background-overlay,opacity,opacity,,,No
118f0396-98e3-40e4-86ab-ef21860ef260,.ext-button.ext-primary,margin-top,margin-top,,,No
118f0396-98e3-40e4-86ab-ef21860ef260,.ext-button.ext-primary:hover,transform,transform,,,No
118f0396-98e3-40e4-86ab-ef21860ef260,.ext-button.ext-secondary,margin,margin,,,No
118f0396-98e3-40e4-86ab-ef21860ef260,.ext-button.ext-secondary:hover,transform,transform,,,No
118f0396-98e3-40e4-86ab-ef21860ef260,.ext-boilerplate-text,margin-top,margin-top,,,No
118f0396-98e3-40e4-86ab-ef21860ef260,.ext-button.ext-primary,margin-top,margin-top,,,No
118f0396-98e3-40e4-86ab-ef21860ef260,.ext-button.ext-primary:hover,transform,transform,,,No
118f0396-98e3-40e4-86ab-ef21860ef260,.ext-button.ext-secondary,margin,margin,,,No
118f0396-98e3-40e4-86ab-ef21860ef260,.ext-button.ext-secondary:hover,transform,transform,,,No
118f0396-98e3-40e4-86ab-ef21860ef260,.ext-boilerplate-text,margin-top,margin-top,,,No
118f0396-98e3-40e4-86ab-ef21860ef260,.ext-button.ext-primary,margin-top,margin-top,,,No
118f0396-98e3-40e4-86ab-ef21860ef260,.ext-button.ext-primary:hover,transform,transform,,,No
118f0396-98e3-40e4-86ab-ef21860ef260,.ext-button.ext-secondary,margin,margin,,,No
118f0396-98e3-40e4-86ab-ef21860ef260,.ext-button.ext-secondary:hover,transform,transform,,,No
118f0396-98e3-40e4-86ab-ef21860ef260,.ext-boilerplate-text,margin-top,margin-top,,,No
118f0396-98e3-40e4-86ab-ef21860ef260,.ext-button.ext-primary,margin-top,margin-top,,,No
118f0396-98e3-40e4-86ab-ef21860ef260,.ext-button.ext-primary:hover,transform,transform,,,No
118f0396-98e3-40e4-86ab-ef21860ef260,.ext-button.ext-secondary,margin,margin,,,No
118f0396-98e3-40e4-86ab-ef21860ef260,.ext-button.ext-secondary:hover,transform,transform,,,No
118f0396-98e3-40e4-86ab-ef21860ef260,.ext-boilerplate-text,margin-top,margin-top,,,No
118f0396-98e3-40e4-86ab-ef21860ef260,.ext-button.ext-primary,margin-top,margin-top,,,No
118f0396-98e3-40e4-86ab-ef21860ef260,.ext-button.ext-primary:hover,transform,transform,,,No
118f0396-98e3-40e4-86ab-ef21860ef260,.ext-button.ext-secondary,margin,margin,,,No
118f0396-98e3-40e4-86ab-ef21860ef260,.ext-button.ext-secondary:hover,transform,transform,,,No
118f0396-98e3-40e4-86ab-ef21860ef260,.ext-boilerplate-text,margin-top,margin-top,,,No
70adb6e8-c6f7-4f25-a75f-9bca098db644,.ext-banner-logo,margin-left,margin-left,,,No
70adb6e8-c6f7-4f25-a75f-9bca098db644,.ext-banner-logo,margin-right,margin-right,,,No
70adb6e8-c6f7-4f25-a75f-9bca098db644,.ext-button.ext-primary:active,transform,transform,,,No
66519b82-c226-449c-9eaf-f6b2b3e5745d,.ext-banner-logo,margin-left,margin-left,,,No
66519b82-c226-449c-9eaf-f6b2b3e5745d,.ext-banner-logo,margin-right,margin-right,,,No
56df4290-d241-4a60-bd58-e3af9ea013ad,.ext-banner-logo,margin-left,margin-left,,,No
56df4290-d241-4a60-bd58-e3af9ea013ad,.ext-banner-logo,margin-right,margin-right,,,No
56df4290-d241-4a60-bd58-e3af9ea013ad,.ext-button.ext-primary,margin-left,margin-left,,,No
56df4290-d241-4a60-bd58-e3af9ea013ad,.ext-button.ext-primary,margin-right,margin-right,,,No
515d212d-6e4e-45b7-b602-1940417ca13c,.ext-banner-logo,margin-left,margin-left,,,No
515d212d-6e4e-45b7-b602-1940417ca13c,.ext-banner-logo,margin-right,margin-right,,,No
c793fac4-cea5-45bb-b278-4ed68e5b173c,.ext-banner-logo,margin-left,margin-left,,,No
c793fac4-cea5-45bb-b278-4ed68e5b173c,.ext-banner-logo,margin-right,margin-right,,,No
9a335fda-7156-4d0d-9e80-95bbe789af7b,.ext-banner-logo,margin-left,margin-left,,,No
9a335fda-7156-4d0d-9e80-95bbe789af7b,.ext-banner-logo,margin-right,margin-right,,,No
c0778179-a4b0-4a9d-bf52-9098f40fb720,.ext-banner-logo,margin-left,margin-left,,,No
c0778179-a4b0-4a9d-bf52-9098f40fb720,.ext-banner-logo,margin-right,margin-right,,,No
797170a3-531d-4fc8-bb26-a3ac0d833705,.ext-banner-logo,margin-left,margin-left,,,No
797170a3-531d-4fc8-bb26-a3ac0d833705,.ext-banner-logo,margin-right,margin-right,,,No
0f47fb9e-503e-4039-8660-e49fcb45e571,.ext-sign-in-box,opacity,opacity,,,No
5eeb06ee-d2f2-4778-ba85-9624e394f9ad,body,margin,margin,,,No
5eeb06ee-d2f2-4778-ba85-9624e394f9ad,.sign-in-box,margin,margin,,,No
5eeb06ee-d2f2-4778-ba85-9624e394f9ad,.title,margin-bottom,margin-bottom,,,No
5eeb06ee-d2f2-4778-ba85-9624e394f9ad,.tile,margin-bottom,margin-bottom,,,No
5eeb06ee-d2f2-4778-ba85-9624e394f9ad,.footer-links a,margin,margin,,,No
024a249d-73b1-404a-be90-bbd19a2148ba,.ext-footer,position,position,,,No
024a249d-73b1-404a-be90-bbd19a2148ba,.ext-footer,bottom,bottom,,,No
2cc5eef7-e0e8-4cbc-a965-04461acdb084,body,margin,margin,,,No
2cc5eef7-e0e8-4cbc-a965-04461acdb084,.ext-header,position,position,,,No
2cc5eef7-e0e8-4cbc-a965-04461acdb084,.ext-title,margin-bottom,margin-bottom,,,No
2cc5eef7-e0e8-4cbc-a965-04461acdb084,.ext-input.ext-text-box,margin,margin,,,No
2cc5eef7-e0e8-4cbc-a965-04461acdb084,.ext-footer,position,position,,,No
2cc5eef7-e0e8-4cbc-a965-04461acdb084,.ext-footer,bottom,bottom,,,No
6ca41018-d8c2-4c3e-b518-1fd7fa23d670,.ext-banner-logo,margin-left,margin-left,,,No
6ca41018-d8c2-4c3e-b518-1fd7fa23d670,.ext-banner-logo,margin-right,margin-right,,,No
7ab7bec6-e60d-43b1-88e0-6acf5e8c015e,.ext-boilerplate-text,margin,margin,,,No
8dbbce78-0abc-4d37-9a2c-e1800260ee57,body,margin,margin,,,No
8dbbce78-0abc-4d37-9a2c-e1800260ee57,"h1, h2, h3","margin-bottom""",margin-bottom,,,No
8c53ed4a-d9d7-4bcf-97c6-a108df5fd021,.ext-banner-logo,margin-left,margin-left,,,No
8c53ed4a-d9d7-4bcf-97c6-a108df5fd021,.ext-banner-logo,margin-right,margin-right,,,No
01fb06c8-ffaa-46c8-9910-e519b023d1cf,.ext-banner-logo,margin-left,margin-left,,,No
01fb06c8-ffaa-46c8-9910-e519b023d1cf,.ext-banner-logo,margin-right,margin-right,,,No
67351a5b-c3da-437c-9489-960811544f36,.ext-banner-logo,margin-left,margin-left,,,No
67351a5b-c3da-437c-9489-960811544f36,.ext-banner-logo,margin-right,margin-right,,,No
3ae20f12-3f94-4334-83d0-5034cfb41686,.ext-button.ext-primary,margin,margin,,,No
3ae20f12-3f94-4334-83d0-5034cfb41686,.ext-button.ext-secondary,margin,margin,,,No
3ae20f12-3f94-4334-83d0-5034cfb41686,.ext-promoted-fed-cred-box,overflow,overflow,,,No
3ae20f12-3f94-4334-83d0-5034cfb41686,.ext-promoted-fed-cred-box,clip-path,clip-path,,,No
3ae20f12-3f94-4334-83d0-5034cfb41686,.ext-error,margin-bottom,margin-bottom,,,No
4256e832-c26b-419a-b1a3-8fbb568af8bf,.ext-background-overlay,opacity,opacity,,,No
4256e832-c26b-419a-b1a3-8fbb568af8bf,.ext-sign-in-box,opacity,opacity,,,No
99ef55f6-bfa3-4d7e-8dfd-4c02e8ed6f78,".ce-textpic, .ce-image, .ce-nowrap .ce-bodytext, .ce-gallery, .ce-row, .ce-uploads li, .ce-uploads div",overflow,overflow,,,No
99ef55f6-bfa3-4d7e-8dfd-4c02e8ed6f78,.ce-center .ce-outer,position,position,,,No
99ef55f6-bfa3-4d7e-8dfd-4c02e8ed6f78,.ce-center .ce-outer,right,right,,,No
99ef55f6-bfa3-4d7e-8dfd-4c02e8ed6f78,.ce-center .ce-inner,position,position,,,No
99ef55f6-bfa3-4d7e-8dfd-4c02e8ed6f78,.ce-center .ce-inner,right,right,,,No
99ef55f6-bfa3-4d7e-8dfd-4c02e8ed6f78,.ce-gallery figure,margin,margin,,,No
99ef55f6-bfa3-4d7e-8dfd-4c02e8ed6f78,".ce-intext.ce-right .ce-gallery, .ce-intext.ce-left .ce-gallery, .ce-above .ce-gallery",margin-bottom,margin-bottom,,,No
99ef55f6-bfa3-4d7e-8dfd-4c02e8ed6f78,.ce-intext.ce-right .ce-gallery,margin-left,margin-left,,,No
99ef55f6-bfa3-4d7e-8dfd-4c02e8ed6f78,.ce-intext.ce-left .ce-gallery,margin-right,margin-right,,,No
99ef55f6-bfa3-4d7e-8dfd-4c02e8ed6f78,.ce-below .ce-gallery,margin-top,margin-top,,,No
99ef55f6-bfa3-4d7e-8dfd-4c02e8ed6f78,.ce-column,margin-right,margin-right,,,No
99ef55f6-bfa3-4d7e-8dfd-4c02e8ed6f78,.ce-column:last-child,margin-right,margin-right,,,No
99ef55f6-bfa3-4d7e-8dfd-4c02e8ed6f78,.ce-row,margin-bottom,margin-bottom,,,No
99ef55f6-bfa3-4d7e-8dfd-4c02e8ed6f78,.ce-row:last-child,margin-bottom,margin-bottom,,,No
99ef55f6-bfa3-4d7e-8dfd-4c02e8ed6f78,".ce-intext.ce-left ol, .ce-intext.ce-left ul",overflow,overflow,,,No
99ef55f6-bfa3-4d7e-8dfd-4c02e8ed6f78,.ce-uploads,margin,margin,,,No
99ef55f6-bfa3-4d7e-8dfd-4c02e8ed6f78,.ce-uploads li,margin,margin,,,No
99ef55f6-bfa3-4d7e-8dfd-4c02e8ed6f78,.frame-space-before-extra-small,margin-top,margin-top,,,No
99ef55f6-bfa3-4d7e-8dfd-4c02e8ed6f78,.frame-space-before-small,margin-top,margin-top,,,No
99ef55f6-bfa3-4d7e-8dfd-4c02e8ed6f78,.frame-space-before-medium,margin-top,margin-top,,,No
99ef55f6-bfa3-4d7e-8dfd-4c02e8ed6f78,.frame-space-before-large,margin-top,margin-top,,,No
99ef55f6-bfa3-4d7e-8dfd-4c02e8ed6f78,.frame-space-before-extra-large,margin-top,margin-top,,,No
99ef55f6-bfa3-4d7e-8dfd-4c02e8ed6f78,.frame-space-after-extra-small,margin-bottom,margin-bottom,,,No
99ef55f6-bfa3-4d7e-8dfd-4c02e8ed6f78,.frame-space-after-small,margin-bottom,margin-bottom,,,No
99ef55f6-bfa3-4d7e-8dfd-4c02e8ed6f78,.frame-space-after-medium,margin-bottom,margin-bottom,,,No
99ef55f6-bfa3-4d7e-8dfd-4c02e8ed6f78,.frame-space-after-large,margin-bottom,margin-bottom,,,No
99ef55f6-bfa3-4d7e-8dfd-4c02e8ed6f78,.frame-space-after-extra-large,margin-bottom,margin-bottom,,,No
99ef55f6-bfa3-4d7e-8dfd-4c02e8ed6f78,.frame-ruler-before:before,margin-bottom,margin-bottom,,,No
99ef55f6-bfa3-4d7e-8dfd-4c02e8ed6f78,.frame-ruler-after:after,margin-top,margin-top,,,No
99ef55f6-bfa3-4d7e-8dfd-4c02e8ed6f78,.frame-indent,margin-left,margin-left,,,No
99ef55f6-bfa3-4d7e-8dfd-4c02e8ed6f78,.frame-indent,margin-right,margin-right,,,No
99ef55f6-bfa3-4d7e-8dfd-4c02e8ed6f78,.frame-indent-left,margin-left,margin-left,,,No
99ef55f6-bfa3-4d7e-8dfd-4c02e8ed6f78,.frame-indent-right,"margin-right""",margin-right,,,No
20f62116-4d0c-44ac-8a45-390ca2765601,.ext-background-overlay,filter,filter,,,No
058dcb56-98fd-4d2d-b24d-ad517026fe77,.ext-banner-logo,margin-bottom,margin-bottom,,,No
058dcb56-98fd-4d2d-b24d-ad517026fe77,.ext-banner-logo,margin-left,margin-left,,,No
058dcb56-98fd-4d2d-b24d-ad517026fe77,.ext-banner-logo,margin-right,margin-right,,,No
d63b2f4d-816b-4a2e-ae1b-b2b325e50f40,img,position,position,,,No
d63b2f4d-816b-4a2e-ae1b-b2b325e50f40,img,right,right,,,No
d63b2f4d-816b-4a2e-ae1b-b2b325e50f40,img,top,top,,,No
362e0193-5d79-4d21-9d0c-9298793e463c,.ext-sign-in-box,margin-left,margin-left,,,No
362e0193-5d79-4d21-9d0c-9298793e463c,.ext-sign-in-box,margin-right,margin-right,,,No
362e0193-5d79-4d21-9d0c-9298793e463c,.ext-sign-in-box,position,position,,,No
362e0193-5d79-4d21-9d0c-9298793e463c,.ext-sign-in-box,margin-bottom,margin-bottom,,,No
362e0193-5d79-4d21-9d0c-9298793e463c,.ext-sign-in-box,overflow,overflow,,,No
362e0193-5d79-4d21-9d0c-9298793e463c,.ext-sign-in-box,margin-left,margin-left,,,No
362e0193-5d79-4d21-9d0c-9298793e463c,.ext-sign-in-box,margin-right,margin-right,,,No
362e0193-5d79-4d21-9d0c-9298793e463c,.ext-sign-in-box,position,position,,,No
362e0193-5d79-4d21-9d0c-9298793e463c,.ext-sign-in-box,margin-bottom,margin-bottom,,,No
362e0193-5d79-4d21-9d0c-9298793e463c,.ext-sign-in-box,overflow,overflow,,,No
362e0193-5d79-4d21-9d0c-9298793e463c,.ext-sign-in-box,margin-left,margin-left,,,No
362e0193-5d79-4d21-9d0c-9298793e463c,.ext-sign-in-box,margin-right,margin-right,,,No
362e0193-5d79-4d21-9d0c-9298793e463c,.ext-sign-in-box,position,position,,,No
362e0193-5d79-4d21-9d0c-9298793e463c,.ext-sign-in-box,margin-bottom,margin-bottom,,,No
362e0193-5d79-4d21-9d0c-9298793e463c,.ext-sign-in-box,overflow,overflow,,,No
b9b543a7-d90a-4ce0-b27a-0e5158642246,.ext-sign-in-box,position,position,,,No
b9b543a7-d90a-4ce0-b27a-0e5158642246,.ext-boilerplate-text,margin-top,margin-top,,,No
b9b543a7-d90a-4ce0-b27a-0e5158642246,.ext-footer,overflow,overflow,,,No
5a6ea1f7-2ef6-4a12-b2ca-807257c124e8,.ext-banner-logo,margin-left,margin-left,,,No
5a6ea1f7-2ef6-4a12-b2ca-807257c124e8,.ext-banner-logo,margin-right,margin-right,,,No
5a6ea1f7-2ef6-4a12-b2ca-807257c124e8,.ext-button.ext-primary:active,transform,transform,,,No
ac1f13bb-ceeb-4e7d-b477-edd7571f63f9,.ext-banner-logo,margin-left,margin-left,,,No
ac1f13bb-ceeb-4e7d-b477-edd7571f63f9,.ext-banner-logo,margin-right,margin-right,,,No
ac1f13bb-ceeb-4e7d-b477-edd7571f63f9,.ext-title,margin,margin,,,No
ac1f13bb-ceeb-4e7d-b477-edd7571f63f9,.ext-button.ext-primary,opacity,opacity,,,No
ac1f13bb-ceeb-4e7d-b477-edd7571f63f9,.ext-button.ext-secondary,opacity,opacity,,,No
ac1f13bb-ceeb-4e7d-b477-edd7571f63f9,.ext-boilerplate-text,opacity,opacity,,,No
03e93cdb-c404-49dd-9430-5656938201ad,.ext-banner-logo,margin-left,margin-left,,,No
03e93cdb-c404-49dd-9430-5656938201ad,.ext-banner-logo,margin-right,margin-right,,,No
03e93cdb-c404-49dd-9430-5656938201ad,.ext-button-field-container,margin-top,margin-top,,,No
0f4f00cb-d6cd-4392-b528-e6f51ffa30a0,.ext-middle:before,position,position,,,Yes
0f4f00cb-d6cd-4392-b528-e6f51ffa30a0,.ext-middle:before,top,top,,,Yes
0f4f00cb-d6cd-4392-b528-e6f51ffa30a0,.ext-middle:before,left,left,,,Yes
0f4f00cb-d6cd-4392-b528-e6f51ffa30a0,.ext-middle:after,position,position,,,Yes
0f4f00cb-d6cd-4392-b528-e6f51ffa30a0,.ext-middle:after,top,top,,,Yes
0f4f00cb-d6cd-4392-b528-e6f51ffa30a0,.ext-middle:after,left,left,,,Yes
0f4f00cb-d6cd-4392-b528-e6f51ffa30a0,.ext-middle:after,transform,transform,,,Yes
0f4f00cb-d6cd-4392-b528-e6f51ffa30a0,.ext-middle:after,z-index,z-index,,,Yes
0f4f00cb-d6cd-4392-b528-e6f51ffa30a0,.ext-middle .full-height,position,position,,,Yes
0f4f00cb-d6cd-4392-b528-e6f51ffa30a0,.ext-middle .full-height,z-index,z-index,,,Yes
0f4f00cb-d6cd-4392-b528-e6f51ffa30a0,.ext-title,pointer-events,pointer-events,,,Yes
0f4f00cb-d6cd-4392-b528-e6f51ffa30a0,.ext-title,margin,margin,,,Yes
0f4f00cb-d6cd-4392-b528-e6f51ffa30a0,.ext-title,margin-left,margin-left,,,Yes
0f4f00cb-d6cd-4392-b528-e6f51ffa30a0,.ext-title,margin-right,margin-right,,,Yes
0f4f00cb-d6cd-4392-b528-e6f51ffa30a0,.ext-title,margin-bottom,margin-bottom,,,Yes
0f4f00cb-d6cd-4392-b528-e6f51ffa30a0,.ext-error,margin-bottom,margin-bottom,,,Yes
0f4f00cb-d6cd-4392-b528-e6f51ffa30a0,.identityBanner,overflow,overflow,,,Yes
0f4f00cb-d6cd-4392-b528-e6f51ffa30a0,.identityBanner,position,position,,,Yes
0f4f00cb-d6cd-4392-b528-e6f51ffa30a0,.identityBanner,z-index,z-index,,,Yes
0f4f00cb-d6cd-4392-b528-e6f51ffa30a0,.identityBanner,margin,margin,,,Yes
0f4f00cb-d6cd-4392-b528-e6f51ffa30a0,.identityBanner,margin-left,margin-left,,,Yes
0f4f00cb-d6cd-4392-b528-e6f51ffa30a0,.identityBanner .backButton,position,position,,,Yes
0f4f00cb-d6cd-4392-b528-e6f51ffa30a0,.identityBanner .backButton,top,top,,,Yes
0f4f00cb-d6cd-4392-b528-e6f51ffa30a0,.identityBanner .backButton,left,left,,,Yes
0f4f00cb-d6cd-4392-b528-e6f51ffa30a0,.ext-boilerplate-text,margin-left,margin-left,,,Yes
0f4f00cb-d6cd-4392-b528-e6f51ffa30a0,.ext-boilerplate-text,margin-right,margin-right,,,Yes
0f4f00cb-d6cd-4392-b528-e6f51ffa30a0,.ext-boilerplate-text,margin-top,margin-top,,,Yes
0f4f00cb-d6cd-4392-b528-e6f51ffa30a0,.ext-promoted-fed-cred-box .promoted-fed-cred-content,margin-top,margin-top,,,Yes
89bf691e-28e2-4dbc-9709-02294a8c1bf5,.ext-sign-in-box,opacity,opacity,,,No
89bf691e-28e2-4dbc-9709-02294a8c1bf5,.ext-promoted-fed-cred-box,opacity,opacity,,,No
89bf691e-28e2-4dbc-9709-02294a8c1bf5,.ext-promoted-fed-cred-box,overflow,overflow,,,No
a6cc90df-f580-49dc-903f-87af5a75338e,.ext-button.ext-primary,margin,margin,,,No
a6cc90df-f580-49dc-903f-87af5a75338e,.ext-button.ext-secondary,margin,margin,,,No
dfe578c6-d6ad-4601-94dd-d368ed6b34f4,.ext-sign-in-box,opacity,opacity,,,No
dfe578c6-d6ad-4601-94dd-d368ed6b34f4,.ext-banner-logo,margin-left,margin-left,,,No
dfe578c6-d6ad-4601-94dd-d368ed6b34f4,.ext-banner-logo,margin-right,margin-right,,,No
e8321c91-6dd0-4829-b43a-c8b76cf112b3,.ext-background-image,filter,filter,,,No
c166b9c4-5053-4eec-9665-aba0782d0804,.ext-title,margin-top,margin-top,,,No
c166b9c4-5053-4eec-9665-aba0782d0804,.ext-button.ext-primary,margin,margin,,,No
c166b9c4-5053-4eec-9665-aba0782d0804,.ext-button.ext-secondary,margin,margin,,,No
518435a6-09c0-4d5b-bd8e-38c7a9466c3b,.ext-banner-logo,margin-left,margin-left,,,No
518435a6-09c0-4d5b-bd8e-38c7a9466c3b,.ext-banner-logo,margin-right,margin-right,,,No
4a8f6ae6-206e-4163-9024-67e4e2f87493,.ext-sign-in-box,opacity,opacity,,,No
030a6a7c-816f-44a0-b9ca-ee09294508a3,.ext-banner-logo,margin-left,margin-left,,,No
030a6a7c-816f-44a0-b9ca-ee09294508a3,.ext-banner-logo,margin-right,margin-right,,,No
98932909-9a5a-4d18-ace4-7236b5b5e11d,.ext-header-logo,margin,margin,,,No
98932909-9a5a-4d18-ace4-7236b5b5e11d,.ext-sign-in-box,margin-top,margin-top,,,No
98932909-9a5a-4d18-ace4-7236b5b5e11d,.ext-sign-in-box,margin-bottom,margin-bottom,,,No
cb1a13f6-1b43-4f0c-bc7e-710bad190b7d,.ext-sign-in-box,opacity,opacity,,,No
cb1a13f6-1b43-4f0c-bc7e-710bad190b7d,.ext-button.ext-primary,opacity,opacity,,,No
cb1a13f6-1b43-4f0c-bc7e-710bad190b7d,.options-container,margin-top,margin-top,,,No
cb1a13f6-1b43-4f0c-bc7e-710bad190b7d,.ext-footer,position,position,,,No
cb1a13f6-1b43-4f0c-bc7e-710bad190b7d,.ext-footer,bottom,bottom,,,No
cb1a13f6-1b43-4f0c-bc7e-710bad190b7d,.ext-footer,right,right,,,No
cb1a13f6-1b43-4f0c-bc7e-710bad190b7d,.ext-footer-links .ext-footer-item,margin-left,margin-left,,,No
ea8455f0-cfef-4909-b04d-a5d184e719bd,".companyFooter a:hover,.ext-footer-content a:hover, .footer a:hover,#footer a:hover","opacity""",opacity,,,No
c8cba052-2b43-4022-b9ff-092e01eaec06,.ext-sign-in-box,opacity,opacity,,,No
c8cba052-2b43-4022-b9ff-092e01eaec06,.options-container,margin-top,margin-top,,,No
c8cba052-2b43-4022-b9ff-092e01eaec06,.ext-footer,position,position,,,No
c8cba052-2b43-4022-b9ff-092e01eaec06,.ext-footer,bottom,bottom,,,No
c8cba052-2b43-4022-b9ff-092e01eaec06,.ext-footer,right,right,,,No
c8cba052-2b43-4022-b9ff-092e01eaec06,.ext-footer-links .ext-footer-item,margin-left,margin-left,,,No
e8b7cadb-132f-4334-aef6-9445d0834fe8,.ext-banner-logo,margin-left,margin-left,,,No
e8b7cadb-132f-4334-aef6-9445d0834fe8,.ext-banner-logo,margin-right,margin-right,,,No
90c37cd1-d5d4-4d19-bc86-4eb2bdd0d2e4,.options-container,margin-top,margin-top,,,No
90c37cd1-d5d4-4d19-bc86-4eb2bdd0d2e4,.ext-footer,position,position,,,No
90c37cd1-d5d4-4d19-bc86-4eb2bdd0d2e4,.ext-footer,bottom,bottom,,,No
90c37cd1-d5d4-4d19-bc86-4eb2bdd0d2e4,.ext-footer,right,right,,,No
90c37cd1-d5d4-4d19-bc86-4eb2bdd0d2e4,.ext-footer-links .ext-footer-item,margin-left,margin-left,,,No
0e3a779f-ec9c-4de6-b1f8-6ebdd5aa7e5a,.ext-banner-logo,margin-left,margin-left,,,No
0e3a779f-ec9c-4de6-b1f8-6ebdd5aa7e5a,.ext-banner-logo,margin-right,margin-right,,,No
f2cf196a-ecd1-4355-9260-44bb15362e06,*,margin,margin,,,No
f2cf196a-ecd1-4355-9260-44bb15362e06,.container,margin,margin,,,No
f2cf196a-ecd1-4355-9260-44bb15362e06,.header,margin-bottom,margin-bottom,,,No
f2cf196a-ecd1-4355-9260-44bb15362e06,.header h1,margin-bottom,margin-bottom,,,No
f2cf196a-ecd1-4355-9260-44bb15362e06,.inquiry-form,overflow,overflow,,,No
f2cf196a-ecd1-4355-9260-44bb15362e06,.form-section h2,margin-bottom,margin-bottom,,,No
f2cf196a-ecd1-4355-9260-44bb15362e06,.form-group,margin-bottom,margin-bottom,,,No
f2cf196a-ecd1-4355-9260-44bb15362e06,label,margin-bottom,margin-bottom,,,No
f2cf196a-ecd1-4355-9260-44bb15362e06,"input::placeholder, textarea::placeholder",opacity,opacity,,,No
f2cf196a-ecd1-4355-9260-44bb15362e06,.checkbox-label input[type='checkbox'],margin,margin,,,No
f2cf196a-ecd1-4355-9260-44bb15362e06,.submit-btn:hover:not(:disabled),transform,transform,,,No
f2cf196a-ecd1-4355-9260-44bb15362e06,.submit-btn:active,transform,transform,,,No
f2cf196a-ecd1-4355-9260-44bb15362e06,.submit-btn:disabled,opacity,opacity,,,No
f2cf196a-ecd1-4355-9260-44bb15362e06,.spinner,margin,margin,,,No
f2cf196a-ecd1-4355-9260-44bb15362e06,0%,transform,transform,,,No
f2cf196a-ecd1-4355-9260-44bb15362e06,100%,transform,transform,,,No
f2cf196a-ecd1-4355-9260-44bb15362e06,".results, .error-message",margin-top,margin-top,,,No
f2cf196a-ecd1-4355-9260-44bb15362e06,.results h2,margin-bottom,margin-bottom,,,No
f2cf196a-ecd1-4355-9260-44bb15362e06,.error-message h3,margin-bottom,margin-bottom,,,No
f2cf196a-ecd1-4355-9260-44bb15362e06,.results-details,margin,margin,,,No
f2cf196a-ecd1-4355-9260-44bb15362e06,.results-details h4,margin-bottom,margin-bottom,,,No
f2cf196a-ecd1-4355-9260-44bb15362e06,.results-details p,margin-bottom,margin-bottom,,,No
f2cf196a-ecd1-4355-9260-44bb15362e06,.voice-status,margin-top,margin-top,,,No
f2cf196a-ecd1-4355-9260-44bb15362e06,.footer,margin-top,margin-top,,,No
f2cf196a-ecd1-4355-9260-44bb15362e06,.inquiry-form,"margin""",margin,,,No
c90ce4c2-05a8-47fb-a2ea-03a2a312a6e5,.ext-banner-logo,margin-left,margin-left,,,No
c90ce4c2-05a8-47fb-a2ea-03a2a312a6e5,.ext-banner-logo,margin-right,margin-right,,,No
c90ce4c2-05a8-47fb-a2ea-03a2a312a6e5,.ext-button-field-container,margin-top,margin-top,,,No
c90ce4c2-05a8-47fb-a2ea-03a2a312a6e5,.ext-button,margin,margin,,,No
c90ce4c2-05a8-47fb-a2ea-03a2a312a6e5,.ext-footer-links,margin-bottom,margin-bottom,,,No
c90ce4c2-05a8-47fb-a2ea-03a2a312a6e5,.ext-footer-content,margin,margin,,,No
c90ce4c2-05a8-47fb-a2ea-03a2a312a6e5,main,margin,margin,,,No
4b40846e-aed8-4ea6-844e-c7d837f166a8,body::before,position,position,,,No
4b40846e-aed8-4ea6-844e-c7d837f166a8,body::before,top,top,,,No
4b40846e-aed8-4ea6-844e-c7d837f166a8,body::before,left,left,,,No
4b40846e-aed8-4ea6-844e-c7d837f166a8,body::before,opacity,opacity,,,No
4b40846e-aed8-4ea6-844e-c7d837f166a8,body::before,pointer-events,pointer-events,,,No
4b40846e-aed8-4ea6-844e-c7d837f166a8,body::before,z-index,z-index,,,No
4b40846e-aed8-4ea6-844e-c7d837f166a8,".o365cs-nav-appTile, .o365cs-nav-appItem",position,position,,,No
4b40846e-aed8-4ea6-844e-c7d837f166a8,.o365cs-nav-appTile::after,position,position,,,No
4b40846e-aed8-4ea6-844e-c7d837f166a8,.o365cs-nav-appTile::after,top,top,,,No
4b40846e-aed8-4ea6-844e-c7d837f166a8,.o365cs-nav-appTile::after,left,left,,,No
4b40846e-aed8-4ea6-844e-c7d837f166a8,.o365cs-nav-appTile::after,right,right,,,No
4b40846e-aed8-4ea6-844e-c7d837f166a8,.o365cs-nav-appTile::after,bottom,bottom,,,No
4b40846e-aed8-4ea6-844e-c7d837f166a8,.o365cs-nav-appTile::after,opacity,opacity,,,No
4b40846e-aed8-4ea6-844e-c7d837f166a8,.o365cs-nav-appTile::after,z-index,z-index,,,No
4b40846e-aed8-4ea6-844e-c7d837f166a8,.o365cs-nav-appTile:hover::after,opacity,opacity,,,No
4b40846e-aed8-4ea6-844e-c7d837f166a8,.o365cs-nav-appTile:hover,transform,transform,,,No
4b40846e-aed8-4ea6-844e-c7d837f166a8,".o365cs-nav-appTile img, .o365cs-nav-appItem img",filter,filter,,,No
4b40846e-aed8-4ea6-844e-c7d837f166a8,.ms-compositeHeader-branding::after,margin-left,margin-left,,,No
4b40846e-aed8-4ea6-844e-c7d837f166a8,.ms-compositeHeader-branding::before,margin-right,margin-right,,,No
4b40846e-aed8-4ea6-844e-c7d837f166a8,"0%, 100%",opacity,opacity,,,No
4b40846e-aed8-4ea6-844e-c7d837f166a8,50%,opacity,opacity,,,No
4b40846e-aed8-4ea6-844e-c7d837f166a8,".ms-Button:hover, button.ms-Button--primary:hover",transform,transform,,,No
4b40846e-aed8-4ea6-844e-c7d837f166a8,.ms-Button:active,transform,transform,,,No
4b40846e-aed8-4ea6-844e-c7d837f166a8,#O365_MainLink_Me:hover,transform,transform,,,No
4b40846e-aed8-4ea6-844e-c7d837f166a8,".ms-Panel::before, .ms-Dialog::before",position,position,,,No
4b40846e-aed8-4ea6-844e-c7d837f166a8,".ms-Panel::before, .ms-Dialog::before",top,top,,,No
4b40846e-aed8-4ea6-844e-c7d837f166a8,".ms-Panel::before, .ms-Dialog::before",right,right,,,No
4b40846e-aed8-4ea6-844e-c7d837f166a8,img:not([src*='.svg']),filter,filter,,,No
4b40846e-aed8-4ea6-844e-c7d837f166a8,svg,"filter""",filter,,,No
20c47474-2544-4f0a-a866-1ae42aeb8a40,.ext-banner-logo,margin-left,margin-left,,,No
20c47474-2544-4f0a-a866-1ae42aeb8a40,.ext-banner-logo,margin-right,margin-right,,,No
b5dbcd72-a9c3-4b55-9e80-da4ae183b4c3,.submitButton,margin-left,margin-left,,,No
b5dbcd72-a9c3-4b55-9e80-da4ae183b4c3,.submitButton,margin-right,margin-right,,,No
